Time,Source User,Target User,Computer,Auth Type,Logon Type,Orientation,Status
2026-03-31T11:04:51.784Z,DESKTOP-C332RF6$,SYSTEM,DESKTOP-C332RF6,Negotiate,5,LogOn,Success
2026-03-31T11:08:48.388Z,DESKTOP-C332RF6$,SYSTEM,DESKTOP-C332RF6,Negotiate,5,LogOn,Success
2026-03-31T11:08:48.444Z,DESKTOP-C332RF6$,SYSTEM,DESKTOP-C332RF6,Negotiate,5,LogOn,Success
2026-03-25T20:13:20.605Z,DESKTOP-C332RF6$,SYSTEM,DESKTOP-C332RF6,Negotiate,5,LogOn,Success
2026-03-25T20:18:32.106Z,DESKTOP-C332RF6$,SYSTEM,DESKTOP-C332RF6,Negotiate,5,LogOn,Success
2026-03-25T20:19:47.821Z,DESKTOP-C332RF6$,SYSTEM,DESKTOP-C332RF6,Negotiate,5,LogOn,Success
2026-03-25T20:25:54.124Z,DESKTOP-C332RF6$,SYSTEM,DESKTOP-C332RF6,Negotiate,5,LogOn,Success
2026-03-25T20:25:57.207Z,DESKTOP-C332RF6$,SYSTEM,DESKTOP-C332RF6,Negotiate,5,LogOn,Success
2026-03-25T20:25:57.251Z,DESKTOP-C332RF6$,SYSTEM,DESKTOP-C332RF6,Negotiate,5,LogOn,Success
2026-03-25T20:25:57.279Z,DESKTOP-C332RF6$,SYSTEM,DESKTOP-C332RF6,Negotiate,5,LogOn,Success
2026-03-25T20:34:51.979Z,DESKTOP-C332RF6$,SYSTEM,DESKTOP-C332RF6,Negotiate,5,LogOn,Success
2026-03-25T20:34:52.106Z,DESKTOP-C332RF6$,SYSTEM,DESKTOP-C332RF6,Negotiate,5,LogOn,Success
2026-03-25T20:52:05.679Z,DESKTOP-C332RF6$,SYSTEM,DESKTOP-C332RF6,Negotiate,5,LogOn,Success
2026-03-25T20:52:14.585Z,DESKTOP-C332RF6$,SYSTEM,DESKTOP-C332RF6,Negotiate,5,LogOn,Success
2026-03-25T21:00:43.904Z,DESKTOP-C332RF6$,SYSTEM,DESKTOP-C332RF6,Negotiate,5,LogOn,Success
2026-03-25T21:06:45.347Z,DESKTOP-C332RF6$,SYSTEM,DESKTOP-C332RF6,Negotiate,5,LogOn,Success
2026-03-25T21:11:51.180Z,DESKTOP-C332RF6$,SYSTEM,DESKTOP-C332RF6,Negotiate,5,LogOn,Success
2026-03-25T21:15:31.787Z,DESKTOP-C332RF6$,SYSTEM,DESKTOP-C332RF6,Negotiate,5,LogOn,Success
2026-03-25T21:19:42.222Z,DESKTOP-C332RF6$,SYSTEM,DESKTOP-C332RF6,Negotiate,5,LogOn,Success
2026-03-25T21:24:03.938Z,DESKTOP-C332RF6$,SYSTEM,DESKTOP-C332RF6,Negotiate,5,LogOn,Success
2026-03-25T21:24:19.757Z,DESKTOP-C332RF6$,SYSTEM,DESKTOP-C332RF6,Negotiate,5,LogOn,Success
2026-03-25T21:24:49.459Z,DESKTOP-C332RF6$,SYSTEM,DESKTOP-C332RF6,Negotiate,5,LogOn,Success
2026-03-25T21:24:49.889Z,DESKTOP-C332RF6$,SYSTEM,DESKTOP-C332RF6,Negotiate,5,LogOn,Success
2026-03-25T21:24:49.889Z,DESKTOP-C332RF6$,SYSTEM,DESKTOP-C332RF6,Negotiate,5,LogOn,Success
2026-03-25T21:26:29.503Z,DESKTOP-C332RF6$,SYSTEM,DESKTOP-C332RF6,Negotiate,5,LogOn,Success
2026-03-25T21:33:27.815Z,DESKTOP-C332RF6$,SYSTEM,DESKTOP-C332RF6,Negotiate,5,LogOn,Success
2026-03-25T21:33:59.289Z,DESKTOP-C332RF6$,SYSTEM,DESKTOP-C332RF6,Negotiate,5,LogOn,Success
2026-03-25T21:35:17.714Z,DESKTOP-C332RF6$,SYSTEM,DESKTOP-C332RF6,Negotiate,5,LogOn,Success
2026-03-25T21:52:24.601Z,DESKTOP-C332RF6$,SYSTEM,DESKTOP-C332RF6,Negotiate,5,LogOn,Success
2026-03-25T21:52:24.680Z,DESKTOP-C332RF6$,SYSTEM,DESKTOP-C332RF6,Negotiate,5,LogOn,Success
2026-03-25T21:53:07.271Z,DESKTOP-C332RF6$,SYSTEM,DESKTOP-C332RF6,Negotiate,5,LogOn,Success
2026-03-25T21:54:19.732Z,DESKTOP-C332RF6$,SYSTEM,DESKTOP-C332RF6,Negotiate,5,LogOn,Success
2026-03-25T21:54:57.136Z,DESKTOP-C332RF6$,SYSTEM,DESKTOP-C332RF6,Negotiate,5,LogOn,Success
2026-03-25T22:00:43.634Z,DESKTOP-C332RF6$,SYSTEM,DESKTOP-C332RF6,Negotiate,5,LogOn,Success
2026-03-25T22:06:45.310Z,DESKTOP-C332RF6$,SYSTEM,DESKTOP-C332RF6,Negotiate,5,LogOn,Success
2026-03-25T22:10:53.653Z,DESKTOP-C332RF6$,SYSTEM,DESKTOP-C332RF6,Negotiate,5,LogOn,Success
2026-03-25T22:10:59.699Z,DESKTOP-C332RF6$,SYSTEM,DESKTOP-C332RF6,Negotiate,5,LogOn,Success
2026-03-25T22:11:08.904Z,DESKTOP-C332RF6$,SYSTEM,DESKTOP-C332RF6,Negotiate,5,LogOn,Success
2026-03-25T22:14:23.985Z,DESKTOP-C332RF6$,SYSTEM,DESKTOP-C332RF6,Negotiate,5,LogOn,Success
2026-03-25T22:16:25.099Z,DESKTOP-C332RF6$,SYSTEM,DESKTOP-C332RF6,Negotiate,5,LogOn,Success
2026-03-25T22:18:15.152Z,DESKTOP-C332RF6$,SYSTEM,DESKTOP-C332RF6,Negotiate,5,LogOn,Success
2026-03-25T22:18:15.353Z,DESKTOP-C332RF6$,SYSTEM,DESKTOP-C332RF6,Negotiate,5,LogOn,Success
2026-03-25T23:00:43.483Z,DESKTOP-C332RF6$,SYSTEM,DESKTOP-C332RF6,Negotiate,5,LogOn,Success
2026-03-25T23:06:45.454Z,DESKTOP-C332RF6$,SYSTEM,DESKTOP-C332RF6,Negotiate,5,LogOn,Success
2026-03-25T23:10:56.000Z,DESKTOP-C332RF6$,SYSTEM,DESKTOP-C332RF6,Negotiate,5,LogOn,Success
2026-03-25T23:19:42.571Z,DESKTOP-C332RF6$,SYSTEM,DESKTOP-C332RF6,Negotiate,5,LogOn,Success
2026-03-26T00:00:43.409Z,DESKTOP-C332RF6$,SYSTEM,DESKTOP-C332RF6,Negotiate,5,LogOn,Success
2026-03-26T00:06:45.357Z,DESKTOP-C332RF6$,SYSTEM,DESKTOP-C332RF6,Negotiate,5,LogOn,Success
2026-03-26T00:10:19.404Z,DESKTOP-C332RF6$,SYSTEM,DESKTOP-C332RF6,Negotiate,5,LogOn,Success
2026-03-26T00:10:48.690Z,DESKTOP-C332RF6$,SYSTEM,DESKTOP-C332RF6,Negotiate,5,LogOn,Success
2026-03-26T00:10:49.657Z,DESKTOP-C332RF6$,SYSTEM,DESKTOP-C332RF6,Negotiate,5,LogOn,Success
2026-03-26T00:13:03.958Z,DESKTOP-C332RF6$,SYSTEM,DESKTOP-C332RF6,Negotiate,5,LogOn,Success
2026-03-26T00:18:04.281Z,DESKTOP-C332RF6$,SYSTEM,DESKTOP-C332RF6,Negotiate,5,LogOn,Success
2026-03-26T00:18:05.115Z,DESKTOP-C332RF6$,SYSTEM,DESKTOP-C332RF6,Negotiate,5,LogOn,Success
2026-03-26T00:18:09.129Z,DESKTOP-C332RF6$,UMFD-66,DESKTOP-C332RF6,Negotiate,2,LogOn,Success
2026-03-26T00:18:09.165Z,DESKTOP-C332RF6$,DWM-66,DESKTOP-C332RF6,Negotiate,2,LogOn,Success
2026-03-26T00:18:09.165Z,DESKTOP-C332RF6$,DWM-66,DESKTOP-C332RF6,Negotiate,2,LogOn,Success
2026-03-26T00:18:09.261Z,DESKTOP-C332RF6$,SYSTEM,DESKTOP-C332RF6,Negotiate,5,LogOn,Success
2026-03-26T00:18:18.607Z,DESKTOP-C332RF6$,SYSTEM,DESKTOP-C332RF6,Negotiate,5,LogOn,Success
2026-03-26T00:18:18.994Z,,UMFD-65,DESKTOP-C332RF6,,2,LogOff,LogOff
2026-03-26T00:18:20.401Z,,DWM-65,DESKTOP-C332RF6,,2,LogOff,LogOff
2026-03-26T00:18:20.401Z,,DWM-65,DESKTOP-C332RF6,,2,LogOff,LogOff
2026-03-26T00:18:20.617Z,DESKTOP-C332RF6$,SYSTEM,DESKTOP-C332RF6,Negotiate,5,LogOn,Success
2026-03-26T09:51:06.625Z,DESKTOP-C332RF6$,SYSTEM,DESKTOP-C332RF6,Negotiate,5,LogOn,Success
2026-03-26T09:51:08.906Z,DESKTOP-C332RF6$,PC,DESKTOP-C332RF6,Negotiate,2,LogOn,Success
2026-03-26T09:51:08.906Z,DESKTOP-C332RF6$,PC,DESKTOP-C332RF6,Negotiate,2,LogOn,Success
2026-03-26T09:51:11.322Z,DESKTOP-C332RF6$,SYSTEM,DESKTOP-C332RF6,Negotiate,5,LogOn,Success
2026-03-26T09:51:18.892Z,DESKTOP-C332RF6$,SYSTEM,DESKTOP-C332RF6,Negotiate,5,LogOn,Success
2026-03-26T09:52:53.667Z,DESKTOP-C332RF6$,SYSTEM,DESKTOP-C332RF6,Negotiate,5,LogOn,Success
2026-03-26T09:54:07.514Z,DESKTOP-C332RF6$,SYSTEM,DESKTOP-C332RF6,Negotiate,5,LogOn,Success
2026-03-26T09:56:06.641Z,DESKTOP-C332RF6$,SYSTEM,DESKTOP-C332RF6,Negotiate,5,LogOn,Success
2026-03-26T09:57:06.268Z,DESKTOP-C332RF6$,SYSTEM,DESKTOP-C332RF6,Negotiate,5,LogOn,Success
2026-03-26T09:57:06.315Z,DESKTOP-C332RF6$,SYSTEM,DESKTOP-C332RF6,Negotiate,5,LogOn,Success
2026-03-26T09:58:49.884Z,DESKTOP-C332RF6$,SYSTEM,DESKTOP-C332RF6,Negotiate,5,LogOn,Success
2026-03-26T10:06:10.458Z,DESKTOP-C332RF6$,SYSTEM,DESKTOP-C332RF6,Negotiate,5,LogOn,Success
2026-03-26T10:06:12.995Z,DESKTOP-C332RF6$,SYSTEM,DESKTOP-C332RF6,Negotiate,5,LogOn,Success
2026-03-26T10:06:38.179Z,DESKTOP-C332RF6$,SYSTEM,DESKTOP-C332RF6,Negotiate,5,LogOn,Success
2026-03-26T10:10:57.955Z,DESKTOP-C332RF6$,SYSTEM,DESKTOP-C332RF6,Negotiate,5,LogOn,Success
2026-03-26T10:10:58.034Z,DESKTOP-C332RF6$,SYSTEM,DESKTOP-C332RF6,Negotiate,5,LogOn,Success
2026-03-26T10:10:59.015Z,DESKTOP-C332RF6$,SYSTEM,DESKTOP-C332RF6,Negotiate,5,LogOn,Success
2026-03-26T10:21:13.054Z,DESKTOP-C332RF6$,SYSTEM,DESKTOP-C332RF6,Negotiate,5,LogOn,Success
2026-03-26T10:21:19.229Z,DESKTOP-C332RF6$,SYSTEM,DESKTOP-C332RF6,Negotiate,5,LogOn,Success
2026-03-26T10:23:26.804Z,DESKTOP-C332RF6$,SYSTEM,DESKTOP-C332RF6,Negotiate,5,LogOn,Success
2026-03-26T10:26:19.275Z,DESKTOP-C332RF6$,SYSTEM,DESKTOP-C332RF6,Negotiate,5,LogOn,Success
2026-03-26T10:33:15.920Z,DESKTOP-C332RF6$,SYSTEM,DESKTOP-C332RF6,Negotiate,5,LogOn,Success
2026-03-26T10:36:20.643Z,DESKTOP-C332RF6$,SYSTEM,DESKTOP-C332RF6,Negotiate,5,LogOn,Success
2026-03-26T10:52:27.800Z,DESKTOP-C332RF6$,SYSTEM,DESKTOP-C332RF6,Negotiate,5,LogOn,Success
2026-03-26T10:52:47.112Z,DESKTOP-C332RF6$,SYSTEM,DESKTOP-C332RF6,Negotiate,5,LogOn,Success
2026-03-26T10:56:58.253Z,DESKTOP-C332RF6$,SYSTEM,DESKTOP-C332RF6,Negotiate,5,LogOn,Success
2026-03-26T11:08:24.889Z,DESKTOP-C332RF6$,SYSTEM,DESKTOP-C332RF6,Negotiate,5,LogOn,Success
2026-03-26T11:08:24.943Z,DESKTOP-C332RF6$,SYSTEM,DESKTOP-C332RF6,Negotiate,5,LogOn,Success
2026-03-26T11:09:29.534Z,DESKTOP-C332RF6$,SYSTEM,DESKTOP-C332RF6,Negotiate,5,LogOn,Success
2026-03-26T11:19:41.038Z,DESKTOP-C332RF6$,SYSTEM,DESKTOP-C332RF6,Negotiate,5,LogOn,Success
2026-03-26T11:21:02.170Z,DESKTOP-C332RF6$,SYSTEM,DESKTOP-C332RF6,Negotiate,5,LogOn,Success
2026-03-26T11:21:03.140Z,DESKTOP-C332RF6$,SYSTEM,DESKTOP-C332RF6,Negotiate,5,LogOn,Success
2026-03-26T11:21:15.929Z,DESKTOP-C332RF6$,SYSTEM,DESKTOP-C332RF6,Negotiate,5,LogOn,Success
2026-03-26T11:33:25.059Z,DESKTOP-C332RF6$,SYSTEM,DESKTOP-C332RF6,Negotiate,5,LogOn,Success
2026-03-26T11:33:44.518Z,DESKTOP-C332RF6$,SYSTEM,DESKTOP-C332RF6,Negotiate,5,LogOn,Success
2026-03-26T11:33:45.260Z,DESKTOP-C332RF6$,SYSTEM,DESKTOP-C332RF6,Negotiate,5,LogOn,Success
2026-03-26T11:33:46.245Z,DESKTOP-C332RF6$,SYSTEM,DESKTOP-C332RF6,Negotiate,5,LogOn,Success
2026-03-26T11:35:23.928Z,DESKTOP-C332RF6$,SYSTEM,DESKTOP-C332RF6,Negotiate,5,LogOn,Success
2026-03-26T11:35:35.775Z,DESKTOP-C332RF6$,SYSTEM,DESKTOP-C332RF6,Negotiate,5,LogOn,Success
2026-03-26T11:35:56.990Z,DESKTOP-C332RF6$,SYSTEM,DESKTOP-C332RF6,Negotiate,5,LogOn,Success
2026-03-26T11:35:57.971Z,DESKTOP-C332RF6$,SYSTEM,DESKTOP-C332RF6,Negotiate,5,LogOn,Success
2026-03-26T11:36:23.968Z,DESKTOP-C332RF6$,SYSTEM,DESKTOP-C332RF6,Negotiate,5,LogOn,Success
2026-03-26T11:51:10.267Z,DESKTOP-C332RF6$,SYSTEM,DESKTOP-C332RF6,Negotiate,5,LogOn,Success
2026-03-26T11:51:10.309Z,DESKTOP-C332RF6$,SYSTEM,DESKTOP-C332RF6,Negotiate,5,LogOn,Success
2026-03-26T11:51:13.846Z,DESKTOP-C332RF6$,SYSTEM,DESKTOP-C332RF6,Negotiate,5,LogOn,Success
2026-03-26T11:51:16.045Z,DESKTOP-C332RF6$,SYSTEM,DESKTOP-C332RF6,Negotiate,5,LogOn,Success
2026-03-26T11:51:24.036Z,DESKTOP-C332RF6$,SYSTEM,DESKTOP-C332RF6,Negotiate,5,LogOn,Success
2026-03-26T11:57:06.593Z,DESKTOP-C332RF6$,SYSTEM,DESKTOP-C332RF6,Negotiate,5,LogOn,Success
2026-03-26T12:01:16.422Z,DESKTOP-C332RF6$,SYSTEM,DESKTOP-C332RF6,Negotiate,5,LogOn,Success
2026-03-26T12:11:34.639Z,DESKTOP-C332RF6$,SYSTEM,DESKTOP-C332RF6,Negotiate,5,LogOn,Success
2026-03-26T12:15:31.090Z,DESKTOP-C332RF6$,SYSTEM,DESKTOP-C332RF6,Negotiate,5,LogOn,Success
2026-03-26T12:32:16.150Z,DESKTOP-C332RF6$,SYSTEM,DESKTOP-C332RF6,Negotiate,5,LogOn,Success
2026-03-26T12:32:23.044Z,DESKTOP-C332RF6$,SYSTEM,DESKTOP-C332RF6,Negotiate,5,LogOn,Success
2026-03-26T12:41:23.296Z,DESKTOP-C332RF6$,SYSTEM,DESKTOP-C332RF6,Negotiate,5,LogOn,Success
2026-03-26T12:41:26.060Z,DESKTOP-C332RF6$,SYSTEM,DESKTOP-C332RF6,Negotiate,5,LogOn,Success
2026-03-26T12:48:06.207Z,DESKTOP-C332RF6$,SYSTEM,DESKTOP-C332RF6,Negotiate,5,LogOn,Success
2026-03-26T12:48:06.575Z,DESKTOP-C332RF6$,SYSTEM,DESKTOP-C332RF6,Negotiate,5,LogOn,Success
2026-03-26T12:48:13.932Z,DESKTOP-C332RF6$,SYSTEM,DESKTOP-C332RF6,Negotiate,5,LogOn,Success
2026-03-26T12:48:14.405Z,DESKTOP-C332RF6$,SYSTEM,DESKTOP-C332RF6,Negotiate,5,LogOn,Success
2026-03-26T12:51:51.444Z,DESKTOP-C332RF6$,SYSTEM,DESKTOP-C332RF6,Negotiate,5,LogOn,Success
2026-03-26T12:54:17.874Z,DESKTOP-C332RF6$,SYSTEM,DESKTOP-C332RF6,Negotiate,5,LogOn,Success
2026-03-26T13:06:45.308Z,DESKTOP-C332RF6$,SYSTEM,DESKTOP-C332RF6,Negotiate,5,LogOn,Success
2026-03-26T13:07:50.540Z,DESKTOP-C332RF6$,SYSTEM,DESKTOP-C332RF6,Negotiate,5,LogOn,Success
2026-03-26T13:12:48.094Z,DESKTOP-C332RF6$,SYSTEM,DESKTOP-C332RF6,Negotiate,5,LogOn,Success
2026-03-26T13:17:42.149Z,DESKTOP-C332RF6$,SYSTEM,DESKTOP-C332RF6,Negotiate,5,LogOn,Success
2026-03-26T13:26:19.619Z,DESKTOP-C332RF6$,SYSTEM,DESKTOP-C332RF6,Negotiate,5,LogOn,Success
2026-03-26T13:26:25.577Z,DESKTOP-C332RF6$,SYSTEM,DESKTOP-C332RF6,Negotiate,5,LogOn,Success
2026-03-26T13:27:30.140Z,DESKTOP-C332RF6$,SYSTEM,DESKTOP-C332RF6,Negotiate,5,LogOn,Success
2026-03-26T13:33:35.734Z,DESKTOP-C332RF6$,SYSTEM,DESKTOP-C332RF6,Negotiate,5,LogOn,Success
2026-03-26T13:34:22.748Z,DESKTOP-C332RF6$,SYSTEM,DESKTOP-C332RF6,Negotiate,5,LogOn,Success
2026-03-26T13:37:24.883Z,DESKTOP-C332RF6$,SYSTEM,DESKTOP-C332RF6,Negotiate,5,LogOn,Success
2026-03-26T13:37:30.170Z,DESKTOP-C332RF6$,SYSTEM,DESKTOP-C332RF6,Negotiate,5,LogOn,Success
2026-03-26T13:49:25.128Z,DESKTOP-C332RF6$,SYSTEM,DESKTOP-C332RF6,Negotiate,5,LogOn,Success
2026-03-26T13:52:28.257Z,DESKTOP-C332RF6$,SYSTEM,DESKTOP-C332RF6,Negotiate,5,LogOn,Success
2026-03-26T14:05:12.896Z,DESKTOP-C332RF6$,SYSTEM,DESKTOP-C332RF6,Negotiate,5,LogOn,Success
2026-03-26T14:06:41.646Z,DESKTOP-C332RF6$,SYSTEM,DESKTOP-C332RF6,Negotiate,5,LogOn,Success
2026-03-26T14:07:45.793Z,DESKTOP-C332RF6$,SYSTEM,DESKTOP-C332RF6,Negotiate,5,LogOn,Success
2026-03-26T14:07:51.153Z,DESKTOP-C332RF6$,PC,DESKTOP-C332RF6,Negotiate,2,LogOn,Success
2026-03-26T14:07:51.153Z,DESKTOP-C332RF6$,PC,DESKTOP-C332RF6,Negotiate,2,LogOn,Success
2026-03-26T14:07:51.154Z,,PC,DESKTOP-C332RF6,,2,LogOff,LogOff
2026-03-26T14:07:51.154Z,,PC,DESKTOP-C332RF6,,2,LogOff,LogOff
2026-03-26T14:07:55.080Z,DESKTOP-C332RF6$,SYSTEM,DESKTOP-C332RF6,Negotiate,5,LogOn,Success
2026-03-26T14:08:06.661Z,DESKTOP-C332RF6$,SYSTEM,DESKTOP-C332RF6,Negotiate,5,LogOn,Success
2026-03-26T14:08:06.959Z,DESKTOP-C332RF6$,SYSTEM,DESKTOP-C332RF6,Negotiate,5,LogOn,Success
2026-03-26T14:08:08.200Z,DESKTOP-C332RF6$,SYSTEM,DESKTOP-C332RF6,Negotiate,5,LogOn,Success
2026-03-26T14:09:41.692Z,DESKTOP-C332RF6$,SYSTEM,DESKTOP-C332RF6,Negotiate,5,LogOn,Success
2026-03-26T14:10:53.348Z,DESKTOP-C332RF6$,SYSTEM,DESKTOP-C332RF6,Negotiate,5,LogOn,Success
2026-03-26T14:26:05.484Z,DESKTOP-C332RF6$,SYSTEM,DESKTOP-C332RF6,Negotiate,5,LogOn,Success
2026-03-26T14:28:57.136Z,DESKTOP-C332RF6$,SYSTEM,DESKTOP-C332RF6,Negotiate,5,LogOn,Success
2026-03-26T15:11:30.227Z,DESKTOP-C332RF6$,SYSTEM,DESKTOP-C332RF6,Negotiate,5,LogOn,Success
2026-03-26T15:11:36.849Z,DESKTOP-C332RF6$,SYSTEM,DESKTOP-C332RF6,Negotiate,5,LogOn,Success
2026-03-26T16:05:29.379Z,DESKTOP-C332RF6$,SYSTEM,DESKTOP-C332RF6,Negotiate,5,LogOn,Success
2026-03-26T16:05:55.193Z,DESKTOP-C332RF6$,PC,DESKTOP-C332RF6,Negotiate,2,LogOn,Success
2026-03-26T16:05:55.193Z,DESKTOP-C332RF6$,PC,DESKTOP-C332RF6,Negotiate,2,LogOn,Success
2026-03-26T16:05:55.194Z,,PC,DESKTOP-C332RF6,,2,LogOff,LogOff
2026-03-26T16:05:55.194Z,,PC,DESKTOP-C332RF6,,2,LogOff,LogOff
2026-03-26T16:07:14.786Z,DESKTOP-C332RF6$,SYSTEM,DESKTOP-C332RF6,Negotiate,5,LogOn,Success
2026-03-26T16:09:55.869Z,DESKTOP-C332RF6$,SYSTEM,DESKTOP-C332RF6,Negotiate,5,LogOn,Success
2026-03-26T16:15:28.212Z,DESKTOP-C332RF6$,SYSTEM,DESKTOP-C332RF6,Negotiate,5,LogOn,Success
2026-03-26T16:15:28.906Z,DESKTOP-C332RF6$,SYSTEM,DESKTOP-C332RF6,Negotiate,5,LogOn,Success
2026-03-26T16:22:36.104Z,DESKTOP-C332RF6$,SYSTEM,DESKTOP-C332RF6,Negotiate,5,LogOn,Success
2026-03-26T16:28:27.322Z,DESKTOP-C332RF6$,SYSTEM,DESKTOP-C332RF6,Negotiate,5,LogOn,Success
2026-03-26T16:31:35.594Z,DESKTOP-C332RF6$,SYSTEM,DESKTOP-C332RF6,Negotiate,5,LogOn,Success
2026-03-26T16:36:06.922Z,DESKTOP-C332RF6$,SYSTEM,DESKTOP-C332RF6,Negotiate,5,LogOn,Success
2026-03-26T16:36:32.855Z,DESKTOP-C332RF6$,SYSTEM,DESKTOP-C332RF6,Negotiate,5,LogOn,Success
2026-03-26T16:48:00.767Z,DESKTOP-C332RF6$,SYSTEM,DESKTOP-C332RF6,Negotiate,5,LogOn,Success
2026-03-26T16:48:01.421Z,DESKTOP-C332RF6$,SYSTEM,DESKTOP-C332RF6,Negotiate,5,LogOn,Success
2026-03-26T16:48:01.509Z,DESKTOP-C332RF6$,SYSTEM,DESKTOP-C332RF6,Negotiate,5,LogOn,Success
2026-03-26T16:48:02.486Z,DESKTOP-C332RF6$,SYSTEM,DESKTOP-C332RF6,Negotiate,5,LogOn,Success
2026-03-26T16:48:20.251Z,DESKTOP-C332RF6$,SYSTEM,DESKTOP-C332RF6,Negotiate,5,LogOn,Success
2026-03-26T16:48:22.376Z,DESKTOP-C332RF6$,SYSTEM,DESKTOP-C332RF6,Negotiate,5,LogOn,Success
2026-03-26T16:51:32.970Z,DESKTOP-C332RF6$,SYSTEM,DESKTOP-C332RF6,Negotiate,5,LogOn,Success
2026-03-26T16:54:09.060Z,DESKTOP-C332RF6$,SYSTEM,DESKTOP-C332RF6,Negotiate,5,LogOn,Success
2026-03-26T16:54:09.138Z,DESKTOP-C332RF6$,F2198F72-C3E7-47CB-B4EE-F445483AC7D0,DESKTOP-C332RF6,Negotiate,5,LogOn,Success
2026-03-26T16:54:10.272Z,DESKTOP-C332RF6$,SYSTEM,DESKTOP-C332RF6,Negotiate,5,LogOn,Success
2026-03-26T16:54:10.304Z,DESKTOP-C332RF6$,SYSTEM,DESKTOP-C332RF6,Negotiate,5,LogOn,Success
2026-03-26T16:56:31.967Z,DESKTOP-C332RF6$,SYSTEM,DESKTOP-C332RF6,Negotiate,5,LogOn,Success
2026-03-26T16:58:09.184Z,DESKTOP-C332RF6$,SYSTEM,DESKTOP-C332RF6,Negotiate,5,LogOn,Success
2026-03-26T16:58:09.402Z,DESKTOP-C332RF6$,SYSTEM,DESKTOP-C332RF6,Negotiate,5,LogOn,Success
2026-03-26T17:03:26.979Z,DESKTOP-C332RF6$,SYSTEM,DESKTOP-C332RF6,Negotiate,5,LogOn,Success
2026-03-26T17:06:33.032Z,DESKTOP-C332RF6$,SYSTEM,DESKTOP-C332RF6,Negotiate,5,LogOn,Success
2026-03-26T17:25:17.143Z,DESKTOP-C332RF6$,SYSTEM,DESKTOP-C332RF6,Negotiate,5,LogOn,Success
2026-03-26T17:25:17.206Z,DESKTOP-C332RF6$,SYSTEM,DESKTOP-C332RF6,Negotiate,5,LogOn,Success
2026-03-26T17:25:17.739Z,DESKTOP-C332RF6$,SYSTEM,DESKTOP-C332RF6,Negotiate,5,LogOn,Success
2026-03-26T17:27:52.081Z,DESKTOP-C332RF6$,SYSTEM,DESKTOP-C332RF6,Negotiate,5,LogOn,Success
2026-03-26T17:28:12.605Z,DESKTOP-C332RF6$,SYSTEM,DESKTOP-C332RF6,Negotiate,5,LogOn,Success
2026-03-26T17:28:13.586Z,DESKTOP-C332RF6$,SYSTEM,DESKTOP-C332RF6,Negotiate,5,LogOn,Success
2026-03-26T17:33:17.291Z,DESKTOP-C332RF6$,SYSTEM,DESKTOP-C332RF6,Negotiate,5,LogOn,Success
2026-03-26T17:33:27.160Z,DESKTOP-C332RF6$,SYSTEM,DESKTOP-C332RF6,Negotiate,5,LogOn,Success
2026-03-26T17:51:15.094Z,DESKTOP-C332RF6$,SYSTEM,DESKTOP-C332RF6,Negotiate,5,LogOn,Success
2026-03-26T17:51:21.586Z,DESKTOP-C332RF6$,SYSTEM,DESKTOP-C332RF6,Negotiate,5,LogOn,Success
2026-03-26T17:51:38.027Z,DESKTOP-C332RF6$,SYSTEM,DESKTOP-C332RF6,Negotiate,5,LogOn,Success
2026-03-26T17:51:38.684Z,DESKTOP-C332RF6$,SYSTEM,DESKTOP-C332RF6,Negotiate,5,LogOn,Success
2026-03-26T17:51:39.249Z,DESKTOP-C332RF6$,SYSTEM,DESKTOP-C332RF6,Negotiate,5,LogOn,Success
2026-03-26T17:51:42.392Z,DESKTOP-C332RF6$,SYSTEM,DESKTOP-C332RF6,Negotiate,5,LogOn,Success
2026-03-26T17:51:42.559Z,DESKTOP-C332RF6$,SYSTEM,DESKTOP-C332RF6,Negotiate,5,LogOn,Success
2026-03-26T17:51:46.197Z,DESKTOP-C332RF6$,SYSTEM,DESKTOP-C332RF6,Negotiate,5,LogOn,Success
2026-03-26T17:51:50.310Z,DESKTOP-C332RF6$,SYSTEM,DESKTOP-C332RF6,Negotiate,5,LogOn,Success
2026-03-26T17:52:05.935Z,DESKTOP-C332RF6$,SYSTEM,DESKTOP-C332RF6,Negotiate,5,LogOn,Success
2026-03-26T18:00:46.311Z,DESKTOP-C332RF6$,SYSTEM,DESKTOP-C332RF6,Negotiate,5,LogOn,Success
2026-03-26T18:08:17.344Z,DESKTOP-C332RF6$,SYSTEM,DESKTOP-C332RF6,Negotiate,5,LogOn,Success
2026-03-26T18:08:17.455Z,DESKTOP-C332RF6$,SYSTEM,DESKTOP-C332RF6,Negotiate,5,LogOn,Success
2026-03-26T18:08:17.935Z,DESKTOP-C332RF6$,SYSTEM,DESKTOP-C332RF6,Negotiate,5,LogOn,Success
2026-03-26T18:08:18.902Z,DESKTOP-C332RF6$,SYSTEM,DESKTOP-C332RF6,Negotiate,5,LogOn,Success
2026-03-26T18:08:18.949Z,DESKTOP-C332RF6$,SYSTEM,DESKTOP-C332RF6,Negotiate,5,LogOn,Success
2026-03-26T18:08:19.241Z,DESKTOP-C332RF6$,SYSTEM,DESKTOP-C332RF6,Negotiate,5,LogOn,Success
2026-03-26T18:08:21.927Z,DESKTOP-C332RF6$,SYSTEM,DESKTOP-C332RF6,Negotiate,5,LogOn,Success
2026-03-26T18:08:23.241Z,DESKTOP-C332RF6$,SYSTEM,DESKTOP-C332RF6,Negotiate,5,LogOn,Success
2026-03-26T18:23:29.311Z,DESKTOP-C332RF6$,SYSTEM,DESKTOP-C332RF6,Negotiate,5,LogOn,Success
2026-03-26T18:28:27.633Z,DESKTOP-C332RF6$,SYSTEM,DESKTOP-C332RF6,Negotiate,5,LogOn,Success
2026-03-26T18:33:30.158Z,DESKTOP-C332RF6$,SYSTEM,DESKTOP-C332RF6,Negotiate,5,LogOn,Success
2026-03-26T18:50:14.745Z,DESKTOP-C332RF6$,SYSTEM,DESKTOP-C332RF6,Negotiate,5,LogOn,Success
2026-03-26T18:50:14.788Z,DESKTOP-C332RF6$,SYSTEM,DESKTOP-C332RF6,Negotiate,5,LogOn,Success
2026-03-26T18:50:15.263Z,DESKTOP-C332RF6$,SYSTEM,DESKTOP-C332RF6,Negotiate,5,LogOn,Success
2026-03-26T18:50:16.237Z,DESKTOP-C332RF6$,SYSTEM,DESKTOP-C332RF6,Negotiate,5,LogOn,Success
2026-03-26T18:50:38.990Z,DESKTOP-C332RF6$,SYSTEM,DESKTOP-C332RF6,Negotiate,5,LogOn,Success
2026-03-26T18:50:58.401Z,DESKTOP-C332RF6$,SYSTEM,DESKTOP-C332RF6,Negotiate,5,LogOn,Success
2026-03-26T18:50:58.458Z,DESKTOP-C332RF6$,SYSTEM,DESKTOP-C332RF6,Negotiate,5,LogOn,Success
2026-03-26T19:08:22.654Z,DESKTOP-C332RF6$,SYSTEM,DESKTOP-C332RF6,Negotiate,5,LogOn,Success
2026-03-26T19:08:23.102Z,DESKTOP-C332RF6$,SYSTEM,DESKTOP-C332RF6,Negotiate,5,LogOn,Success
2026-03-26T19:08:23.261Z,DESKTOP-C332RF6$,SYSTEM,DESKTOP-C332RF6,Negotiate,5,LogOn,Success
2026-03-26T19:08:24.225Z,DESKTOP-C332RF6$,SYSTEM,DESKTOP-C332RF6,Negotiate,5,LogOn,Success
2026-03-26T19:08:26.328Z,DESKTOP-C332RF6$,PC,DESKTOP-C332RF6,Negotiate,2,LogOn,Success
2026-03-26T19:08:26.328Z,DESKTOP-C332RF6$,PC,DESKTOP-C332RF6,Negotiate,2,LogOn,Success
2026-03-26T19:08:26.329Z,,PC,DESKTOP-C332RF6,,2,LogOff,LogOff
2026-03-26T19:08:26.329Z,,PC,DESKTOP-C332RF6,,2,LogOff,LogOff
2026-03-26T19:08:40.807Z,DESKTOP-C332RF6$,SYSTEM,DESKTOP-C332RF6,Negotiate,5,LogOn,Success
2026-03-26T19:14:40.881Z,DESKTOP-C332RF6$,SYSTEM,DESKTOP-C332RF6,Negotiate,5,LogOn,Success
2026-03-26T19:21:45.053Z,DESKTOP-C332RF6$,SYSTEM,DESKTOP-C332RF6,Negotiate,5,LogOn,Success
2026-03-26T19:24:42.241Z,DESKTOP-C332RF6$,SYSTEM,DESKTOP-C332RF6,Negotiate,5,LogOn,Success
2026-03-26T19:25:23.053Z,DESKTOP-C332RF6$,SYSTEM,DESKTOP-C332RF6,Negotiate,5,LogOn,Success
2026-03-26T19:25:23.101Z,DESKTOP-C332RF6$,SYSTEM,DESKTOP-C332RF6,Negotiate,5,LogOn,Success
2026-03-26T19:29:35.794Z,DESKTOP-C332RF6$,SYSTEM,DESKTOP-C332RF6,Negotiate,5,LogOn,Success
2026-03-26T19:36:24.369Z,DESKTOP-C332RF6$,SYSTEM,DESKTOP-C332RF6,Negotiate,5,LogOn,Success
2026-03-26T19:36:27.909Z,DESKTOP-C332RF6$,SYSTEM,DESKTOP-C332RF6,Negotiate,5,LogOn,Success
2026-03-26T19:37:45.902Z,DESKTOP-C332RF6$,SYSTEM,DESKTOP-C332RF6,Negotiate,5,LogOn,Success
2026-03-26T19:50:24.903Z,DESKTOP-C332RF6$,SYSTEM,DESKTOP-C332RF6,Negotiate,5,LogOn,Success
2026-03-26T20:00:43.291Z,DESKTOP-C332RF6$,SYSTEM,DESKTOP-C332RF6,Negotiate,5,LogOn,Success
2026-03-26T20:04:28.573Z,DESKTOP-C332RF6$,SYSTEM,DESKTOP-C332RF6,Negotiate,5,LogOn,Success
2026-03-26T20:08:31.895Z,DESKTOP-C332RF6$,SYSTEM,DESKTOP-C332RF6,Negotiate,5,LogOn,Success
2026-03-26T20:19:24.901Z,DESKTOP-C332RF6$,SYSTEM,DESKTOP-C332RF6,Negotiate,5,LogOn,Success
2026-03-26T20:28:29.886Z,DESKTOP-C332RF6$,SYSTEM,DESKTOP-C332RF6,Negotiate,5,LogOn,Success
2026-03-26T20:37:47.091Z,DESKTOP-C332RF6$,SYSTEM,DESKTOP-C332RF6,Negotiate,5,LogOn,Success
2026-03-26T20:38:42.835Z,DESKTOP-C332RF6$,SYSTEM,DESKTOP-C332RF6,Negotiate,5,LogOn,Success
2026-03-26T20:38:46.281Z,DESKTOP-C332RF6$,SYSTEM,DESKTOP-C332RF6,Negotiate,5,LogOn,Success
2026-03-26T20:38:58.362Z,DESKTOP-C332RF6$,SYSTEM,DESKTOP-C332RF6,Negotiate,5,LogOn,Success
2026-03-26T20:43:19.076Z,DESKTOP-C332RF6$,SYSTEM,DESKTOP-C332RF6,Negotiate,5,LogOn,Success
2026-03-26T20:44:13.943Z,DESKTOP-C332RF6$,SYSTEM,DESKTOP-C332RF6,Negotiate,5,LogOn,Success
2026-03-26T20:48:28.063Z,DESKTOP-C332RF6$,SYSTEM,DESKTOP-C332RF6,Negotiate,5,LogOn,Success
2026-03-26T21:00:43.294Z,DESKTOP-C332RF6$,SYSTEM,DESKTOP-C332RF6,Negotiate,5,LogOn,Success
2026-03-26T21:06:33.822Z,DESKTOP-C332RF6$,SYSTEM,DESKTOP-C332RF6,Negotiate,5,LogOn,Success
2026-03-26T21:06:35.222Z,DESKTOP-C332RF6$,SYSTEM,DESKTOP-C332RF6,Negotiate,5,LogOn,Success
2026-03-26T21:08:08.181Z,DESKTOP-C332RF6$,SYSTEM,DESKTOP-C332RF6,Negotiate,5,LogOn,Success
2026-03-26T21:08:12.399Z,DESKTOP-C332RF6$,SYSTEM,DESKTOP-C332RF6,Negotiate,5,LogOn,Success
2026-03-26T21:21:41.438Z,DESKTOP-C332RF6$,SYSTEM,DESKTOP-C332RF6,Negotiate,5,LogOn,Success
2026-03-26T21:21:45.142Z,DESKTOP-C332RF6$,SYSTEM,DESKTOP-C332RF6,Negotiate,5,LogOn,Success
2026-03-26T21:23:12.901Z,DESKTOP-C332RF6$,SYSTEM,DESKTOP-C332RF6,Negotiate,5,LogOn,Success
2026-03-26T21:24:28.031Z,DESKTOP-C332RF6$,SYSTEM,DESKTOP-C332RF6,Negotiate,5,LogOn,Success
2026-03-26T21:37:50.542Z,DESKTOP-C332RF6$,SYSTEM,DESKTOP-C332RF6,Negotiate,5,LogOn,Success
2026-03-26T21:51:38.423Z,DESKTOP-C332RF6$,SYSTEM,DESKTOP-C332RF6,Negotiate,5,LogOn,Success
2026-03-26T21:51:41.363Z,DESKTOP-C332RF6$,SYSTEM,DESKTOP-C332RF6,Negotiate,5,LogOn,Success
2026-03-26T22:06:45.315Z,DESKTOP-C332RF6$,SYSTEM,DESKTOP-C332RF6,Negotiate,5,LogOn,Success
2026-03-26T22:21:36.845Z,DESKTOP-C332RF6$,SYSTEM,DESKTOP-C332RF6,Negotiate,5,LogOn,Success
2026-03-26T22:21:38.276Z,DESKTOP-C332RF6$,SYSTEM,DESKTOP-C332RF6,Negotiate,5,LogOn,Success
2026-03-26T22:24:43.028Z,DESKTOP-C332RF6$,SYSTEM,DESKTOP-C332RF6,Negotiate,5,LogOn,Success
2026-03-26T22:27:14.422Z,DESKTOP-C332RF6$,SYSTEM,DESKTOP-C332RF6,Negotiate,5,LogOn,Success
2026-03-26T22:51:36.702Z,DESKTOP-C332RF6$,SYSTEM,DESKTOP-C332RF6,Negotiate,5,LogOn,Success
2026-03-26T22:51:40.172Z,DESKTOP-C332RF6$,SYSTEM,DESKTOP-C332RF6,Negotiate,5,LogOn,Success
2026-03-26T22:55:37.063Z,DESKTOP-C332RF6$,SYSTEM,DESKTOP-C332RF6,Negotiate,5,LogOn,Success
2026-03-26T23:06:45.747Z,DESKTOP-C332RF6$,SYSTEM,DESKTOP-C332RF6,Negotiate,5,LogOn,Success
2026-03-26T23:11:59.538Z,DESKTOP-C332RF6$,SYSTEM,DESKTOP-C332RF6,Negotiate,5,LogOn,Success
2026-03-26T23:20:15.246Z,DESKTOP-C332RF6$,SYSTEM,DESKTOP-C332RF6,Negotiate,5,LogOn,Success
2026-03-26T23:21:35.302Z,DESKTOP-C332RF6$,SYSTEM,DESKTOP-C332RF6,Negotiate,5,LogOn,Success
2026-03-26T23:21:36.745Z,DESKTOP-C332RF6$,SYSTEM,DESKTOP-C332RF6,Negotiate,5,LogOn,Success
2026-03-26T23:28:31.825Z,DESKTOP-C332RF6$,SYSTEM,DESKTOP-C332RF6,Negotiate,5,LogOn,Success
2026-03-26T23:28:45.401Z,DESKTOP-C332RF6$,SYSTEM,DESKTOP-C332RF6,Negotiate,5,LogOn,Success
2026-03-26T23:36:35.439Z,DESKTOP-C332RF6$,SYSTEM,DESKTOP-C332RF6,Negotiate,5,LogOn,Success
2026-03-26T23:36:38.302Z,DESKTOP-C332RF6$,SYSTEM,DESKTOP-C332RF6,Negotiate,5,LogOn,Success
2026-03-26T23:51:35.531Z,DESKTOP-C332RF6$,SYSTEM,DESKTOP-C332RF6,Negotiate,5,LogOn,Success
2026-03-26T23:51:38.358Z,DESKTOP-C332RF6$,SYSTEM,DESKTOP-C332RF6,Negotiate,5,LogOn,Success
2026-03-26T23:52:51.352Z,DESKTOP-C332RF6$,SYSTEM,DESKTOP-C332RF6,Negotiate,5,LogOn,Success
2026-03-26T23:59:56.795Z,DESKTOP-C332RF6$,SYSTEM,DESKTOP-C332RF6,Negotiate,5,LogOn,Success
2026-03-26T23:59:59.957Z,DESKTOP-C332RF6$,SYSTEM,DESKTOP-C332RF6,Negotiate,5,LogOn,Success
2026-03-27T00:06:47.813Z,DESKTOP-C332RF6$,SYSTEM,DESKTOP-C332RF6,Negotiate,5,LogOn,Success
2026-03-27T00:15:14.917Z,DESKTOP-C332RF6$,SYSTEM,DESKTOP-C332RF6,Negotiate,5,LogOn,Success
2026-03-27T00:20:37.457Z,DESKTOP-C332RF6$,SYSTEM,DESKTOP-C332RF6,Negotiate,5,LogOn,Success
2026-03-27T00:20:37.457Z,DESKTOP-C332RF6$,SYSTEM,DESKTOP-C332RF6,Negotiate,5,LogOn,Success
2026-03-27T00:21:04.197Z,DESKTOP-C332RF6$,SYSTEM,DESKTOP-C332RF6,Negotiate,5,LogOn,Success
2026-03-27T00:21:36.300Z,DESKTOP-C332RF6$,SYSTEM,DESKTOP-C332RF6,Negotiate,5,LogOn,Success
2026-03-27T00:24:16.653Z,DESKTOP-C332RF6$,SYSTEM,DESKTOP-C332RF6,Negotiate,5,LogOn,Success
2026-03-27T00:24:23.279Z,DESKTOP-C332RF6$,UMFD-67,DESKTOP-C332RF6,Negotiate,2,LogOn,Success
2026-03-27T00:24:23.332Z,DESKTOP-C332RF6$,DWM-67,DESKTOP-C332RF6,Negotiate,2,LogOn,Success
2026-03-27T00:24:23.332Z,DESKTOP-C332RF6$,DWM-67,DESKTOP-C332RF6,Negotiate,2,LogOn,Success
2026-03-27T00:24:23.389Z,DESKTOP-C332RF6$,SYSTEM,DESKTOP-C332RF6,Negotiate,5,LogOn,Success
2026-03-27T00:24:23.708Z,DESKTOP-C332RF6$,SYSTEM,DESKTOP-C332RF6,Negotiate,5,LogOn,Success
2026-03-27T00:24:32.656Z,DESKTOP-C332RF6$,SYSTEM,DESKTOP-C332RF6,Negotiate,5,LogOn,Success
2026-03-27T00:24:33.090Z,,UMFD-66,DESKTOP-C332RF6,,2,LogOff,LogOff
2026-03-27T00:24:34.394Z,DESKTOP-C332RF6$,SYSTEM,DESKTOP-C332RF6,Negotiate,5,LogOn,Success
2026-03-27T10:53:47.547Z,,DWM-66,DESKTOP-C332RF6,,2,LogOff,LogOff
2026-03-27T10:53:47.547Z,,DWM-66,DESKTOP-C332RF6,,2,LogOff,LogOff
2026-03-27T10:53:49.903Z,DESKTOP-C332RF6$,PC,DESKTOP-C332RF6,Negotiate,2,LogOn,Success
2026-03-27T10:53:49.903Z,DESKTOP-C332RF6$,PC,DESKTOP-C332RF6,Negotiate,2,LogOn,Success
2026-03-27T10:53:50.791Z,DESKTOP-C332RF6$,SYSTEM,DESKTOP-C332RF6,Negotiate,5,LogOn,Success
2026-03-27T10:53:52.581Z,DESKTOP-C332RF6$,SYSTEM,DESKTOP-C332RF6,Negotiate,5,LogOn,Success
2026-03-27T10:53:59.631Z,DESKTOP-C332RF6$,SYSTEM,DESKTOP-C332RF6,Negotiate,5,LogOn,Success
2026-03-27T10:58:09.032Z,DESKTOP-C332RF6$,SYSTEM,DESKTOP-C332RF6,Negotiate,5,LogOn,Success
2026-03-27T10:59:47.285Z,DESKTOP-C332RF6$,SYSTEM,DESKTOP-C332RF6,Negotiate,5,LogOn,Success
2026-03-27T10:59:47.333Z,DESKTOP-C332RF6$,SYSTEM,DESKTOP-C332RF6,Negotiate,5,LogOn,Success
2026-03-27T11:00:55.194Z,DESKTOP-C332RF6$,SYSTEM,DESKTOP-C332RF6,Negotiate,5,LogOn,Success
2026-03-27T11:05:40.634Z,DESKTOP-C332RF6$,SYSTEM,DESKTOP-C332RF6,Negotiate,5,LogOn,Success
2026-03-27T11:08:27.067Z,DESKTOP-C332RF6$,SYSTEM,DESKTOP-C332RF6,Negotiate,5,LogOn,Success
2026-03-27T11:08:27.133Z,DESKTOP-C332RF6$,SYSTEM,DESKTOP-C332RF6,Negotiate,5,LogOn,Success
2026-03-27T11:08:51.110Z,DESKTOP-C332RF6$,SYSTEM,DESKTOP-C332RF6,Negotiate,5,LogOn,Success
2026-03-27T11:08:54.302Z,DESKTOP-C332RF6$,SYSTEM,DESKTOP-C332RF6,Negotiate,5,LogOn,Success
2026-03-27T11:09:17.137Z,DESKTOP-C332RF6$,SYSTEM,DESKTOP-C332RF6,Negotiate,5,LogOn,Success
2026-03-27T11:23:42.865Z,DESKTOP-C332RF6$,SYSTEM,DESKTOP-C332RF6,Negotiate,5,LogOn,Success
2026-03-27T11:23:54.369Z,DESKTOP-C332RF6$,SYSTEM,DESKTOP-C332RF6,Negotiate,5,LogOn,Success
2026-03-27T11:24:55.486Z,DESKTOP-C332RF6$,SYSTEM,DESKTOP-C332RF6,Negotiate,5,LogOn,Success
2026-03-27T11:28:54.121Z,DESKTOP-C332RF6$,SYSTEM,DESKTOP-C332RF6,Negotiate,5,LogOn,Success
2026-03-27T11:41:43.877Z,DESKTOP-C332RF6$,SYSTEM,DESKTOP-C332RF6,Negotiate,5,LogOn,Success
2026-03-27T11:41:45.507Z,DESKTOP-C332RF6$,SYSTEM,DESKTOP-C332RF6,Negotiate,5,LogOn,Success
2026-03-27T11:47:05.644Z,DESKTOP-C332RF6$,SYSTEM,DESKTOP-C332RF6,Negotiate,5,LogOn,Success
2026-03-27T12:05:03.545Z,DESKTOP-C332RF6$,SYSTEM,DESKTOP-C332RF6,Negotiate,5,LogOn,Success
2026-03-27T12:05:04.952Z,DESKTOP-C332RF6$,SYSTEM,DESKTOP-C332RF6,Negotiate,5,LogOn,Success
2026-03-27T12:05:05.898Z,DESKTOP-C332RF6$,SYSTEM,DESKTOP-C332RF6,Negotiate,5,LogOn,Success
2026-03-27T12:05:06.144Z,DESKTOP-C332RF6$,SYSTEM,DESKTOP-C332RF6,Negotiate,5,LogOn,Success
2026-03-27T12:05:06.244Z,DESKTOP-C332RF6$,SYSTEM,DESKTOP-C332RF6,Negotiate,5,LogOn,Success
2026-03-27T12:47:19.081Z,DESKTOP-C332RF6$,SYSTEM,DESKTOP-C332RF6,Negotiate,5,LogOn,Success
2026-03-27T12:47:19.160Z,DESKTOP-C332RF6$,SYSTEM,DESKTOP-C332RF6,Negotiate,5,LogOn,Success
2026-03-27T12:53:50.182Z,DESKTOP-C332RF6$,SYSTEM,DESKTOP-C332RF6,Negotiate,5,LogOn,Success
2026-03-27T12:53:50.222Z,DESKTOP-C332RF6$,SYSTEM,DESKTOP-C332RF6,Negotiate,5,LogOn,Success
2026-03-27T12:53:53.689Z,DESKTOP-C332RF6$,SYSTEM,DESKTOP-C332RF6,Negotiate,5,LogOn,Success
2026-03-27T12:53:54.331Z,DESKTOP-C332RF6$,SYSTEM,DESKTOP-C332RF6,Negotiate,5,LogOn,Success
2026-03-27T12:53:54.792Z,DESKTOP-C332RF6$,SYSTEM,DESKTOP-C332RF6,Negotiate,5,LogOn,Success
2026-03-27T12:53:55.408Z,DESKTOP-C332RF6$,SYSTEM,DESKTOP-C332RF6,Negotiate,5,LogOn,Success
2026-03-27T13:02:29.126Z,DESKTOP-C332RF6$,SYSTEM,DESKTOP-C332RF6,Negotiate,5,LogOn,Success
2026-03-27T13:06:30.199Z,DESKTOP-C332RF6$,SYSTEM,DESKTOP-C332RF6,Negotiate,5,LogOn,Success
2026-03-27T13:06:30.965Z,DESKTOP-C332RF6$,SYSTEM,DESKTOP-C332RF6,Negotiate,5,LogOn,Success
2026-03-27T13:28:43.244Z,DESKTOP-C332RF6$,SYSTEM,DESKTOP-C332RF6,Negotiate,5,LogOn,Success
2026-03-27T13:28:43.291Z,DESKTOP-C332RF6$,SYSTEM,DESKTOP-C332RF6,Negotiate,5,LogOn,Success
2026-03-27T13:29:14.211Z,DESKTOP-C332RF6$,SYSTEM,DESKTOP-C332RF6,Negotiate,5,LogOn,Success
2026-03-27T13:29:14.352Z,DESKTOP-C332RF6$,SYSTEM,DESKTOP-C332RF6,Negotiate,5,LogOn,Success
2026-03-27T13:57:42.463Z,DESKTOP-C332RF6$,SYSTEM,DESKTOP-C332RF6,Negotiate,5,LogOn,Success
2026-03-27T14:02:33.056Z,DESKTOP-C332RF6$,SYSTEM,DESKTOP-C332RF6,Negotiate,5,LogOn,Success
2026-03-27T14:05:26.082Z,DESKTOP-C332RF6$,SYSTEM,DESKTOP-C332RF6,Negotiate,5,LogOn,Success
2026-03-27T14:17:59.289Z,DESKTOP-C332RF6$,SYSTEM,DESKTOP-C332RF6,Negotiate,5,LogOn,Success
2026-03-27T14:19:48.309Z,DESKTOP-C332RF6$,SYSTEM,DESKTOP-C332RF6,Negotiate,5,LogOn,Success
2026-03-27T14:19:48.382Z,DESKTOP-C332RF6$,SYSTEM,DESKTOP-C332RF6,Negotiate,5,LogOn,Success
2026-03-27T14:19:49.361Z,DESKTOP-C332RF6$,SYSTEM,DESKTOP-C332RF6,Negotiate,5,LogOn,Success
2026-03-27T14:19:58.825Z,DESKTOP-C332RF6$,SYSTEM,DESKTOP-C332RF6,Negotiate,5,LogOn,Success
2026-03-27T14:20:12.609Z,DESKTOP-C332RF6$,SYSTEM,DESKTOP-C332RF6,Negotiate,5,LogOn,Success
2026-03-27T14:20:12.670Z,DESKTOP-C332RF6$,SYSTEM,DESKTOP-C332RF6,Negotiate,5,LogOn,Success
2026-03-27T14:22:41.279Z,DESKTOP-C332RF6$,SYSTEM,DESKTOP-C332RF6,Negotiate,5,LogOn,Success
2026-03-27T14:35:12.890Z,DESKTOP-C332RF6$,SYSTEM,DESKTOP-C332RF6,Negotiate,5,LogOn,Success
2026-03-27T14:35:13.032Z,DESKTOP-C332RF6$,SYSTEM,DESKTOP-C332RF6,Negotiate,5,LogOn,Success
2026-03-27T14:37:14.368Z,DESKTOP-C332RF6$,SYSTEM,DESKTOP-C332RF6,Negotiate,5,LogOn,Success
2026-03-27T14:53:36.208Z,DESKTOP-C332RF6$,SYSTEM,DESKTOP-C332RF6,Negotiate,5,LogOn,Success
2026-03-27T14:55:43.160Z,DESKTOP-C332RF6$,SYSTEM,DESKTOP-C332RF6,Negotiate,5,LogOn,Success
2026-03-27T14:55:43.260Z,DESKTOP-C332RF6$,SYSTEM,DESKTOP-C332RF6,Negotiate,5,LogOn,Success
2026-03-27T14:55:45.494Z,DESKTOP-C332RF6$,UMFD-68,DESKTOP-C332RF6,Negotiate,2,LogOn,Success
2026-03-27T14:55:45.533Z,DESKTOP-C332RF6$,DWM-68,DESKTOP-C332RF6,Negotiate,2,LogOn,Success
2026-03-27T14:55:45.533Z,DESKTOP-C332RF6$,DWM-68,DESKTOP-C332RF6,Negotiate,2,LogOn,Success
2026-03-27T14:55:45.538Z,DESKTOP-C332RF6$,SYSTEM,DESKTOP-C332RF6,Negotiate,5,LogOn,Success
2026-03-27T14:55:45.608Z,DESKTOP-C332RF6$,SYSTEM,DESKTOP-C332RF6,Negotiate,5,LogOn,Success
2026-03-27T14:55:54.750Z,DESKTOP-C332RF6$,SYSTEM,DESKTOP-C332RF6,Negotiate,5,LogOn,Success
2026-03-27T14:55:54.941Z,,UMFD-67,DESKTOP-C332RF6,,2,LogOff,LogOff
2026-03-27T14:55:56.085Z,DESKTOP-C332RF6$,SYSTEM,DESKTOP-C332RF6,Negotiate,5,LogOn,Success
2026-03-27T14:55:56.182Z,DESKTOP-C332RF6$,SYSTEM,DESKTOP-C332RF6,Negotiate,5,LogOn,Success
2026-03-27T16:04:26.517Z,,DWM-67,DESKTOP-C332RF6,,2,LogOff,LogOff
2026-03-27T16:04:26.517Z,,DWM-67,DESKTOP-C332RF6,,2,LogOff,LogOff
2026-03-27T16:04:28.756Z,DESKTOP-C332RF6$,PC,DESKTOP-C332RF6,Negotiate,2,LogOn,Success
2026-03-27T16:04:28.756Z,DESKTOP-C332RF6$,PC,DESKTOP-C332RF6,Negotiate,2,LogOn,Success
2026-03-27T16:04:32.211Z,DESKTOP-C332RF6$,SYSTEM,DESKTOP-C332RF6,Negotiate,5,LogOn,Success
2026-03-27T16:04:39.038Z,DESKTOP-C332RF6$,SYSTEM,DESKTOP-C332RF6,Negotiate,5,LogOn,Success
2026-03-27T16:06:12.787Z,DESKTOP-C332RF6$,SYSTEM,DESKTOP-C332RF6,Negotiate,5,LogOn,Success
2026-03-27T16:14:27.751Z,DESKTOP-C332RF6$,SYSTEM,DESKTOP-C332RF6,Negotiate,5,LogOn,Success
2026-03-27T16:14:58.156Z,DESKTOP-C332RF6$,SYSTEM,DESKTOP-C332RF6,Negotiate,5,LogOn,Success
2026-03-27T16:19:27.650Z,DESKTOP-C332RF6$,SYSTEM,DESKTOP-C332RF6,Negotiate,5,LogOn,Success
2026-03-27T16:19:30.154Z,DESKTOP-C332RF6$,SYSTEM,DESKTOP-C332RF6,Negotiate,5,LogOn,Success
2026-03-27T16:19:54.364Z,DESKTOP-C332RF6$,SYSTEM,DESKTOP-C332RF6,Negotiate,5,LogOn,Success
2026-03-27T16:24:31.096Z,DESKTOP-C332RF6$,SYSTEM,DESKTOP-C332RF6,Negotiate,5,LogOn,Success
2026-03-27T16:24:43.824Z,DESKTOP-C332RF6$,SYSTEM,DESKTOP-C332RF6,Negotiate,5,LogOn,Success
2026-03-27T16:28:05.968Z,DESKTOP-C332RF6$,SYSTEM,DESKTOP-C332RF6,Negotiate,5,LogOn,Success
2026-03-27T16:36:46.093Z,DESKTOP-C332RF6$,SYSTEM,DESKTOP-C332RF6,Negotiate,5,LogOn,Success
2026-03-27T16:36:49.378Z,DESKTOP-C332RF6$,SYSTEM,DESKTOP-C332RF6,Negotiate,5,LogOn,Success
2026-03-27T16:45:36.114Z,DESKTOP-C332RF6$,SYSTEM,DESKTOP-C332RF6,Negotiate,5,LogOn,Success
2026-03-27T16:52:48.512Z,DESKTOP-C332RF6$,SYSTEM,DESKTOP-C332RF6,Negotiate,5,LogOn,Success
2026-03-27T16:52:49.766Z,DESKTOP-C332RF6$,SYSTEM,DESKTOP-C332RF6,Negotiate,5,LogOn,Success
2026-03-27T16:52:49.848Z,DESKTOP-C332RF6$,SYSTEM,DESKTOP-C332RF6,Negotiate,5,LogOn,Success
2026-03-27T16:52:50.837Z,DESKTOP-C332RF6$,SYSTEM,DESKTOP-C332RF6,Negotiate,5,LogOn,Success
2026-03-27T16:52:51.075Z,DESKTOP-C332RF6$,SYSTEM,DESKTOP-C332RF6,Negotiate,5,LogOn,Success
2026-03-27T16:52:55.700Z,DESKTOP-C332RF6$,SYSTEM,DESKTOP-C332RF6,Negotiate,5,LogOn,Success
2026-03-27T16:52:58.261Z,DESKTOP-C332RF6$,SYSTEM,DESKTOP-C332RF6,Negotiate,5,LogOn,Success
2026-03-27T17:06:10.375Z,DESKTOP-C332RF6$,SYSTEM,DESKTOP-C332RF6,Negotiate,5,LogOn,Success
2026-03-27T17:07:51.105Z,DESKTOP-C332RF6$,SYSTEM,DESKTOP-C332RF6,Negotiate,5,LogOn,Success
2026-03-27T17:15:29.543Z,DESKTOP-C332RF6$,SYSTEM,DESKTOP-C332RF6,Negotiate,5,LogOn,Success
2026-03-27T17:28:06.803Z,DESKTOP-C332RF6$,SYSTEM,DESKTOP-C332RF6,Negotiate,5,LogOn,Success
2026-03-27T17:46:54.113Z,DESKTOP-C332RF6$,SYSTEM,DESKTOP-C332RF6,Negotiate,5,LogOn,Success
2026-03-27T17:46:55.663Z,DESKTOP-C332RF6$,SYSTEM,DESKTOP-C332RF6,Negotiate,5,LogOn,Success
2026-03-27T17:47:10.490Z,DESKTOP-C332RF6$,SYSTEM,DESKTOP-C332RF6,Negotiate,5,LogOn,Success
2026-03-27T17:51:15.676Z,DESKTOP-C332RF6$,SYSTEM,DESKTOP-C332RF6,Negotiate,5,LogOn,Success
2026-03-27T17:51:23.186Z,DESKTOP-C332RF6$,SYSTEM,DESKTOP-C332RF6,Negotiate,5,LogOn,Success
2026-03-27T17:51:46.712Z,DESKTOP-C332RF6$,SYSTEM,DESKTOP-C332RF6,Negotiate,5,LogOn,Success
2026-03-27T17:59:47.289Z,DESKTOP-C332RF6$,SYSTEM,DESKTOP-C332RF6,Negotiate,5,LogOn,Success
2026-03-27T18:04:30.173Z,DESKTOP-C332RF6$,SYSTEM,DESKTOP-C332RF6,Negotiate,5,LogOn,Success
2026-03-27T18:04:30.210Z,DESKTOP-C332RF6$,SYSTEM,DESKTOP-C332RF6,Negotiate,5,LogOn,Success
2026-03-27T18:04:33.478Z,DESKTOP-C332RF6$,SYSTEM,DESKTOP-C332RF6,Negotiate,5,LogOn,Success
2026-03-27T18:06:10.602Z,DESKTOP-C332RF6$,SYSTEM,DESKTOP-C332RF6,Negotiate,5,LogOn,Success
2026-03-27T18:08:27.076Z,DESKTOP-C332RF6$,SYSTEM,DESKTOP-C332RF6,Negotiate,5,LogOn,Success
2026-03-27T18:23:27.061Z,DESKTOP-C332RF6$,SYSTEM,DESKTOP-C332RF6,Negotiate,5,LogOn,Success
2026-03-27T18:23:27.254Z,DESKTOP-C332RF6$,SYSTEM,DESKTOP-C332RF6,Negotiate,5,LogOn,Success
2026-03-27T18:23:30.088Z,DESKTOP-C332RF6$,SYSTEM,DESKTOP-C332RF6,Negotiate,5,LogOn,Success
2026-03-27T18:28:06.882Z,DESKTOP-C332RF6$,SYSTEM,DESKTOP-C332RF6,Negotiate,5,LogOn,Success
2026-03-27T18:59:47.287Z,DESKTOP-C332RF6$,SYSTEM,DESKTOP-C332RF6,Negotiate,5,LogOn,Success
2026-03-27T19:06:10.787Z,DESKTOP-C332RF6$,SYSTEM,DESKTOP-C332RF6,Negotiate,5,LogOn,Success
2026-03-27T19:23:42.161Z,DESKTOP-C332RF6$,SYSTEM,DESKTOP-C332RF6,Negotiate,5,LogOn,Success
2026-03-27T19:23:42.239Z,DESKTOP-C332RF6$,SYSTEM,DESKTOP-C332RF6,Negotiate,5,LogOn,Success
2026-03-27T19:28:06.889Z,DESKTOP-C332RF6$,SYSTEM,DESKTOP-C332RF6,Negotiate,5,LogOn,Success
2026-03-27T19:59:47.465Z,DESKTOP-C332RF6$,SYSTEM,DESKTOP-C332RF6,Negotiate,5,LogOn,Success
2026-03-27T20:06:10.977Z,DESKTOP-C332RF6$,SYSTEM,DESKTOP-C332RF6,Negotiate,5,LogOn,Success
2026-03-27T20:06:15.198Z,DESKTOP-C332RF6$,SYSTEM,DESKTOP-C332RF6,Negotiate,5,LogOn,Success
2026-03-27T20:06:19.344Z,DESKTOP-C332RF6$,SYSTEM,DESKTOP-C332RF6,Negotiate,5,LogOn,Success
2026-03-27T20:07:26.734Z,DESKTOP-C332RF6$,PC,DESKTOP-C332RF6,Negotiate,2,LogOn,Success
2026-03-27T20:07:26.734Z,DESKTOP-C332RF6$,PC,DESKTOP-C332RF6,Negotiate,2,LogOn,Success
2026-03-27T20:07:26.735Z,,PC,DESKTOP-C332RF6,,2,LogOff,LogOff
2026-03-27T20:07:26.735Z,,PC,DESKTOP-C332RF6,,2,LogOff,LogOff
2026-03-27T20:07:26.755Z,DESKTOP-C332RF6$,SYSTEM,DESKTOP-C332RF6,Negotiate,5,LogOn,Success
2026-03-27T20:19:39.505Z,DESKTOP-C332RF6$,SYSTEM,DESKTOP-C332RF6,Negotiate,5,LogOn,Success
2026-03-27T20:22:27.330Z,DESKTOP-C332RF6$,SYSTEM,DESKTOP-C332RF6,Negotiate,5,LogOn,Success
2026-03-27T20:26:45.549Z,DESKTOP-C332RF6$,SYSTEM,DESKTOP-C332RF6,Negotiate,5,LogOn,Success
2026-03-27T20:26:46.876Z,DESKTOP-C332RF6$,SYSTEM,DESKTOP-C332RF6,Negotiate,5,LogOn,Success
2026-03-27T20:28:07.738Z,DESKTOP-C332RF6$,SYSTEM,DESKTOP-C332RF6,Negotiate,5,LogOn,Success
2026-03-27T20:36:56.282Z,DESKTOP-C332RF6$,SYSTEM,DESKTOP-C332RF6,Negotiate,5,LogOn,Success
2026-03-27T20:40:58.694Z,DESKTOP-C332RF6$,SYSTEM,DESKTOP-C332RF6,Negotiate,5,LogOn,Success
2026-03-27T20:59:47.923Z,DESKTOP-C332RF6$,SYSTEM,DESKTOP-C332RF6,Negotiate,5,LogOn,Success
2026-03-27T21:00:57.380Z,DESKTOP-C332RF6$,SYSTEM,DESKTOP-C332RF6,Negotiate,5,LogOn,Success
2026-03-27T21:02:59.842Z,DESKTOP-C332RF6$,SYSTEM,DESKTOP-C332RF6,Negotiate,5,LogOn,Success
2026-03-27T21:03:02.905Z,DESKTOP-C332RF6$,SYSTEM,DESKTOP-C332RF6,Negotiate,5,LogOn,Success
2026-03-27T21:07:47.929Z,DESKTOP-C332RF6$,SYSTEM,DESKTOP-C332RF6,Negotiate,5,LogOn,Success
2026-03-27T21:17:50.077Z,DESKTOP-C332RF6$,SYSTEM,DESKTOP-C332RF6,Negotiate,5,LogOn,Success
2026-03-27T21:19:42.327Z,DESKTOP-C332RF6$,SYSTEM,DESKTOP-C332RF6,Negotiate,5,LogOn,Success
2026-03-27T21:19:42.748Z,DESKTOP-C332RF6$,SYSTEM,DESKTOP-C332RF6,Negotiate,5,LogOn,Success
2026-03-27T21:28:04.114Z,DESKTOP-C332RF6$,SYSTEM,DESKTOP-C332RF6,Negotiate,5,LogOn,Success
2026-03-27T21:45:32.184Z,DESKTOP-C332RF6$,SYSTEM,DESKTOP-C332RF6,Negotiate,5,LogOn,Success
2026-03-27T21:45:35.080Z,DESKTOP-C332RF6$,SYSTEM,DESKTOP-C332RF6,Negotiate,5,LogOn,Success
2026-03-27T21:48:48.549Z,DESKTOP-C332RF6$,SYSTEM,DESKTOP-C332RF6,Negotiate,5,LogOn,Success
2026-03-27T21:48:48.963Z,DESKTOP-C332RF6$,SYSTEM,DESKTOP-C332RF6,Negotiate,5,LogOn,Success
2026-03-27T21:49:40.753Z,DESKTOP-C332RF6$,SYSTEM,DESKTOP-C332RF6,Negotiate,5,LogOn,Success
2026-03-27T21:54:33.411Z,DESKTOP-C332RF6$,SYSTEM,DESKTOP-C332RF6,Negotiate,5,LogOn,Success
2026-03-27T21:59:47.305Z,DESKTOP-C332RF6$,SYSTEM,DESKTOP-C332RF6,Negotiate,5,LogOn,Success
2026-03-27T22:01:15.330Z,DESKTOP-C332RF6$,SYSTEM,DESKTOP-C332RF6,Negotiate,5,LogOn,Success
2026-03-27T22:04:46.327Z,DESKTOP-C332RF6$,SYSTEM,DESKTOP-C332RF6,Negotiate,5,LogOn,Success
2026-03-27T22:08:46.810Z,DESKTOP-C332RF6$,SYSTEM,DESKTOP-C332RF6,Negotiate,5,LogOn,Success
2026-03-27T22:26:09.816Z,DESKTOP-C332RF6$,SYSTEM,DESKTOP-C332RF6,Negotiate,5,LogOn,Success
2026-03-27T22:26:26.267Z,DESKTOP-C332RF6$,SYSTEM,DESKTOP-C332RF6,Negotiate,5,LogOn,Success
2026-03-27T22:30:01.192Z,DESKTOP-C332RF6$,SYSTEM,DESKTOP-C332RF6,Negotiate,5,LogOn,Success
2026-03-27T22:30:01.253Z,DESKTOP-C332RF6$,SYSTEM,DESKTOP-C332RF6,Negotiate,5,LogOn,Success
2026-03-27T22:31:29.389Z,DESKTOP-C332RF6$,SYSTEM,DESKTOP-C332RF6,Negotiate,5,LogOn,Success
2026-03-27T22:53:50.151Z,DESKTOP-C332RF6$,SYSTEM,DESKTOP-C332RF6,Negotiate,5,LogOn,Success
2026-03-27T22:59:46.885Z,DESKTOP-C332RF6$,SYSTEM,DESKTOP-C332RF6,Negotiate,5,LogOn,Success
2026-03-27T23:06:11.398Z,DESKTOP-C332RF6$,SYSTEM,DESKTOP-C332RF6,Negotiate,5,LogOn,Success
2026-03-27T23:20:38.663Z,DESKTOP-C332RF6$,SYSTEM,DESKTOP-C332RF6,Negotiate,5,LogOn,Success
2026-03-27T23:20:42.697Z,DESKTOP-C332RF6$,SYSTEM,DESKTOP-C332RF6,Negotiate,5,LogOn,Success
2026-03-27T23:20:44.932Z,DESKTOP-C332RF6$,SYSTEM,DESKTOP-C332RF6,Negotiate,5,LogOn,Success
2026-03-27T23:30:23.143Z,DESKTOP-C332RF6$,SYSTEM,DESKTOP-C332RF6,Negotiate,5,LogOn,Success
2026-03-27T23:31:42.455Z,DESKTOP-C332RF6$,SYSTEM,DESKTOP-C332RF6,Negotiate,5,LogOn,Success
2026-03-27T23:35:45.885Z,DESKTOP-C332RF6$,SYSTEM,DESKTOP-C332RF6,Negotiate,5,LogOn,Success
2026-03-27T23:35:45.978Z,DESKTOP-C332RF6$,SYSTEM,DESKTOP-C332RF6,Negotiate,5,LogOn,Success
2026-03-27T23:35:49.744Z,DESKTOP-C332RF6$,UMFD-69,DESKTOP-C332RF6,Negotiate,2,LogOn,Success
2026-03-27T23:35:49.845Z,DESKTOP-C332RF6$,DWM-69,DESKTOP-C332RF6,Negotiate,2,LogOn,Success
2026-03-27T23:35:49.845Z,DESKTOP-C332RF6$,DWM-69,DESKTOP-C332RF6,Negotiate,2,LogOn,Success
2026-03-27T23:35:49.892Z,DESKTOP-C332RF6$,SYSTEM,DESKTOP-C332RF6,Negotiate,5,LogOn,Success
2026-03-27T23:35:59.313Z,DESKTOP-C332RF6$,SYSTEM,DESKTOP-C332RF6,Negotiate,5,LogOn,Success
2026-03-27T23:35:59.764Z,,UMFD-68,DESKTOP-C332RF6,,2,LogOff,LogOff
2026-03-27T23:36:00.997Z,,DWM-68,DESKTOP-C332RF6,,2,LogOff,LogOff
2026-03-27T23:36:00.997Z,,DWM-68,DESKTOP-C332RF6,,2,LogOff,LogOff
2026-03-27T23:36:04.650Z,DESKTOP-C332RF6$,SYSTEM,DESKTOP-C332RF6,Negotiate,5,LogOn,Success
2026-03-28T04:44:28.371Z,DESKTOP-C332RF6$,SYSTEM,DESKTOP-C332RF6,Negotiate,5,LogOn,Success
2026-03-28T04:44:29.858Z,DESKTOP-C332RF6$,PC,DESKTOP-C332RF6,Negotiate,2,LogOn,Success
2026-03-28T04:44:29.858Z,DESKTOP-C332RF6$,PC,DESKTOP-C332RF6,Negotiate,2,LogOn,Success
2026-03-28T04:44:32.385Z,DESKTOP-C332RF6$,SYSTEM,DESKTOP-C332RF6,Negotiate,5,LogOn,Success
2026-03-28T04:44:39.556Z,DESKTOP-C332RF6$,SYSTEM,DESKTOP-C332RF6,Negotiate,5,LogOn,Success
2026-03-28T04:54:59.265Z,DESKTOP-C332RF6$,SYSTEM,DESKTOP-C332RF6,Negotiate,5,LogOn,Success
2026-03-28T04:55:02.655Z,DESKTOP-C332RF6$,SYSTEM,DESKTOP-C332RF6,Negotiate,5,LogOn,Success
2026-03-28T04:55:02.703Z,DESKTOP-C332RF6$,SYSTEM,DESKTOP-C332RF6,Negotiate,5,LogOn,Success
2026-03-28T04:59:59.636Z,DESKTOP-C332RF6$,SYSTEM,DESKTOP-C332RF6,Negotiate,5,LogOn,Success
2026-03-28T05:08:06.222Z,DESKTOP-C332RF6$,SYSTEM,DESKTOP-C332RF6,Negotiate,5,LogOn,Success
2026-03-28T05:08:06.665Z,DESKTOP-C332RF6$,SYSTEM,DESKTOP-C332RF6,Negotiate,5,LogOn,Success
2026-03-28T05:08:08.379Z,DESKTOP-C332RF6$,SYSTEM,DESKTOP-C332RF6,Negotiate,5,LogOn,Success
2026-03-28T05:08:09.236Z,DESKTOP-C332RF6$,PC,DESKTOP-C332RF6,Negotiate,2,LogOn,Success
2026-03-28T05:08:09.236Z,DESKTOP-C332RF6$,PC,DESKTOP-C332RF6,Negotiate,2,LogOn,Success
2026-03-28T05:08:09.237Z,,PC,DESKTOP-C332RF6,,2,LogOff,LogOff
2026-03-28T05:08:09.237Z,,PC,DESKTOP-C332RF6,,2,LogOff,LogOff
2026-03-28T05:08:09.835Z,DESKTOP-C332RF6$,SYSTEM,DESKTOP-C332RF6,Negotiate,5,LogOn,Success
2026-03-28T05:08:17.338Z,DESKTOP-C332RF6$,UMFD-70,DESKTOP-C332RF6,Negotiate,2,LogOn,Success
2026-03-28T05:08:17.372Z,DESKTOP-C332RF6$,DWM-70,DESKTOP-C332RF6,Negotiate,2,LogOn,Success
2026-03-28T05:08:17.372Z,DESKTOP-C332RF6$,DWM-70,DESKTOP-C332RF6,Negotiate,2,LogOn,Success
2026-03-28T05:08:27.335Z,,UMFD-69,DESKTOP-C332RF6,,2,LogOff,LogOff
2026-03-28T05:08:28.254Z,DESKTOP-C332RF6$,SYSTEM,DESKTOP-C332RF6,Negotiate,5,LogOn,Success
2026-03-28T11:03:43.607Z,,DWM-69,DESKTOP-C332RF6,,2,LogOff,LogOff
2026-03-28T11:03:43.607Z,,DWM-69,DESKTOP-C332RF6,,2,LogOff,LogOff
2026-03-28T11:03:43.943Z,DESKTOP-C332RF6$,SYSTEM,DESKTOP-C332RF6,Negotiate,5,LogOn,Success
2026-03-28T11:03:45.905Z,DESKTOP-C332RF6$,PC,DESKTOP-C332RF6,Negotiate,2,LogOn,Success
2026-03-28T11:03:45.905Z,DESKTOP-C332RF6$,PC,DESKTOP-C332RF6,Negotiate,2,LogOn,Success
2026-03-28T11:03:49.677Z,DESKTOP-C332RF6$,SYSTEM,DESKTOP-C332RF6,Negotiate,5,LogOn,Success
2026-03-28T11:03:56.513Z,DESKTOP-C332RF6$,SYSTEM,DESKTOP-C332RF6,Negotiate,5,LogOn,Success
2026-03-28T11:03:56.587Z,DESKTOP-C332RF6$,SYSTEM,DESKTOP-C332RF6,Negotiate,5,LogOn,Success
2026-03-28T11:05:44.510Z,DESKTOP-C332RF6$,SYSTEM,DESKTOP-C332RF6,Negotiate,5,LogOn,Success
2026-03-28T11:08:07.737Z,DESKTOP-C332RF6$,SYSTEM,DESKTOP-C332RF6,Negotiate,5,LogOn,Success
2026-03-28T11:08:30.789Z,DESKTOP-C332RF6$,SYSTEM,DESKTOP-C332RF6,Negotiate,5,LogOn,Success
2026-03-28T11:08:30.846Z,DESKTOP-C332RF6$,SYSTEM,DESKTOP-C332RF6,Negotiate,5,LogOn,Success
2026-03-28T11:10:59.726Z,DESKTOP-C332RF6$,SYSTEM,DESKTOP-C332RF6,Negotiate,5,LogOn,Success
2026-03-28T11:18:47.262Z,DESKTOP-C332RF6$,SYSTEM,DESKTOP-C332RF6,Negotiate,5,LogOn,Success
2026-03-28T11:18:50.550Z,DESKTOP-C332RF6$,SYSTEM,DESKTOP-C332RF6,Negotiate,5,LogOn,Success
2026-03-28T11:19:02.685Z,DESKTOP-C332RF6$,SYSTEM,DESKTOP-C332RF6,Negotiate,5,LogOn,Success
2026-03-28T11:32:59.873Z,DESKTOP-C332RF6$,SYSTEM,DESKTOP-C332RF6,Negotiate,5,LogOn,Success
2026-03-28T11:33:50.607Z,DESKTOP-C332RF6$,SYSTEM,DESKTOP-C332RF6,Negotiate,5,LogOn,Success
2026-03-28T11:42:32.394Z,DESKTOP-C332RF6$,SYSTEM,DESKTOP-C332RF6,Negotiate,5,LogOn,Success
2026-03-28T11:44:33.290Z,DESKTOP-C332RF6$,SYSTEM,DESKTOP-C332RF6,Negotiate,5,LogOn,Success
2026-03-28T11:44:36.394Z,DESKTOP-C332RF6$,SYSTEM,DESKTOP-C332RF6,Negotiate,5,LogOn,Success
2026-03-28T11:45:31.986Z,DESKTOP-C332RF6$,2F4B2164-E76A-455B-9FD6-D0638BF19DB2,DESKTOP-C332RF6,Negotiate,5,LogOn,Success
2026-03-28T11:49:04.383Z,DESKTOP-C332RF6$,SYSTEM,DESKTOP-C332RF6,Negotiate,5,LogOn,Success
2026-03-28T11:59:47.312Z,DESKTOP-C332RF6$,SYSTEM,DESKTOP-C332RF6,Negotiate,5,LogOn,Success
2026-03-28T12:09:43.317Z,DESKTOP-C332RF6$,SYSTEM,DESKTOP-C332RF6,Negotiate,5,LogOn,Success
2026-03-28T12:13:26.768Z,DESKTOP-C332RF6$,SYSTEM,DESKTOP-C332RF6,Negotiate,5,LogOn,Success
2026-03-28T12:16:32.884Z,DESKTOP-C332RF6$,SYSTEM,DESKTOP-C332RF6,Negotiate,5,LogOn,Success
2026-03-28T12:35:54.978Z,DESKTOP-C332RF6$,SYSTEM,DESKTOP-C332RF6,Negotiate,5,LogOn,Success
2026-03-28T12:35:56.310Z,DESKTOP-C332RF6$,SYSTEM,DESKTOP-C332RF6,Negotiate,5,LogOn,Success
2026-03-28T12:39:45.954Z,DESKTOP-C332RF6$,SYSTEM,DESKTOP-C332RF6,Negotiate,5,LogOn,Success
2026-03-28T12:40:23.613Z,DESKTOP-C332RF6$,SYSTEM,DESKTOP-C332RF6,Negotiate,5,LogOn,Success
2026-03-28T12:40:23.659Z,DESKTOP-C332RF6$,SYSTEM,DESKTOP-C332RF6,Negotiate,5,LogOn,Success
2026-03-28T12:46:51.204Z,DESKTOP-C332RF6$,50A0FFF0-E52F-411B-BE22-79BE740C8CB0,DESKTOP-C332RF6,Negotiate,5,LogOn,Success
2026-03-28T12:50:04.921Z,DESKTOP-C332RF6$,SYSTEM,DESKTOP-C332RF6,Negotiate,5,LogOn,Success
2026-03-28T12:58:43.006Z,DESKTOP-C332RF6$,SYSTEM,DESKTOP-C332RF6,Negotiate,5,LogOn,Success
2026-03-28T12:58:43.081Z,DESKTOP-C332RF6$,SYSTEM,DESKTOP-C332RF6,Negotiate,5,LogOn,Success
2026-03-28T12:58:44.065Z,DESKTOP-C332RF6$,SYSTEM,DESKTOP-C332RF6,Negotiate,5,LogOn,Success
2026-03-28T12:58:51.237Z,DESKTOP-C332RF6$,SYSTEM,DESKTOP-C332RF6,Negotiate,5,LogOn,Success
2026-03-28T13:03:47.069Z,DESKTOP-C332RF6$,SYSTEM,DESKTOP-C332RF6,Negotiate,5,LogOn,Success
2026-03-28T13:03:47.113Z,DESKTOP-C332RF6$,SYSTEM,DESKTOP-C332RF6,Negotiate,5,LogOn,Success
2026-03-28T13:03:53.055Z,DESKTOP-C332RF6$,SYSTEM,DESKTOP-C332RF6,Negotiate,5,LogOn,Success
2026-03-28T13:03:54.525Z,DESKTOP-C332RF6$,SYSTEM,DESKTOP-C332RF6,Negotiate,5,LogOn,Success
2026-03-28T13:03:56.574Z,DESKTOP-C332RF6$,SYSTEM,DESKTOP-C332RF6,Negotiate,5,LogOn,Success
2026-03-28T13:03:58.839Z,DESKTOP-C332RF6$,SYSTEM,DESKTOP-C332RF6,Negotiate,5,LogOn,Success
2026-03-28T13:13:29.838Z,DESKTOP-C332RF6$,SYSTEM,DESKTOP-C332RF6,Negotiate,5,LogOn,Success
2026-03-28T13:15:58.494Z,DESKTOP-C332RF6$,SYSTEM,DESKTOP-C332RF6,Negotiate,5,LogOn,Success
2026-03-28T13:15:59.766Z,DESKTOP-C332RF6$,SYSTEM,DESKTOP-C332RF6,Negotiate,5,LogOn,Success
2026-03-28T13:16:18.306Z,DESKTOP-C332RF6$,SYSTEM,DESKTOP-C332RF6,Negotiate,5,LogOn,Success
2026-03-28T13:18:46.264Z,DESKTOP-C332RF6$,SYSTEM,DESKTOP-C332RF6,Negotiate,5,LogOn,Success
2026-03-28T13:20:03.430Z,DESKTOP-C332RF6$,SYSTEM,DESKTOP-C332RF6,Negotiate,5,LogOn,Success
2026-03-28T13:23:20.657Z,DESKTOP-C332RF6$,SYSTEM,DESKTOP-C332RF6,Negotiate,5,LogOn,Success
2026-03-28T13:59:47.561Z,DESKTOP-C332RF6$,SYSTEM,DESKTOP-C332RF6,Negotiate,5,LogOn,Success
2026-03-28T14:04:04.608Z,DESKTOP-C332RF6$,SYSTEM,DESKTOP-C332RF6,Negotiate,5,LogOn,Success
2026-03-28T14:25:45.786Z,DESKTOP-C332RF6$,SYSTEM,DESKTOP-C332RF6,Negotiate,5,LogOn,Success
2026-03-28T14:25:49.753Z,DESKTOP-C332RF6$,SYSTEM,DESKTOP-C332RF6,Negotiate,5,LogOn,Success
2026-03-28T14:25:49.869Z,DESKTOP-C332RF6$,SYSTEM,DESKTOP-C332RF6,Negotiate,5,LogOn,Success
2026-03-28T14:26:11.792Z,DESKTOP-C332RF6$,SYSTEM,DESKTOP-C332RF6,Negotiate,5,LogOn,Success
2026-03-28T14:27:25.368Z,DESKTOP-C332RF6$,UMFD-71,DESKTOP-C332RF6,Negotiate,2,LogOn,Success
2026-03-28T14:27:25.399Z,DESKTOP-C332RF6$,DWM-71,DESKTOP-C332RF6,Negotiate,2,LogOn,Success
2026-03-28T14:27:25.399Z,DESKTOP-C332RF6$,DWM-71,DESKTOP-C332RF6,Negotiate,2,LogOn,Success
2026-03-28T14:27:25.479Z,DESKTOP-C332RF6$,SYSTEM,DESKTOP-C332RF6,Negotiate,5,LogOn,Success
2026-03-28T14:27:25.857Z,DESKTOP-C332RF6$,SYSTEM,DESKTOP-C332RF6,Negotiate,5,LogOn,Success
2026-03-28T14:27:30.036Z,DESKTOP-C332RF6$,SYSTEM,DESKTOP-C332RF6,Negotiate,5,LogOn,Success
2026-03-28T14:27:30.068Z,,UMFD-70,DESKTOP-C332RF6,,2,LogOff,LogOff
2026-03-28T14:27:30.223Z,DESKTOP-C332RF6$,SYSTEM,DESKTOP-C332RF6,Negotiate,5,LogOn,Success
2026-03-28T14:27:31.302Z,,DWM-70,DESKTOP-C332RF6,,2,LogOff,LogOff
2026-03-28T14:27:31.302Z,,DWM-70,DESKTOP-C332RF6,,2,LogOff,LogOff
2026-03-28T14:27:31.607Z,DESKTOP-C332RF6$,SYSTEM,DESKTOP-C332RF6,Negotiate,5,LogOn,Success
2026-03-28T15:46:47.410Z,DESKTOP-C332RF6$,PC,DESKTOP-C332RF6,Negotiate,2,LogOn,Success
2026-03-28T15:46:47.410Z,DESKTOP-C332RF6$,PC,DESKTOP-C332RF6,Negotiate,2,LogOn,Success
2026-03-28T15:46:58.147Z,DESKTOP-C332RF6$,SYSTEM,DESKTOP-C332RF6,Negotiate,5,LogOn,Success
2026-03-28T15:48:30.807Z,DESKTOP-C332RF6$,SYSTEM,DESKTOP-C332RF6,Negotiate,5,LogOn,Success
2026-03-28T15:51:49.990Z,DESKTOP-C332RF6$,SYSTEM,DESKTOP-C332RF6,Negotiate,5,LogOn,Success
2026-03-28T16:01:48.835Z,DESKTOP-C332RF6$,SYSTEM,DESKTOP-C332RF6,Negotiate,5,LogOn,Success
2026-03-28T16:01:52.541Z,DESKTOP-C332RF6$,SYSTEM,DESKTOP-C332RF6,Negotiate,5,LogOn,Success
2026-03-28T16:02:46.976Z,DESKTOP-C332RF6$,SYSTEM,DESKTOP-C332RF6,Negotiate,5,LogOn,Success
2026-03-28T16:09:43.319Z,DESKTOP-C332RF6$,SYSTEM,DESKTOP-C332RF6,Negotiate,5,LogOn,Success
2026-03-28T16:15:23.189Z,DESKTOP-C332RF6$,55412B8A-DF12-40A4-88F6-51233061C02C,DESKTOP-C332RF6,Negotiate,5,LogOn,Success
2026-03-28T16:16:52.590Z,DESKTOP-C332RF6$,SYSTEM,DESKTOP-C332RF6,Negotiate,5,LogOn,Success
2026-03-28T16:17:53.055Z,DESKTOP-C332RF6$,SYSTEM,DESKTOP-C332RF6,Negotiate,5,LogOn,Success
2026-03-28T16:25:10.354Z,DESKTOP-C332RF6$,SYSTEM,DESKTOP-C332RF6,Negotiate,5,LogOn,Success
2026-03-28T16:27:44.380Z,DESKTOP-C332RF6$,SYSTEM,DESKTOP-C332RF6,Negotiate,5,LogOn,Success
2026-03-28T16:31:52.657Z,DESKTOP-C332RF6$,SYSTEM,DESKTOP-C332RF6,Negotiate,5,LogOn,Success
2026-03-28T16:40:37.621Z,DESKTOP-C332RF6$,SYSTEM,DESKTOP-C332RF6,Negotiate,5,LogOn,Success
2026-03-28T16:46:02.815Z,DESKTOP-C332RF6$,SYSTEM,DESKTOP-C332RF6,Negotiate,5,LogOn,Success
2026-03-28T16:46:52.722Z,DESKTOP-C332RF6$,SYSTEM,DESKTOP-C332RF6,Negotiate,5,LogOn,Success
2026-03-28T16:54:35.597Z,DESKTOP-C332RF6$,SYSTEM,DESKTOP-C332RF6,Negotiate,5,LogOn,Success
2026-03-28T16:59:46.810Z,DESKTOP-C332RF6$,SYSTEM,DESKTOP-C332RF6,Negotiate,5,LogOn,Success
2026-03-28T17:01:52.782Z,DESKTOP-C332RF6$,SYSTEM,DESKTOP-C332RF6,Negotiate,5,LogOn,Success
2026-03-28T17:09:43.326Z,DESKTOP-C332RF6$,SYSTEM,DESKTOP-C332RF6,Negotiate,5,LogOn,Success
2026-03-28T17:16:52.848Z,DESKTOP-C332RF6$,SYSTEM,DESKTOP-C332RF6,Negotiate,5,LogOn,Success
2026-03-28T17:28:56.437Z,DESKTOP-C332RF6$,SYSTEM,DESKTOP-C332RF6,Negotiate,5,LogOn,Success
2026-03-28T17:31:52.904Z,DESKTOP-C332RF6$,SYSTEM,DESKTOP-C332RF6,Negotiate,5,LogOn,Success
2026-03-28T17:40:48.932Z,DESKTOP-C332RF6$,SYSTEM,DESKTOP-C332RF6,Negotiate,5,LogOn,Success
2026-03-28T17:46:48.663Z,DESKTOP-C332RF6$,SYSTEM,DESKTOP-C332RF6,Negotiate,5,LogOn,Success
2026-03-28T17:46:48.702Z,DESKTOP-C332RF6$,SYSTEM,DESKTOP-C332RF6,Negotiate,5,LogOn,Success
2026-03-28T17:46:52.219Z,DESKTOP-C332RF6$,SYSTEM,DESKTOP-C332RF6,Negotiate,5,LogOn,Success
2026-03-28T17:46:52.969Z,DESKTOP-C332RF6$,SYSTEM,DESKTOP-C332RF6,Negotiate,5,LogOn,Success
2026-03-28T17:54:35.827Z,DESKTOP-C332RF6$,SYSTEM,DESKTOP-C332RF6,Negotiate,5,LogOn,Success
2026-03-28T17:59:47.309Z,DESKTOP-C332RF6$,SYSTEM,DESKTOP-C332RF6,Negotiate,5,LogOn,Success
2026-03-28T18:01:53.027Z,DESKTOP-C332RF6$,SYSTEM,DESKTOP-C332RF6,Negotiate,5,LogOn,Success
2026-03-28T18:09:43.319Z,DESKTOP-C332RF6$,SYSTEM,DESKTOP-C332RF6,Negotiate,5,LogOn,Success
2026-03-28T18:16:25.354Z,DESKTOP-C332RF6$,SYSTEM,DESKTOP-C332RF6,Negotiate,5,LogOn,Success
2026-03-28T18:16:29.059Z,DESKTOP-C332RF6$,SYSTEM,DESKTOP-C332RF6,Negotiate,5,LogOn,Success
2026-03-28T18:22:15.763Z,DESKTOP-C332RF6$,SYSTEM,DESKTOP-C332RF6,Negotiate,5,LogOn,Success
2026-03-28T18:23:16.221Z,DESKTOP-C332RF6$,SYSTEM,DESKTOP-C332RF6,Negotiate,5,LogOn,Success
2026-03-28T18:23:16.252Z,DESKTOP-C332RF6$,SYSTEM,DESKTOP-C332RF6,Negotiate,5,LogOn,Success
2026-03-28T18:23:26.726Z,DESKTOP-C332RF6$,SYSTEM,DESKTOP-C332RF6,Negotiate,5,LogOn,Success
2026-03-28T18:31:53.108Z,DESKTOP-C332RF6$,SYSTEM,DESKTOP-C332RF6,Negotiate,5,LogOn,Success
2026-03-28T18:46:53.172Z,DESKTOP-C332RF6$,SYSTEM,DESKTOP-C332RF6,Negotiate,5,LogOn,Success
2026-03-28T18:54:35.966Z,DESKTOP-C332RF6$,SYSTEM,DESKTOP-C332RF6,Negotiate,5,LogOn,Success
2026-03-28T18:59:47.299Z,DESKTOP-C332RF6$,SYSTEM,DESKTOP-C332RF6,Negotiate,5,LogOn,Success
2026-03-28T19:01:53.235Z,DESKTOP-C332RF6$,SYSTEM,DESKTOP-C332RF6,Negotiate,5,LogOn,Success
2026-03-28T19:07:36.296Z,DESKTOP-C332RF6$,SYSTEM,DESKTOP-C332RF6,Negotiate,5,LogOn,Success
2026-03-28T19:16:53.290Z,DESKTOP-C332RF6$,SYSTEM,DESKTOP-C332RF6,Negotiate,5,LogOn,Success
2026-03-28T19:28:56.764Z,DESKTOP-C332RF6$,SYSTEM,DESKTOP-C332RF6,Negotiate,5,LogOn,Success
2026-03-28T19:31:53.355Z,DESKTOP-C332RF6$,SYSTEM,DESKTOP-C332RF6,Negotiate,5,LogOn,Success
2026-03-28T19:46:53.419Z,DESKTOP-C332RF6$,SYSTEM,DESKTOP-C332RF6,Negotiate,5,LogOn,Success
2026-03-28T19:54:36.499Z,DESKTOP-C332RF6$,SYSTEM,DESKTOP-C332RF6,Negotiate,5,LogOn,Success
2026-03-28T19:54:37.827Z,DESKTOP-C332RF6$,SYSTEM,DESKTOP-C332RF6,Negotiate,5,LogOn,Success
2026-03-28T19:54:37.954Z,DESKTOP-C332RF6$,SYSTEM,DESKTOP-C332RF6,Negotiate,5,LogOn,Success
2026-03-28T19:59:47.311Z,DESKTOP-C332RF6$,SYSTEM,DESKTOP-C332RF6,Negotiate,5,LogOn,Success
2026-03-28T20:01:53.487Z,DESKTOP-C332RF6$,SYSTEM,DESKTOP-C332RF6,Negotiate,5,LogOn,Success
2026-03-28T20:16:53.549Z,DESKTOP-C332RF6$,SYSTEM,DESKTOP-C332RF6,Negotiate,5,LogOn,Success
2026-03-28T20:21:57.882Z,DESKTOP-C332RF6$,SYSTEM,DESKTOP-C332RF6,Negotiate,5,LogOn,Success
2026-03-28T20:22:01.181Z,DESKTOP-C332RF6$,06CA0B3D-7CB2-4533-9C9D-5B6ADF94DE5C,DESKTOP-C332RF6,Negotiate,5,LogOn,Success
2026-03-28T20:28:53.797Z,DESKTOP-C332RF6$,SYSTEM,DESKTOP-C332RF6,Negotiate,5,LogOn,Success
2026-03-28T20:28:58.959Z,DESKTOP-C332RF6$,UMFD-72,DESKTOP-C332RF6,Negotiate,2,LogOn,Success
2026-03-28T20:28:58.988Z,DESKTOP-C332RF6$,DWM-72,DESKTOP-C332RF6,Negotiate,2,LogOn,Success
2026-03-28T20:28:58.988Z,DESKTOP-C332RF6$,DWM-72,DESKTOP-C332RF6,Negotiate,2,LogOn,Success
2026-03-28T20:28:59.002Z,DESKTOP-C332RF6$,SYSTEM,DESKTOP-C332RF6,Negotiate,5,LogOn,Success
2026-03-28T20:28:59.065Z,DESKTOP-C332RF6$,SYSTEM,DESKTOP-C332RF6,Negotiate,5,LogOn,Success
2026-03-28T20:29:04.569Z,DESKTOP-C332RF6$,SYSTEM,DESKTOP-C332RF6,Negotiate,5,LogOn,Success
2026-03-28T20:29:04.642Z,,UMFD-71,DESKTOP-C332RF6,,2,LogOff,LogOff
2026-03-28T20:29:05.705Z,DESKTOP-C332RF6$,SYSTEM,DESKTOP-C332RF6,Negotiate,5,LogOn,Success
2026-03-28T20:44:53.598Z,,DWM-71,DESKTOP-C332RF6,,2,LogOff,LogOff
2026-03-28T20:44:53.598Z,,DWM-71,DESKTOP-C332RF6,,2,LogOff,LogOff
2026-03-28T20:44:56.223Z,DESKTOP-C332RF6$,PC,DESKTOP-C332RF6,Negotiate,2,LogOn,Success
2026-03-28T20:44:56.223Z,DESKTOP-C332RF6$,PC,DESKTOP-C332RF6,Negotiate,2,LogOn,Success
2026-03-28T20:44:56.765Z,DESKTOP-C332RF6$,SYSTEM,DESKTOP-C332RF6,Negotiate,5,LogOn,Success
2026-03-28T20:45:01.680Z,DESKTOP-C332RF6$,SYSTEM,DESKTOP-C332RF6,Negotiate,5,LogOn,Success
2026-03-28T20:45:11.056Z,DESKTOP-C332RF6$,SYSTEM,DESKTOP-C332RF6,Negotiate,5,LogOn,Success
2026-03-28T20:45:17.902Z,DESKTOP-C332RF6$,SYSTEM,DESKTOP-C332RF6,Negotiate,5,LogOn,Success
2026-03-28T20:46:40.460Z,DESKTOP-C332RF6$,SYSTEM,DESKTOP-C332RF6,Negotiate,5,LogOn,Success
2026-03-28T20:48:28.351Z,DESKTOP-C332RF6$,SYSTEM,DESKTOP-C332RF6,Negotiate,5,LogOn,Success
2026-03-28T20:52:28.326Z,DESKTOP-C332RF6$,SYSTEM,DESKTOP-C332RF6,Negotiate,5,LogOn,Success
2026-03-28T20:54:54.614Z,DESKTOP-C332RF6$,SYSTEM,DESKTOP-C332RF6,Negotiate,5,LogOn,Success
2026-03-28T20:55:09.364Z,DESKTOP-C332RF6$,SYSTEM,DESKTOP-C332RF6,Negotiate,5,LogOn,Success
2026-03-28T20:56:27.946Z,DESKTOP-C332RF6$,SYSTEM,DESKTOP-C332RF6,Negotiate,5,LogOn,Success
2026-03-28T20:57:15.452Z,DESKTOP-C332RF6$,SYSTEM,DESKTOP-C332RF6,Negotiate,5,LogOn,Success
2026-03-28T20:59:08.600Z,DESKTOP-C332RF6$,SYSTEM,DESKTOP-C332RF6,Negotiate,5,LogOn,Success
2026-03-28T20:59:57.641Z,DESKTOP-C332RF6$,SYSTEM,DESKTOP-C332RF6,Negotiate,5,LogOn,Success
2026-03-28T21:04:25.015Z,DESKTOP-C332RF6$,SYSTEM,DESKTOP-C332RF6,Negotiate,5,LogOn,Success
2026-03-28T21:08:07.501Z,DESKTOP-C332RF6$,SYSTEM,DESKTOP-C332RF6,Negotiate,5,LogOn,Success
2026-03-28T21:08:08.867Z,DESKTOP-C332RF6$,SYSTEM,DESKTOP-C332RF6,Negotiate,5,LogOn,Success
2026-03-28T21:12:42.026Z,DESKTOP-C332RF6$,SYSTEM,DESKTOP-C332RF6,Negotiate,5,LogOn,Success
2026-03-28T21:32:31.011Z,DESKTOP-C332RF6$,SYSTEM,DESKTOP-C332RF6,Negotiate,5,LogOn,Success
2026-03-28T21:32:31.372Z,DESKTOP-C332RF6$,SYSTEM,DESKTOP-C332RF6,Negotiate,5,LogOn,Success
2026-03-28T21:32:37.279Z,DESKTOP-C332RF6$,SYSTEM,DESKTOP-C332RF6,Negotiate,5,LogOn,Success
2026-03-28T21:32:37.325Z,DESKTOP-C332RF6$,SYSTEM,DESKTOP-C332RF6,Negotiate,5,LogOn,Success
2026-03-28T21:36:30.821Z,DESKTOP-C332RF6$,SYSTEM,DESKTOP-C332RF6,Negotiate,5,LogOn,Success
2026-03-28T21:36:30.905Z,DESKTOP-C332RF6$,SYSTEM,DESKTOP-C332RF6,Negotiate,5,LogOn,Success
2026-03-28T21:36:31.885Z,DESKTOP-C332RF6$,SYSTEM,DESKTOP-C332RF6,Negotiate,5,LogOn,Success
2026-03-28T21:50:43.759Z,DESKTOP-C332RF6$,SYSTEM,DESKTOP-C332RF6,Negotiate,5,LogOn,Success
2026-03-28T22:07:49.334Z,DESKTOP-C332RF6$,SYSTEM,DESKTOP-C332RF6,Negotiate,5,LogOn,Success
2026-03-28T22:08:18.874Z,DESKTOP-C332RF6$,SYSTEM,DESKTOP-C332RF6,Negotiate,5,LogOn,Success
2026-03-28T22:08:18.986Z,DESKTOP-C332RF6$,SYSTEM,DESKTOP-C332RF6,Negotiate,5,LogOn,Success
2026-03-28T22:26:43.853Z,DESKTOP-C332RF6$,SYSTEM,DESKTOP-C332RF6,Negotiate,5,LogOn,Success
2026-03-28T22:31:43.789Z,DESKTOP-C332RF6$,SYSTEM,DESKTOP-C332RF6,Negotiate,5,LogOn,Success
2026-03-28T22:37:36.324Z,DESKTOP-C332RF6$,SYSTEM,DESKTOP-C332RF6,Negotiate,5,LogOn,Success
2026-03-28T22:39:56.425Z,DESKTOP-C332RF6$,SYSTEM,DESKTOP-C332RF6,Negotiate,5,LogOn,Success
2026-03-28T22:44:57.423Z,DESKTOP-C332RF6$,SYSTEM,DESKTOP-C332RF6,Negotiate,5,LogOn,Success
2026-03-28T22:44:57.465Z,DESKTOP-C332RF6$,SYSTEM,DESKTOP-C332RF6,Negotiate,5,LogOn,Success
2026-03-28T22:45:01.115Z,DESKTOP-C332RF6$,SYSTEM,DESKTOP-C332RF6,Negotiate,5,LogOn,Success
2026-03-28T22:54:30.496Z,DESKTOP-C332RF6$,SYSTEM,DESKTOP-C332RF6,Negotiate,5,LogOn,Success
2026-03-28T23:09:41.951Z,DESKTOP-C332RF6$,SYSTEM,DESKTOP-C332RF6,Negotiate,5,LogOn,Success
2026-03-28T23:36:00.139Z,DESKTOP-C332RF6$,SYSTEM,DESKTOP-C332RF6,Negotiate,5,LogOn,Success
2026-03-28T23:37:47.921Z,DESKTOP-C332RF6$,SYSTEM,DESKTOP-C332RF6,Negotiate,5,LogOn,Success
2026-03-28T23:54:58.264Z,DESKTOP-C332RF6$,SYSTEM,DESKTOP-C332RF6,Negotiate,5,LogOn,Success
2026-03-28T23:57:18.414Z,DESKTOP-C332RF6$,SYSTEM,DESKTOP-C332RF6,Negotiate,5,LogOn,Success
2026-03-28T23:57:19.393Z,DESKTOP-C332RF6$,SYSTEM,DESKTOP-C332RF6,Negotiate,5,LogOn,Success
2026-03-28T23:59:18.525Z,DESKTOP-C332RF6$,SYSTEM,DESKTOP-C332RF6,Negotiate,5,LogOn,Success
2026-03-28T23:59:20.773Z,DESKTOP-C332RF6$,SYSTEM,DESKTOP-C332RF6,Negotiate,5,LogOn,Success
2026-03-29T00:01:11.202Z,DESKTOP-C332RF6$,UMFD-73,DESKTOP-C332RF6,Negotiate,2,LogOn,Success
2026-03-29T00:01:11.239Z,DESKTOP-C332RF6$,DWM-73,DESKTOP-C332RF6,Negotiate,2,LogOn,Success
2026-03-29T00:01:11.239Z,DESKTOP-C332RF6$,DWM-73,DESKTOP-C332RF6,Negotiate,2,LogOn,Success
2026-03-29T00:01:11.315Z,DESKTOP-C332RF6$,SYSTEM,DESKTOP-C332RF6,Negotiate,5,LogOn,Success
2026-03-29T00:01:15.628Z,DESKTOP-C332RF6$,SYSTEM,DESKTOP-C332RF6,Negotiate,5,LogOn,Success
2026-03-29T00:01:15.723Z,,UMFD-72,DESKTOP-C332RF6,,2,LogOff,LogOff
2026-03-29T00:01:15.757Z,,DWM-72,DESKTOP-C332RF6,,2,LogOff,LogOff
2026-03-29T00:01:15.757Z,,DWM-72,DESKTOP-C332RF6,,2,LogOff,LogOff
2026-03-29T00:01:16.932Z,DESKTOP-C332RF6$,SYSTEM,DESKTOP-C332RF6,Negotiate,5,LogOn,Success
2026-03-29T09:53:05.485Z,DESKTOP-C332RF6$,PC,DESKTOP-C332RF6,Negotiate,2,LogOn,Success
2026-03-29T09:53:05.485Z,DESKTOP-C332RF6$,PC,DESKTOP-C332RF6,Negotiate,2,LogOn,Success
2026-03-29T09:53:08.113Z,DESKTOP-C332RF6$,SYSTEM,DESKTOP-C332RF6,Negotiate,5,LogOn,Success
2026-03-29T09:53:15.212Z,DESKTOP-C332RF6$,SYSTEM,DESKTOP-C332RF6,Negotiate,5,LogOn,Success
2026-03-29T09:54:49.679Z,DESKTOP-C332RF6$,SYSTEM,DESKTOP-C332RF6,Negotiate,5,LogOn,Success
2026-03-29T09:58:18.111Z,DESKTOP-C332RF6$,SYSTEM,DESKTOP-C332RF6,Negotiate,5,LogOn,Success
2026-03-29T09:59:03.145Z,DESKTOP-C332RF6$,SYSTEM,DESKTOP-C332RF6,Negotiate,5,LogOn,Success
2026-03-29T09:59:03.192Z,DESKTOP-C332RF6$,SYSTEM,DESKTOP-C332RF6,Negotiate,5,LogOn,Success
2026-03-29T10:00:10.001Z,DESKTOP-C332RF6$,SYSTEM,DESKTOP-C332RF6,Negotiate,5,LogOn,Success
2026-03-29T10:04:09.655Z,DESKTOP-C332RF6$,SYSTEM,DESKTOP-C332RF6,Negotiate,5,LogOn,Success
2026-03-29T10:08:06.985Z,DESKTOP-C332RF6$,SYSTEM,DESKTOP-C332RF6,Negotiate,5,LogOn,Success
2026-03-29T10:08:09.955Z,DESKTOP-C332RF6$,SYSTEM,DESKTOP-C332RF6,Negotiate,5,LogOn,Success
2026-03-29T10:08:29.906Z,DESKTOP-C332RF6$,SYSTEM,DESKTOP-C332RF6,Negotiate,5,LogOn,Success
2026-03-29T10:10:07.906Z,DESKTOP-C332RF6$,SYSTEM,DESKTOP-C332RF6,Negotiate,5,LogOn,Success
2026-03-29T10:23:10.011Z,DESKTOP-C332RF6$,SYSTEM,DESKTOP-C332RF6,Negotiate,5,LogOn,Success
2026-03-29T10:33:15.748Z,DESKTOP-C332RF6$,SYSTEM,DESKTOP-C332RF6,Negotiate,5,LogOn,Success
2026-03-29T10:38:10.073Z,DESKTOP-C332RF6$,SYSTEM,DESKTOP-C332RF6,Negotiate,5,LogOn,Success
2026-03-29T10:53:10.138Z,DESKTOP-C332RF6$,SYSTEM,DESKTOP-C332RF6,Negotiate,5,LogOn,Success
2026-03-29T10:56:16.181Z,DESKTOP-C332RF6$,SYSTEM,DESKTOP-C332RF6,Negotiate,5,LogOn,Success
2026-03-29T11:01:29.653Z,DESKTOP-C332RF6$,SYSTEM,DESKTOP-C332RF6,Negotiate,5,LogOn,Success
2026-03-29T11:02:00.642Z,DESKTOP-C332RF6$,SYSTEM,DESKTOP-C332RF6,Negotiate,5,LogOn,Success
2026-03-29T11:03:19.393Z,DESKTOP-C332RF6$,SYSTEM,DESKTOP-C332RF6,Negotiate,5,LogOn,Success
2026-03-29T11:04:10.104Z,DESKTOP-C332RF6$,SYSTEM,DESKTOP-C332RF6,Negotiate,5,LogOn,Success
2026-03-29T11:04:51.070Z,DESKTOP-C332RF6$,SYSTEM,DESKTOP-C332RF6,Negotiate,5,LogOn,Success
2026-03-29T11:05:30.661Z,DESKTOP-C332RF6$,SYSTEM,DESKTOP-C332RF6,Negotiate,5,LogOn,Success
2026-03-29T11:08:10.201Z,DESKTOP-C332RF6$,SYSTEM,DESKTOP-C332RF6,Negotiate,5,LogOn,Success
2026-03-29T11:08:41.221Z,DESKTOP-C332RF6$,SYSTEM,DESKTOP-C332RF6,Negotiate,5,LogOn,Success
2026-03-29T11:08:41.353Z,DESKTOP-C332RF6$,SYSTEM,DESKTOP-C332RF6,Negotiate,5,LogOn,Success
2026-03-29T11:23:10.260Z,DESKTOP-C332RF6$,SYSTEM,DESKTOP-C332RF6,Negotiate,5,LogOn,Success
2026-03-29T11:23:27.394Z,DESKTOP-C332RF6$,SYSTEM,DESKTOP-C332RF6,Negotiate,5,LogOn,Success
2026-03-29T11:35:29.772Z,DESKTOP-C332RF6$,SYSTEM,DESKTOP-C332RF6,Negotiate,5,LogOn,Success
2026-03-29T11:36:27.849Z,DESKTOP-C332RF6$,SYSTEM,DESKTOP-C332RF6,Negotiate,5,LogOn,Success
2026-03-29T11:38:10.321Z,DESKTOP-C332RF6$,SYSTEM,DESKTOP-C332RF6,Negotiate,5,LogOn,Success
2026-03-29T11:52:15.593Z,DESKTOP-C332RF6$,SYSTEM,DESKTOP-C332RF6,Negotiate,5,LogOn,Success
2026-03-29T11:52:17.113Z,DESKTOP-C332RF6$,SYSTEM,DESKTOP-C332RF6,Negotiate,5,LogOn,Success
2026-03-29T11:53:06.788Z,DESKTOP-C332RF6$,SYSTEM,DESKTOP-C332RF6,Negotiate,5,LogOn,Success
2026-03-29T11:53:06.832Z,DESKTOP-C332RF6$,SYSTEM,DESKTOP-C332RF6,Negotiate,5,LogOn,Success
2026-03-29T11:53:10.422Z,DESKTOP-C332RF6$,SYSTEM,DESKTOP-C332RF6,Negotiate,5,LogOn,Success
2026-03-29T11:56:25.930Z,DESKTOP-C332RF6$,SYSTEM,DESKTOP-C332RF6,Negotiate,5,LogOn,Success
2026-03-29T12:04:10.147Z,DESKTOP-C332RF6$,SYSTEM,DESKTOP-C332RF6,Negotiate,5,LogOn,Success
2026-03-29T12:04:13.929Z,DESKTOP-C332RF6$,SYSTEM,DESKTOP-C332RF6,Negotiate,5,LogOn,Success
2026-03-29T12:08:10.398Z,DESKTOP-C332RF6$,SYSTEM,DESKTOP-C332RF6,Negotiate,5,LogOn,Success
2026-03-29T12:23:10.459Z,DESKTOP-C332RF6$,SYSTEM,DESKTOP-C332RF6,Negotiate,5,LogOn,Success
2026-03-29T12:35:20.944Z,DESKTOP-C332RF6$,SYSTEM,DESKTOP-C332RF6,Negotiate,5,LogOn,Success
2026-03-29T12:35:22.218Z,DESKTOP-C332RF6$,SYSTEM,DESKTOP-C332RF6,Negotiate,5,LogOn,Success
2026-03-29T12:35:25.367Z,DESKTOP-C332RF6$,SYSTEM,DESKTOP-C332RF6,Negotiate,5,LogOn,Success
2026-03-29T12:39:38.885Z,DESKTOP-C332RF6$,SYSTEM,DESKTOP-C332RF6,Negotiate,5,LogOn,Success
2026-03-29T12:46:41.594Z,DESKTOP-C332RF6$,SYSTEM,DESKTOP-C332RF6,Negotiate,5,LogOn,Success
2026-03-29T12:47:07.130Z,DESKTOP-C332RF6$,BD9F7E68-4B75-48AC-B77C-7F5985BA3D47,DESKTOP-C332RF6,Negotiate,5,LogOn,Success
2026-03-29T12:53:16.643Z,DESKTOP-C332RF6$,SYSTEM,DESKTOP-C332RF6,Negotiate,5,LogOn,Success
2026-03-29T12:53:20.105Z,DESKTOP-C332RF6$,SYSTEM,DESKTOP-C332RF6,Negotiate,5,LogOn,Success
2026-03-29T12:54:50.003Z,-,FakeAdminAccount,DESKTOP-C332RF6,NTLM,3,LogOn,Fail
2026-03-29T13:06:45.323Z,DESKTOP-C332RF6$,SYSTEM,DESKTOP-C332RF6,Negotiate,5,LogOn,Success
2026-03-29T13:07:48.964Z,DESKTOP-C332RF6$,UMFD-74,DESKTOP-C332RF6,Negotiate,2,LogOn,Success
2026-03-29T13:07:48.993Z,DESKTOP-C332RF6$,DWM-74,DESKTOP-C332RF6,Negotiate,2,LogOn,Success
2026-03-29T13:07:48.993Z,DESKTOP-C332RF6$,DWM-74,DESKTOP-C332RF6,Negotiate,2,LogOn,Success
2026-03-29T13:07:49.003Z,DESKTOP-C332RF6$,SYSTEM,DESKTOP-C332RF6,Negotiate,5,LogOn,Success
2026-03-29T13:07:49.092Z,DESKTOP-C332RF6$,SYSTEM,DESKTOP-C332RF6,Negotiate,5,LogOn,Success
2026-03-29T13:07:50.366Z,DESKTOP-C332RF6$,SYSTEM,DESKTOP-C332RF6,Negotiate,5,LogOn,Success
2026-03-29T13:07:54.721Z,,UMFD-73,DESKTOP-C332RF6,,2,LogOff,LogOff
2026-03-29T13:07:54.798Z,DESKTOP-C332RF6$,SYSTEM,DESKTOP-C332RF6,Negotiate,5,LogOn,Success
2026-03-29T13:07:55.971Z,DESKTOP-C332RF6$,SYSTEM,DESKTOP-C332RF6,Negotiate,5,LogOn,Success
2026-03-29T16:20:18.618Z,,DWM-73,DESKTOP-C332RF6,,2,LogOff,LogOff
2026-03-29T16:20:18.618Z,,DWM-73,DESKTOP-C332RF6,,2,LogOff,LogOff
2026-03-29T16:20:20.979Z,DESKTOP-C332RF6$,PC,DESKTOP-C332RF6,Negotiate,2,LogOn,Success
2026-03-29T16:20:20.979Z,DESKTOP-C332RF6$,PC,DESKTOP-C332RF6,Negotiate,2,LogOn,Success
2026-03-29T16:20:22.259Z,DESKTOP-C332RF6$,SYSTEM,DESKTOP-C332RF6,Negotiate,5,LogOn,Success
2026-03-29T16:20:23.031Z,DESKTOP-C332RF6$,SYSTEM,DESKTOP-C332RF6,Negotiate,5,LogOn,Success
2026-03-29T16:20:32.703Z,DESKTOP-C332RF6$,SYSTEM,DESKTOP-C332RF6,Negotiate,5,LogOn,Success
2026-03-29T16:22:05.959Z,DESKTOP-C332RF6$,SYSTEM,DESKTOP-C332RF6,Negotiate,5,LogOn,Success
2026-03-29T16:24:44.413Z,DESKTOP-C332RF6$,SYSTEM,DESKTOP-C332RF6,Negotiate,5,LogOn,Success
2026-03-29T16:28:12.562Z,DESKTOP-C332RF6$,SYSTEM,DESKTOP-C332RF6,Negotiate,5,LogOn,Success
2026-03-29T16:35:22.540Z,DESKTOP-C332RF6$,SYSTEM,DESKTOP-C332RF6,Negotiate,5,LogOn,Success
2026-03-29T16:35:26.638Z,DESKTOP-C332RF6$,SYSTEM,DESKTOP-C332RF6,Negotiate,5,LogOn,Success
2026-03-29T16:36:20.935Z,DESKTOP-C332RF6$,SYSTEM,DESKTOP-C332RF6,Negotiate,5,LogOn,Success
2026-03-29T16:36:21.093Z,DESKTOP-C332RF6$,SYSTEM,DESKTOP-C332RF6,Negotiate,5,LogOn,Success
2026-03-29T16:48:48.038Z,DESKTOP-C332RF6$,SYSTEM,DESKTOP-C332RF6,Negotiate,5,LogOn,Success
2026-03-29T16:50:26.692Z,DESKTOP-C332RF6$,SYSTEM,DESKTOP-C332RF6,Negotiate,5,LogOn,Success
2026-03-29T16:54:30.592Z,DESKTOP-C332RF6$,SYSTEM,DESKTOP-C332RF6,Negotiate,5,LogOn,Success
2026-03-29T17:02:18.851Z,DESKTOP-C332RF6$,SYSTEM,DESKTOP-C332RF6,Negotiate,5,LogOn,Success
2026-03-29T17:02:18.928Z,DESKTOP-C332RF6$,SYSTEM,DESKTOP-C332RF6,Negotiate,5,LogOn,Success
2026-03-29T17:12:47.797Z,DESKTOP-C332RF6$,SYSTEM,DESKTOP-C332RF6,Negotiate,5,LogOn,Success
2026-03-29T17:14:20.780Z,DESKTOP-C332RF6$,SYSTEM,DESKTOP-C332RF6,Negotiate,5,LogOn,Success
2026-03-29T17:17:24.645Z,DESKTOP-C332RF6$,SYSTEM,DESKTOP-C332RF6,Negotiate,5,LogOn,Success
2026-03-29T17:35:26.760Z,DESKTOP-C332RF6$,SYSTEM,DESKTOP-C332RF6,Negotiate,5,LogOn,Success
2026-03-29T17:37:29.817Z,DESKTOP-C332RF6$,SYSTEM,DESKTOP-C332RF6,Negotiate,5,LogOn,Success
2026-03-29T17:37:30.039Z,DESKTOP-C332RF6$,SYSTEM,DESKTOP-C332RF6,Negotiate,5,LogOn,Success
2026-03-29T17:47:46.477Z,DESKTOP-C332RF6$,SYSTEM,DESKTOP-C332RF6,Negotiate,5,LogOn,Success
2026-03-29T17:47:48.102Z,DESKTOP-C332RF6$,SYSTEM,DESKTOP-C332RF6,Negotiate,5,LogOn,Success
2026-03-29T18:05:26.842Z,DESKTOP-C332RF6$,SYSTEM,DESKTOP-C332RF6,Negotiate,5,LogOn,Success
2026-03-29T18:06:45.376Z,DESKTOP-C332RF6$,SYSTEM,DESKTOP-C332RF6,Negotiate,5,LogOn,Success
2026-03-29T18:15:26.039Z,DESKTOP-C332RF6$,SYSTEM,DESKTOP-C332RF6,Negotiate,5,LogOn,Success
2026-03-29T18:17:14.525Z,DESKTOP-C332RF6$,UMFD-75,DESKTOP-C332RF6,Negotiate,2,LogOn,Success
2026-03-29T18:17:14.555Z,DESKTOP-C332RF6$,DWM-75,DESKTOP-C332RF6,Negotiate,2,LogOn,Success
2026-03-29T18:17:14.555Z,DESKTOP-C332RF6$,DWM-75,DESKTOP-C332RF6,Negotiate,2,LogOn,Success
2026-03-29T18:17:14.565Z,DESKTOP-C332RF6$,SYSTEM,DESKTOP-C332RF6,Negotiate,5,LogOn,Success
2026-03-29T18:17:14.631Z,DESKTOP-C332RF6$,SYSTEM,DESKTOP-C332RF6,Negotiate,5,LogOn,Success
2026-03-29T18:17:14.781Z,DESKTOP-C332RF6$,SYSTEM,DESKTOP-C332RF6,Negotiate,5,LogOn,Success
2026-03-29T18:17:19.865Z,,UMFD-74,DESKTOP-C332RF6,,2,LogOff,LogOff
2026-03-29T18:17:19.962Z,DESKTOP-C332RF6$,SYSTEM,DESKTOP-C332RF6,Negotiate,5,LogOn,Success
2026-03-29T18:17:21.102Z,,DWM-74,DESKTOP-C332RF6,,2,LogOff,LogOff
2026-03-29T18:17:21.102Z,,DWM-74,DESKTOP-C332RF6,,2,LogOff,LogOff
2026-03-29T18:17:21.232Z,DESKTOP-C332RF6$,SYSTEM,DESKTOP-C332RF6,Negotiate,5,LogOn,Success
2026-03-29T20:45:21.587Z,DESKTOP-C332RF6$,PC,DESKTOP-C332RF6,Negotiate,2,LogOn,Success
2026-03-29T20:45:21.587Z,DESKTOP-C332RF6$,PC,DESKTOP-C332RF6,Negotiate,2,LogOn,Success
2026-03-29T20:45:24.126Z,DESKTOP-C332RF6$,SYSTEM,DESKTOP-C332RF6,Negotiate,5,LogOn,Success
2026-03-29T20:45:24.851Z,DESKTOP-C332RF6$,SYSTEM,DESKTOP-C332RF6,Negotiate,5,LogOn,Success
2026-03-29T20:45:30.991Z,DESKTOP-C332RF6$,SYSTEM,DESKTOP-C332RF6,Negotiate,5,LogOn,Success
2026-03-29T20:46:41.112Z,DESKTOP-C332RF6$,SYSTEM,DESKTOP-C332RF6,Negotiate,5,LogOn,Success
2026-03-29T20:54:01.302Z,DESKTOP-C332RF6$,SYSTEM,DESKTOP-C332RF6,Negotiate,5,LogOn,Success
2026-03-29T20:55:20.790Z,DESKTOP-C332RF6$,SYSTEM,DESKTOP-C332RF6,Negotiate,5,LogOn,Success
2026-03-29T20:59:09.952Z,DESKTOP-C332RF6$,SYSTEM,DESKTOP-C332RF6,Negotiate,5,LogOn,Success
2026-03-29T21:00:23.227Z,DESKTOP-C332RF6$,SYSTEM,DESKTOP-C332RF6,Negotiate,5,LogOn,Success
2026-03-29T21:01:05.905Z,DESKTOP-C332RF6$,SYSTEM,DESKTOP-C332RF6,Negotiate,5,LogOn,Success
2026-03-29T21:11:54.024Z,DESKTOP-C332RF6$,SYSTEM,DESKTOP-C332RF6,Negotiate,5,LogOn,Success
2026-03-29T21:16:44.083Z,DESKTOP-C332RF6$,SYSTEM,DESKTOP-C332RF6,Negotiate,5,LogOn,Success
2026-03-29T21:18:27.513Z,DESKTOP-C332RF6$,SYSTEM,DESKTOP-C332RF6,Negotiate,5,LogOn,Success
2026-03-29T21:18:54.753Z,DESKTOP-C332RF6$,SYSTEM,DESKTOP-C332RF6,Negotiate,5,LogOn,Success
2026-03-29T21:19:23.562Z,DESKTOP-C332RF6$,SYSTEM,DESKTOP-C332RF6,Negotiate,5,LogOn,Success
2026-03-29T21:36:23.305Z,DESKTOP-C332RF6$,SYSTEM,DESKTOP-C332RF6,Negotiate,5,LogOn,Success
2026-03-29T21:36:24.725Z,DESKTOP-C332RF6$,SYSTEM,DESKTOP-C332RF6,Negotiate,5,LogOn,Success
2026-03-29T21:39:40.749Z,DESKTOP-C332RF6$,SYSTEM,DESKTOP-C332RF6,Negotiate,5,LogOn,Success
2026-03-29T21:40:43.552Z,DESKTOP-C332RF6$,SYSTEM,DESKTOP-C332RF6,Negotiate,5,LogOn,Success
2026-03-29T21:41:27.714Z,DESKTOP-C332RF6$,SYSTEM,DESKTOP-C332RF6,Negotiate,5,LogOn,Success
2026-03-29T21:41:27.747Z,DESKTOP-C332RF6$,SYSTEM,DESKTOP-C332RF6,Negotiate,5,LogOn,Success
2026-03-29T21:54:13.093Z,DESKTOP-C332RF6$,SYSTEM,DESKTOP-C332RF6,Negotiate,5,LogOn,Success
2026-03-29T21:54:14.293Z,DESKTOP-C332RF6$,SYSTEM,DESKTOP-C332RF6,Negotiate,5,LogOn,Success
2026-03-29T22:06:48.427Z,DESKTOP-C332RF6$,SYSTEM,DESKTOP-C332RF6,Negotiate,5,LogOn,Success
2026-03-29T22:15:28.492Z,DESKTOP-C332RF6$,SYSTEM,DESKTOP-C332RF6,Negotiate,5,LogOn,Success
2026-03-29T22:30:27.313Z,DESKTOP-C332RF6$,SYSTEM,DESKTOP-C332RF6,Negotiate,5,LogOn,Success
2026-03-29T22:30:28.655Z,DESKTOP-C332RF6$,SYSTEM,DESKTOP-C332RF6,Negotiate,5,LogOn,Success
2026-03-29T22:45:22.524Z,DESKTOP-C332RF6$,SYSTEM,DESKTOP-C332RF6,Negotiate,5,LogOn,Success
2026-03-29T22:45:22.582Z,DESKTOP-C332RF6$,SYSTEM,DESKTOP-C332RF6,Negotiate,5,LogOn,Success
2026-03-29T22:45:27.082Z,DESKTOP-C332RF6$,SYSTEM,DESKTOP-C332RF6,Negotiate,5,LogOn,Success
2026-03-29T22:46:05.982Z,DESKTOP-C332RF6$,SYSTEM,DESKTOP-C332RF6,Negotiate,5,LogOn,Success
2026-03-29T22:46:12.710Z,DESKTOP-C332RF6$,SYSTEM,DESKTOP-C332RF6,Negotiate,5,LogOn,Success
2026-03-29T22:49:15.839Z,DESKTOP-C332RF6$,SYSTEM,DESKTOP-C332RF6,Negotiate,5,LogOn,Success
2026-03-29T22:49:16.188Z,DESKTOP-C332RF6$,SYSTEM,DESKTOP-C332RF6,Negotiate,5,LogOn,Success
2026-03-29T22:56:17.042Z,DESKTOP-C332RF6$,SYSTEM,DESKTOP-C332RF6,Negotiate,5,LogOn,Success
2026-03-29T23:06:45.375Z,DESKTOP-C332RF6$,SYSTEM,DESKTOP-C332RF6,Negotiate,5,LogOn,Success
2026-03-29T23:12:15.825Z,DESKTOP-C332RF6$,SYSTEM,DESKTOP-C332RF6,Negotiate,5,LogOn,Success
2026-03-29T23:15:29.179Z,DESKTOP-C332RF6$,SYSTEM,DESKTOP-C332RF6,Negotiate,5,LogOn,Success
2026-03-29T23:30:27.294Z,DESKTOP-C332RF6$,SYSTEM,DESKTOP-C332RF6,Negotiate,5,LogOn,Success
2026-03-29T23:30:30.203Z,DESKTOP-C332RF6$,SYSTEM,DESKTOP-C332RF6,Negotiate,5,LogOn,Success
2026-03-29T23:37:03.860Z,DESKTOP-C332RF6$,SYSTEM,DESKTOP-C332RF6,Negotiate,5,LogOn,Success
2026-03-29T23:38:17.593Z,DESKTOP-C332RF6$,SYSTEM,DESKTOP-C332RF6,Negotiate,5,LogOn,Success
2026-03-29T23:38:17.833Z,DESKTOP-C332RF6$,SYSTEM,DESKTOP-C332RF6,Negotiate,5,LogOn,Success
2026-03-29T23:38:21.799Z,DESKTOP-C332RF6$,UMFD-76,DESKTOP-C332RF6,Negotiate,2,LogOn,Success
2026-03-29T23:38:21.834Z,DESKTOP-C332RF6$,DWM-76,DESKTOP-C332RF6,Negotiate,2,LogOn,Success
2026-03-29T23:38:21.834Z,DESKTOP-C332RF6$,DWM-76,DESKTOP-C332RF6,Negotiate,2,LogOn,Success
2026-03-29T23:38:21.927Z,DESKTOP-C332RF6$,SYSTEM,DESKTOP-C332RF6,Negotiate,5,LogOn,Success
2026-03-29T23:38:22.773Z,DESKTOP-C332RF6$,SYSTEM,DESKTOP-C332RF6,Negotiate,5,LogOn,Success
2026-03-29T23:38:30.588Z,DESKTOP-C332RF6$,SYSTEM,DESKTOP-C332RF6,Negotiate,5,LogOn,Success
2026-03-29T23:38:30.929Z,,UMFD-75,DESKTOP-C332RF6,,2,LogOff,LogOff
2026-03-29T23:38:32.086Z,DESKTOP-C332RF6$,SYSTEM,DESKTOP-C332RF6,Negotiate,5,LogOn,Success
2026-03-30T09:08:41.565Z,,DWM-75,DESKTOP-C332RF6,,2,LogOff,LogOff
2026-03-30T09:08:41.565Z,,DWM-75,DESKTOP-C332RF6,,2,LogOff,LogOff
2026-03-30T09:08:43.635Z,DESKTOP-C332RF6$,PC,DESKTOP-C332RF6,Negotiate,2,LogOn,Success
2026-03-30T09:08:43.635Z,DESKTOP-C332RF6$,PC,DESKTOP-C332RF6,Negotiate,2,LogOn,Success
2026-03-30T09:08:46.269Z,DESKTOP-C332RF6$,SYSTEM,DESKTOP-C332RF6,Negotiate,5,LogOn,Success
2026-03-30T09:08:53.819Z,DESKTOP-C332RF6$,SYSTEM,DESKTOP-C332RF6,Negotiate,5,LogOn,Success
2026-03-30T09:10:27.542Z,DESKTOP-C332RF6$,SYSTEM,DESKTOP-C332RF6,Negotiate,5,LogOn,Success
2026-03-30T09:13:42.112Z,DESKTOP-C332RF6$,SYSTEM,DESKTOP-C332RF6,Negotiate,5,LogOn,Success
2026-03-30T09:14:41.175Z,DESKTOP-C332RF6$,SYSTEM,DESKTOP-C332RF6,Negotiate,5,LogOn,Success
2026-03-30T09:14:41.237Z,DESKTOP-C332RF6$,SYSTEM,DESKTOP-C332RF6,Negotiate,5,LogOn,Success
2026-03-30T09:15:07.930Z,DESKTOP-C332RF6$,SYSTEM,DESKTOP-C332RF6,Negotiate,5,LogOn,Success
2026-03-30T09:16:51.438Z,DESKTOP-C332RF6$,SYSTEM,DESKTOP-C332RF6,Negotiate,5,LogOn,Success
2026-03-30T09:17:08.441Z,DESKTOP-C332RF6$,SYSTEM,DESKTOP-C332RF6,Negotiate,5,LogOn,Success
2026-03-30T09:17:08.662Z,DESKTOP-C332RF6$,SYSTEM,DESKTOP-C332RF6,Negotiate,5,LogOn,Success
2026-03-30T09:23:44.880Z,DESKTOP-C332RF6$,SYSTEM,DESKTOP-C332RF6,Negotiate,5,LogOn,Success
2026-03-30T09:24:44.705Z,DESKTOP-C332RF6$,SYSTEM,DESKTOP-C332RF6,Negotiate,5,LogOn,Success
2026-03-30T09:24:44.845Z,DESKTOP-C332RF6$,SYSTEM,DESKTOP-C332RF6,Negotiate,5,LogOn,Success
2026-03-30T09:28:02.055Z,DESKTOP-C332RF6$,SYSTEM,DESKTOP-C332RF6,Negotiate,5,LogOn,Success
2026-03-30T09:30:58.205Z,DESKTOP-C332RF6$,SYSTEM,DESKTOP-C332RF6,Negotiate,5,LogOn,Success
2026-03-30T09:46:05.531Z,DESKTOP-C332RF6$,SYSTEM,DESKTOP-C332RF6,Negotiate,5,LogOn,Success
2026-03-30T09:46:51.303Z,DESKTOP-C332RF6$,SYSTEM,DESKTOP-C332RF6,Negotiate,5,LogOn,Success
2026-03-30T10:01:46.646Z,DESKTOP-C332RF6$,SYSTEM,DESKTOP-C332RF6,Negotiate,5,LogOn,Success
2026-03-30T10:01:46.726Z,DESKTOP-C332RF6$,SYSTEM,DESKTOP-C332RF6,Negotiate,5,LogOn,Success
2026-03-30T10:01:49.312Z,DESKTOP-C332RF6$,SYSTEM,DESKTOP-C332RF6,Negotiate,5,LogOn,Success
2026-03-30T10:01:57.298Z,DESKTOP-C332RF6$,SYSTEM,DESKTOP-C332RF6,Negotiate,5,LogOn,Success
2026-03-30T10:12:44.004Z,DESKTOP-C332RF6$,SYSTEM,DESKTOP-C332RF6,Negotiate,5,LogOn,Success
2026-03-30T10:12:44.185Z,DESKTOP-C332RF6$,SYSTEM,DESKTOP-C332RF6,Negotiate,5,LogOn,Success
2026-03-30T10:33:52.883Z,DESKTOP-C332RF6$,SYSTEM,DESKTOP-C332RF6,Negotiate,5,LogOn,Success
2026-03-30T10:33:54.604Z,DESKTOP-C332RF6$,SYSTEM,DESKTOP-C332RF6,Negotiate,5,LogOn,Success
2026-03-30T10:33:54.666Z,DESKTOP-C332RF6$,SYSTEM,DESKTOP-C332RF6,Negotiate,5,LogOn,Success
2026-03-30T10:34:00.465Z,DESKTOP-C332RF6$,SYSTEM,DESKTOP-C332RF6,Negotiate,5,LogOn,Success
2026-03-30T10:34:04.955Z,DESKTOP-C332RF6$,PC,DESKTOP-C332RF6,Negotiate,2,LogOn,Success
2026-03-30T10:34:04.955Z,DESKTOP-C332RF6$,PC,DESKTOP-C332RF6,Negotiate,2,LogOn,Success
2026-03-30T10:34:04.955Z,,PC,DESKTOP-C332RF6,,2,LogOff,LogOff
2026-03-30T10:34:04.955Z,,PC,DESKTOP-C332RF6,,2,LogOff,LogOff
2026-03-30T10:34:11.145Z,DESKTOP-C332RF6$,SYSTEM,DESKTOP-C332RF6,Negotiate,5,LogOn,Success
2026-03-30T10:36:00.950Z,DESKTOP-C332RF6$,SYSTEM,DESKTOP-C332RF6,Negotiate,5,LogOn,Success
2026-03-30T10:36:01.174Z,DESKTOP-C332RF6$,SYSTEM,DESKTOP-C332RF6,Negotiate,5,LogOn,Success
2026-03-30T10:54:30.528Z,DESKTOP-C332RF6$,SYSTEM,DESKTOP-C332RF6,Negotiate,5,LogOn,Success
2026-03-30T10:55:04.248Z,DESKTOP-C332RF6$,SYSTEM,DESKTOP-C332RF6,Negotiate,5,LogOn,Success
2026-03-30T10:55:08.442Z,DESKTOP-C332RF6$,SYSTEM,DESKTOP-C332RF6,Negotiate,5,LogOn,Success
2026-03-30T10:55:45.676Z,DESKTOP-C332RF6$,SYSTEM,DESKTOP-C332RF6,Negotiate,5,LogOn,Success
2026-03-30T10:57:00.685Z,DESKTOP-C332RF6$,SYSTEM,DESKTOP-C332RF6,Negotiate,5,LogOn,Success
2026-03-30T10:57:01.659Z,DESKTOP-C332RF6$,SYSTEM,DESKTOP-C332RF6,Negotiate,5,LogOn,Success
2026-03-30T10:57:04.068Z,DESKTOP-C332RF6$,SYSTEM,DESKTOP-C332RF6,Negotiate,5,LogOn,Success
2026-03-30T10:57:09.037Z,DESKTOP-C332RF6$,SYSTEM,DESKTOP-C332RF6,Negotiate,5,LogOn,Success
2026-03-30T10:57:09.278Z,DESKTOP-C332RF6$,SYSTEM,DESKTOP-C332RF6,Negotiate,5,LogOn,Success
2026-03-30T11:04:51.089Z,DESKTOP-C332RF6$,SYSTEM,DESKTOP-C332RF6,Negotiate,5,LogOn,Success
2026-03-30T11:08:44.778Z,DESKTOP-C332RF6$,SYSTEM,DESKTOP-C332RF6,Negotiate,5,LogOn,Success
2026-03-30T11:08:44.833Z,DESKTOP-C332RF6$,SYSTEM,DESKTOP-C332RF6,Negotiate,5,LogOn,Success
2026-03-30T11:08:45.071Z,DESKTOP-C332RF6$,SYSTEM,DESKTOP-C332RF6,Negotiate,5,LogOn,Success
2026-03-30T11:08:45.108Z,DESKTOP-C332RF6$,SYSTEM,DESKTOP-C332RF6,Negotiate,5,LogOn,Success
2026-03-30T11:08:48.568Z,DESKTOP-C332RF6$,SYSTEM,DESKTOP-C332RF6,Negotiate,5,LogOn,Success
2026-03-30T11:10:46.521Z,DESKTOP-C332RF6$,SYSTEM,DESKTOP-C332RF6,Negotiate,5,LogOn,Success
2026-03-30T11:12:02.335Z,DESKTOP-C332RF6$,SYSTEM,DESKTOP-C332RF6,Negotiate,5,LogOn,Success
2026-03-30T11:12:04.130Z,DESKTOP-C332RF6$,SYSTEM,DESKTOP-C332RF6,Negotiate,5,LogOn,Success
2026-03-30T11:13:42.892Z,DESKTOP-C332RF6$,SYSTEM,DESKTOP-C332RF6,Negotiate,5,LogOn,Success
2026-03-30T11:15:04.424Z,DESKTOP-C332RF6$,SYSTEM,DESKTOP-C332RF6,Negotiate,5,LogOn,Success
2026-03-30T11:15:08.613Z,DESKTOP-C332RF6$,SYSTEM,DESKTOP-C332RF6,Negotiate,5,LogOn,Success
2026-03-30T11:17:15.143Z,DESKTOP-C332RF6$,SYSTEM,DESKTOP-C332RF6,Negotiate,5,LogOn,Success
2026-03-30T11:17:15.366Z,DESKTOP-C332RF6$,SYSTEM,DESKTOP-C332RF6,Negotiate,5,LogOn,Success
2026-03-30T11:33:55.343Z,DESKTOP-C332RF6$,SYSTEM,DESKTOP-C332RF6,Negotiate,5,LogOn,Success
2026-03-30T11:35:05.037Z,DESKTOP-C332RF6$,SYSTEM,DESKTOP-C332RF6,Negotiate,5,LogOn,Success
2026-03-30T11:35:09.238Z,DESKTOP-C332RF6$,SYSTEM,DESKTOP-C332RF6,Negotiate,5,LogOn,Success
2026-03-30T11:37:15.776Z,DESKTOP-C332RF6$,SYSTEM,DESKTOP-C332RF6,Negotiate,5,LogOn,Success
2026-03-30T11:37:15.995Z,DESKTOP-C332RF6$,SYSTEM,DESKTOP-C332RF6,Negotiate,5,LogOn,Success
2026-03-30T11:47:14.735Z,DESKTOP-C332RF6$,SYSTEM,DESKTOP-C332RF6,Negotiate,5,LogOn,Success
2026-03-30T11:55:04.729Z,DESKTOP-C332RF6$,SYSTEM,DESKTOP-C332RF6,Negotiate,5,LogOn,Success
2026-03-30T11:55:08.910Z,DESKTOP-C332RF6$,SYSTEM,DESKTOP-C332RF6,Negotiate,5,LogOn,Success
2026-03-30T12:01:40.634Z,DESKTOP-C332RF6$,SYSTEM,DESKTOP-C332RF6,Negotiate,5,LogOn,Success
2026-03-30T12:01:40.894Z,DESKTOP-C332RF6$,SYSTEM,DESKTOP-C332RF6,Negotiate,5,LogOn,Success
2026-03-30T12:14:10.794Z,DESKTOP-C332RF6$,SYSTEM,DESKTOP-C332RF6,Negotiate,5,LogOn,Success
2026-03-30T12:33:53.741Z,DESKTOP-C332RF6$,SYSTEM,DESKTOP-C332RF6,Negotiate,5,LogOn,Success
2026-03-30T12:33:57.806Z,DESKTOP-C332RF6$,SYSTEM,DESKTOP-C332RF6,Negotiate,5,LogOn,Success
2026-03-30T12:35:40.700Z,DESKTOP-C332RF6$,SYSTEM,DESKTOP-C332RF6,Negotiate,5,LogOn,Success
2026-03-30T12:35:42.428Z,DESKTOP-C332RF6$,SYSTEM,DESKTOP-C332RF6,Negotiate,5,LogOn,Success
2026-03-30T12:35:43.833Z,DESKTOP-C332RF6$,SYSTEM,DESKTOP-C332RF6,Negotiate,5,LogOn,Success
2026-03-30T12:35:50.356Z,DESKTOP-C332RF6$,PC,DESKTOP-C332RF6,Negotiate,2,LogOn,Success
2026-03-30T12:35:50.356Z,DESKTOP-C332RF6$,PC,DESKTOP-C332RF6,Negotiate,2,LogOn,Success
2026-03-30T12:35:50.357Z,,PC,DESKTOP-C332RF6,,2,LogOff,LogOff
2026-03-30T12:35:50.357Z,,PC,DESKTOP-C332RF6,,2,LogOff,LogOff
2026-03-30T12:36:05.386Z,DESKTOP-C332RF6$,SYSTEM,DESKTOP-C332RF6,Negotiate,5,LogOn,Success
2026-03-30T12:36:44.455Z,DESKTOP-C332RF6$,SYSTEM,DESKTOP-C332RF6,Negotiate,5,LogOn,Success
2026-03-30T12:37:43.241Z,DESKTOP-C332RF6$,SYSTEM,DESKTOP-C332RF6,Negotiate,5,LogOn,Success
2026-03-30T12:37:44.930Z,DESKTOP-C332RF6$,SYSTEM,DESKTOP-C332RF6,Negotiate,5,LogOn,Success
2026-03-30T12:37:55.228Z,DESKTOP-C332RF6$,UMFD-77,DESKTOP-C332RF6,Negotiate,2,LogOn,Success
2026-03-30T12:37:55.266Z,DESKTOP-C332RF6$,DWM-77,DESKTOP-C332RF6,Negotiate,2,LogOn,Success
2026-03-30T12:37:55.266Z,DESKTOP-C332RF6$,DWM-77,DESKTOP-C332RF6,Negotiate,2,LogOn,Success
2026-03-30T12:38:00.096Z,,UMFD-76,DESKTOP-C332RF6,,2,LogOff,LogOff
2026-03-30T12:38:01.331Z,,DWM-76,DESKTOP-C332RF6,,2,LogOff,LogOff
2026-03-30T12:38:01.332Z,,DWM-76,DESKTOP-C332RF6,,2,LogOff,LogOff
2026-03-30T12:38:04.076Z,DESKTOP-C332RF6$,SYSTEM,DESKTOP-C332RF6,Negotiate,5,LogOn,Success
2026-03-30T16:16:48.907Z,DESKTOP-C332RF6$,SYSTEM,DESKTOP-C332RF6,Negotiate,5,LogOn,Success
2026-03-30T16:16:49.215Z,DESKTOP-C332RF6$,SYSTEM,DESKTOP-C332RF6,Negotiate,5,LogOn,Success
2026-03-30T16:16:49.496Z,DESKTOP-C332RF6$,PC,DESKTOP-C332RF6,Negotiate,2,LogOn,Success
2026-03-30T16:16:49.496Z,DESKTOP-C332RF6$,PC,DESKTOP-C332RF6,Negotiate,2,LogOn,Success
2026-03-30T16:16:50.656Z,DESKTOP-C332RF6$,SYSTEM,DESKTOP-C332RF6,Negotiate,5,LogOn,Success
2026-03-30T16:16:50.700Z,DESKTOP-C332RF6$,SYSTEM,DESKTOP-C332RF6,Negotiate,5,LogOn,Success
2026-03-30T16:16:59.083Z,DESKTOP-C332RF6$,SYSTEM,DESKTOP-C332RF6,Negotiate,5,LogOn,Success
2026-03-30T16:17:00.616Z,DESKTOP-C332RF6$,SYSTEM,DESKTOP-C332RF6,Negotiate,5,LogOn,Success
2026-03-30T16:18:34.594Z,DESKTOP-C332RF6$,SYSTEM,DESKTOP-C332RF6,Negotiate,5,LogOn,Success
2026-03-30T16:23:03.787Z,DESKTOP-C332RF6$,SYSTEM,DESKTOP-C332RF6,Negotiate,5,LogOn,Success
2026-03-30T16:25:04.416Z,DESKTOP-C332RF6$,SYSTEM,DESKTOP-C332RF6,Negotiate,5,LogOn,Success
2026-03-30T16:25:04.654Z,DESKTOP-C332RF6$,SYSTEM,DESKTOP-C332RF6,Negotiate,5,LogOn,Success
2026-03-30T16:26:29.575Z,DESKTOP-C332RF6$,SYSTEM,DESKTOP-C332RF6,Negotiate,5,LogOn,Success
2026-03-30T16:26:54.007Z,DESKTOP-C332RF6$,SYSTEM,DESKTOP-C332RF6,Negotiate,5,LogOn,Success
2026-03-30T16:27:03.682Z,DESKTOP-C332RF6$,SYSTEM,DESKTOP-C332RF6,Negotiate,5,LogOn,Success
2026-03-30T16:31:51.979Z,DESKTOP-C332RF6$,SYSTEM,DESKTOP-C332RF6,Negotiate,5,LogOn,Success
2026-03-30T16:31:53.904Z,DESKTOP-C332RF6$,SYSTEM,DESKTOP-C332RF6,Negotiate,5,LogOn,Success
2026-03-30T16:31:54.981Z,DESKTOP-C332RF6$,SYSTEM,DESKTOP-C332RF6,Negotiate,5,LogOn,Success
2026-03-30T16:32:06.267Z,DESKTOP-C332RF6$,SYSTEM,DESKTOP-C332RF6,Negotiate,5,LogOn,Success
2026-03-30T16:36:54.759Z,DESKTOP-C332RF6$,SYSTEM,DESKTOP-C332RF6,Negotiate,5,LogOn,Success
2026-03-30T16:43:03.856Z,DESKTOP-C332RF6$,SYSTEM,DESKTOP-C332RF6,Negotiate,5,LogOn,Success
2026-03-30T16:43:08.078Z,DESKTOP-C332RF6$,SYSTEM,DESKTOP-C332RF6,Negotiate,5,LogOn,Success
2026-03-30T16:45:08.836Z,DESKTOP-C332RF6$,SYSTEM,DESKTOP-C332RF6,Negotiate,5,LogOn,Success
2026-03-30T16:45:09.090Z,DESKTOP-C332RF6$,SYSTEM,DESKTOP-C332RF6,Negotiate,5,LogOn,Success
2026-03-30T16:45:20.200Z,DESKTOP-C332RF6$,SYSTEM,DESKTOP-C332RF6,Negotiate,5,LogOn,Success
2026-03-30T16:45:20.902Z,DESKTOP-C332RF6$,SYSTEM,DESKTOP-C332RF6,Negotiate,5,LogOn,Success
2026-03-30T16:46:25.449Z,DESKTOP-C332RF6$,SYSTEM,DESKTOP-C332RF6,Negotiate,5,LogOn,Success
2026-03-30T16:46:41.088Z,DESKTOP-C332RF6$,SYSTEM,DESKTOP-C332RF6,Negotiate,5,LogOn,Success
2026-03-30T16:50:54.364Z,DESKTOP-C332RF6$,SYSTEM,DESKTOP-C332RF6,Negotiate,5,LogOn,Success
2026-03-30T16:55:41.754Z,DESKTOP-C332RF6$,SYSTEM,DESKTOP-C332RF6,Negotiate,5,LogOn,Success
2026-03-30T16:55:44.813Z,DESKTOP-C332RF6$,SYSTEM,DESKTOP-C332RF6,Negotiate,5,LogOn,Success
2026-03-30T17:03:04.086Z,DESKTOP-C332RF6$,SYSTEM,DESKTOP-C332RF6,Negotiate,5,LogOn,Success
2026-03-30T17:03:08.326Z,DESKTOP-C332RF6$,SYSTEM,DESKTOP-C332RF6,Negotiate,5,LogOn,Success
2026-03-30T17:05:08.907Z,DESKTOP-C332RF6$,SYSTEM,DESKTOP-C332RF6,Negotiate,5,LogOn,Success
2026-03-30T17:05:09.138Z,DESKTOP-C332RF6$,SYSTEM,DESKTOP-C332RF6,Negotiate,5,LogOn,Success
2026-03-30T17:06:45.326Z,DESKTOP-C332RF6$,SYSTEM,DESKTOP-C332RF6,Negotiate,5,LogOn,Success
2026-03-30T17:10:04.127Z,DESKTOP-C332RF6$,SYSTEM,DESKTOP-C332RF6,Negotiate,5,LogOn,Success
2026-03-30T17:10:04.190Z,DESKTOP-C332RF6$,SYSTEM,DESKTOP-C332RF6,Negotiate,5,LogOn,Success
2026-03-30T17:18:55.629Z,DESKTOP-C332RF6$,SYSTEM,DESKTOP-C332RF6,Negotiate,5,LogOn,Success
2026-03-30T17:23:04.759Z,DESKTOP-C332RF6$,SYSTEM,DESKTOP-C332RF6,Negotiate,5,LogOn,Success
2026-03-30T17:23:08.996Z,DESKTOP-C332RF6$,SYSTEM,DESKTOP-C332RF6,Negotiate,5,LogOn,Success
2026-03-30T17:24:34.831Z,DESKTOP-C332RF6$,SYSTEM,DESKTOP-C332RF6,Negotiate,5,LogOn,Success
2026-03-30T17:25:09.576Z,DESKTOP-C332RF6$,SYSTEM,DESKTOP-C332RF6,Negotiate,5,LogOn,Success
2026-03-30T17:25:09.843Z,DESKTOP-C332RF6$,SYSTEM,DESKTOP-C332RF6,Negotiate,5,LogOn,Success
2026-03-30T17:25:55.787Z,DESKTOP-C332RF6$,SYSTEM,DESKTOP-C332RF6,Negotiate,5,LogOn,Success
2026-03-30T17:30:52.428Z,DESKTOP-C332RF6$,SYSTEM,DESKTOP-C332RF6,Negotiate,5,LogOn,Success
2026-03-30T17:33:55.337Z,DESKTOP-C332RF6$,SYSTEM,DESKTOP-C332RF6,Negotiate,5,LogOn,Success
2026-03-30T17:39:27.877Z,DESKTOP-C332RF6$,SYSTEM,DESKTOP-C332RF6,Negotiate,5,LogOn,Success
2026-03-30T17:43:04.236Z,DESKTOP-C332RF6$,SYSTEM,DESKTOP-C332RF6,Negotiate,5,LogOn,Success
2026-03-30T17:43:08.468Z,DESKTOP-C332RF6$,SYSTEM,DESKTOP-C332RF6,Negotiate,5,LogOn,Success
2026-03-30T17:44:13.704Z,DESKTOP-C332RF6$,SYSTEM,DESKTOP-C332RF6,Negotiate,5,LogOn,Success
2026-03-30T17:44:14.990Z,DESKTOP-C332RF6$,SYSTEM,DESKTOP-C332RF6,Negotiate,5,LogOn,Success
2026-03-30T17:45:08.944Z,DESKTOP-C332RF6$,SYSTEM,DESKTOP-C332RF6,Negotiate,5,LogOn,Success
2026-03-30T17:45:09.167Z,DESKTOP-C332RF6$,SYSTEM,DESKTOP-C332RF6,Negotiate,5,LogOn,Success
2026-03-30T17:48:36.185Z,DESKTOP-C332RF6$,SYSTEM,DESKTOP-C332RF6,Negotiate,5,LogOn,Success
2026-03-30T17:49:37.146Z,DESKTOP-C332RF6$,SYSTEM,DESKTOP-C332RF6,Negotiate,5,LogOn,Success
2026-03-30T17:49:37.171Z,DESKTOP-C332RF6$,SYSTEM,DESKTOP-C332RF6,Negotiate,5,LogOn,Success
2026-03-30T17:49:37.639Z,DESKTOP-C332RF6$,SYSTEM,DESKTOP-C332RF6,Negotiate,5,LogOn,Success
2026-03-30T17:49:38.460Z,DESKTOP-C332RF6$,SYSTEM,DESKTOP-C332RF6,Negotiate,5,LogOn,Success
2026-03-30T17:55:42.388Z,DESKTOP-C332RF6$,SYSTEM,DESKTOP-C332RF6,Negotiate,5,LogOn,Success
2026-03-30T18:03:04.304Z,DESKTOP-C332RF6$,SYSTEM,DESKTOP-C332RF6,Negotiate,5,LogOn,Success
2026-03-30T18:03:08.498Z,DESKTOP-C332RF6$,SYSTEM,DESKTOP-C332RF6,Negotiate,5,LogOn,Success
2026-03-30T18:04:32.924Z,DESKTOP-C332RF6$,SYSTEM,DESKTOP-C332RF6,Negotiate,5,LogOn,Success
2026-03-30T18:05:08.975Z,DESKTOP-C332RF6$,SYSTEM,DESKTOP-C332RF6,Negotiate,5,LogOn,Success
2026-03-30T18:05:09.234Z,DESKTOP-C332RF6$,SYSTEM,DESKTOP-C332RF6,Negotiate,5,LogOn,Success
2026-03-30T18:06:45.320Z,DESKTOP-C332RF6$,SYSTEM,DESKTOP-C332RF6,Negotiate,5,LogOn,Success
2026-03-30T18:08:45.148Z,DESKTOP-C332RF6$,SYSTEM,DESKTOP-C332RF6,Negotiate,5,LogOn,Success
2026-03-30T18:16:51.707Z,DESKTOP-C332RF6$,SYSTEM,DESKTOP-C332RF6,Negotiate,5,LogOn,Success
2026-03-30T18:16:51.746Z,DESKTOP-C332RF6$,SYSTEM,DESKTOP-C332RF6,Negotiate,5,LogOn,Success
2026-03-30T18:16:55.053Z,DESKTOP-C332RF6$,SYSTEM,DESKTOP-C332RF6,Negotiate,5,LogOn,Success
2026-03-30T18:23:04.893Z,DESKTOP-C332RF6$,SYSTEM,DESKTOP-C332RF6,Negotiate,5,LogOn,Success
2026-03-30T18:23:09.085Z,DESKTOP-C332RF6$,SYSTEM,DESKTOP-C332RF6,Negotiate,5,LogOn,Success
2026-03-30T18:25:09.633Z,DESKTOP-C332RF6$,SYSTEM,DESKTOP-C332RF6,Negotiate,5,LogOn,Success
2026-03-30T18:25:09.859Z,DESKTOP-C332RF6$,SYSTEM,DESKTOP-C332RF6,Negotiate,5,LogOn,Success
2026-03-30T18:25:55.998Z,DESKTOP-C332RF6$,SYSTEM,DESKTOP-C332RF6,Negotiate,5,LogOn,Success
2026-03-30T18:33:55.434Z,DESKTOP-C332RF6$,SYSTEM,DESKTOP-C332RF6,Negotiate,5,LogOn,Success
2026-03-30T18:43:04.339Z,DESKTOP-C332RF6$,SYSTEM,DESKTOP-C332RF6,Negotiate,5,LogOn,Success
2026-03-30T18:43:08.536Z,DESKTOP-C332RF6$,SYSTEM,DESKTOP-C332RF6,Negotiate,5,LogOn,Success
2026-03-30T18:44:25.019Z,DESKTOP-C332RF6$,SYSTEM,DESKTOP-C332RF6,Negotiate,5,LogOn,Success
2026-03-30T18:44:25.096Z,DESKTOP-C332RF6$,SYSTEM,DESKTOP-C332RF6,Negotiate,5,LogOn,Success
2026-03-30T18:45:09.075Z,DESKTOP-C332RF6$,SYSTEM,DESKTOP-C332RF6,Negotiate,5,LogOn,Success
2026-03-30T18:45:09.283Z,DESKTOP-C332RF6$,SYSTEM,DESKTOP-C332RF6,Negotiate,5,LogOn,Success
2026-03-30T18:47:21.054Z,DESKTOP-C332RF6$,SYSTEM,DESKTOP-C332RF6,Negotiate,5,LogOn,Success
2026-03-30T18:51:02.161Z,DESKTOP-C332RF6$,SYSTEM,DESKTOP-C332RF6,Negotiate,5,LogOn,Success
2026-03-30T18:56:09.144Z,DESKTOP-C332RF6$,SYSTEM,DESKTOP-C332RF6,Negotiate,5,LogOn,Success
2026-03-30T19:06:09.583Z,DESKTOP-C332RF6$,SYSTEM,DESKTOP-C332RF6,Negotiate,5,LogOn,Success
2026-03-30T19:25:56.178Z,DESKTOP-C332RF6$,SYSTEM,DESKTOP-C332RF6,Negotiate,5,LogOn,Success
2026-03-30T19:52:14.956Z,DESKTOP-C332RF6$,SYSTEM,DESKTOP-C332RF6,Negotiate,5,LogOn,Success
2026-03-30T19:52:16.607Z,DESKTOP-C332RF6$,SYSTEM,DESKTOP-C332RF6,Negotiate,5,LogOn,Success
2026-03-30T19:52:19.526Z,DESKTOP-C332RF6$,SYSTEM,DESKTOP-C332RF6,Negotiate,5,LogOn,Success
2026-03-30T19:52:19.787Z,DESKTOP-C332RF6$,SYSTEM,DESKTOP-C332RF6,Negotiate,5,LogOn,Success
2026-03-30T19:52:24.016Z,DESKTOP-C332RF6$,SYSTEM,DESKTOP-C332RF6,Negotiate,5,LogOn,Success
2026-03-30T19:54:24.500Z,DESKTOP-C332RF6$,SYSTEM,DESKTOP-C332RF6,Negotiate,5,LogOn,Success
2026-03-30T19:54:24.707Z,DESKTOP-C332RF6$,SYSTEM,DESKTOP-C332RF6,Negotiate,5,LogOn,Success
2026-03-30T19:55:43.390Z,DESKTOP-C332RF6$,SYSTEM,DESKTOP-C332RF6,Negotiate,5,LogOn,Success
2026-03-30T20:13:04.421Z,DESKTOP-C332RF6$,SYSTEM,DESKTOP-C332RF6,Negotiate,5,LogOn,Success
2026-03-30T20:13:08.618Z,DESKTOP-C332RF6$,SYSTEM,DESKTOP-C332RF6,Negotiate,5,LogOn,Success
2026-03-30T20:15:15.038Z,DESKTOP-C332RF6$,SYSTEM,DESKTOP-C332RF6,Negotiate,5,LogOn,Success
2026-03-30T20:15:15.236Z,DESKTOP-C332RF6$,SYSTEM,DESKTOP-C332RF6,Negotiate,5,LogOn,Success
2026-03-30T20:26:08.020Z,DESKTOP-C332RF6$,SYSTEM,DESKTOP-C332RF6,Negotiate,5,LogOn,Success
2026-03-30T20:33:04.469Z,DESKTOP-C332RF6$,SYSTEM,DESKTOP-C332RF6,Negotiate,5,LogOn,Success
2026-03-30T20:33:08.648Z,DESKTOP-C332RF6$,SYSTEM,DESKTOP-C332RF6,Negotiate,5,LogOn,Success
2026-03-30T20:33:57.556Z,DESKTOP-C332RF6$,SYSTEM,DESKTOP-C332RF6,Negotiate,5,LogOn,Success
2026-03-30T20:35:15.088Z,DESKTOP-C332RF6$,SYSTEM,DESKTOP-C332RF6,Negotiate,5,LogOn,Success
2026-03-30T20:35:15.288Z,DESKTOP-C332RF6$,SYSTEM,DESKTOP-C332RF6,Negotiate,5,LogOn,Success
2026-03-30T20:56:06.020Z,DESKTOP-C332RF6$,SYSTEM,DESKTOP-C332RF6,Negotiate,5,LogOn,Success
2026-03-30T20:56:07.429Z,DESKTOP-C332RF6$,SYSTEM,DESKTOP-C332RF6,Negotiate,5,LogOn,Success
2026-03-30T20:56:07.557Z,DESKTOP-C332RF6$,SYSTEM,DESKTOP-C332RF6,Negotiate,5,LogOn,Success
2026-03-30T21:20:47.277Z,DESKTOP-C332RF6$,SYSTEM,DESKTOP-C332RF6,Negotiate,5,LogOn,Success
2026-03-30T21:20:48.932Z,DESKTOP-C332RF6$,SYSTEM,DESKTOP-C332RF6,Negotiate,5,LogOn,Success
2026-03-30T21:20:48.988Z,DESKTOP-C332RF6$,SYSTEM,DESKTOP-C332RF6,Negotiate,5,LogOn,Success
2026-03-30T21:20:51.101Z,DESKTOP-C332RF6$,SYSTEM,DESKTOP-C332RF6,Negotiate,5,LogOn,Success
2026-03-30T21:20:52.398Z,DESKTOP-C332RF6$,SYSTEM,DESKTOP-C332RF6,Negotiate,5,LogOn,Success
2026-03-30T21:20:54.388Z,DESKTOP-C332RF6$,PC,DESKTOP-C332RF6,Negotiate,2,LogOn,Success
2026-03-30T21:20:54.388Z,DESKTOP-C332RF6$,PC,DESKTOP-C332RF6,Negotiate,2,LogOn,Success
2026-03-30T21:20:54.389Z,,PC,DESKTOP-C332RF6,,2,LogOff,LogOff
2026-03-30T21:20:54.389Z,,PC,DESKTOP-C332RF6,,2,LogOff,LogOff
2026-03-30T21:20:55.321Z,DESKTOP-C332RF6$,SYSTEM,DESKTOP-C332RF6,Negotiate,5,LogOn,Success
2026-03-30T21:21:04.093Z,DESKTOP-C332RF6$,SYSTEM,DESKTOP-C332RF6,Negotiate,5,LogOn,Success
2026-03-30T21:22:26.291Z,DESKTOP-C332RF6$,SYSTEM,DESKTOP-C332RF6,Negotiate,5,LogOn,Success
2026-03-30T21:22:55.954Z,DESKTOP-C332RF6$,SYSTEM,DESKTOP-C332RF6,Negotiate,5,LogOn,Success
2026-03-30T21:22:56.173Z,DESKTOP-C332RF6$,SYSTEM,DESKTOP-C332RF6,Negotiate,5,LogOn,Success
2026-03-30T21:27:47.307Z,DESKTOP-C332RF6$,SYSTEM,DESKTOP-C332RF6,Negotiate,5,LogOn,Success
2026-03-30T21:32:05.753Z,DESKTOP-C332RF6$,SYSTEM,DESKTOP-C332RF6,Negotiate,5,LogOn,Success
2026-03-30T21:36:33.539Z,DESKTOP-C332RF6$,SYSTEM,DESKTOP-C332RF6,Negotiate,5,LogOn,Success
2026-03-30T21:39:04.860Z,DESKTOP-C332RF6$,SYSTEM,DESKTOP-C332RF6,Negotiate,5,LogOn,Success
2026-03-30T21:39:04.929Z,DESKTOP-C332RF6$,SYSTEM,DESKTOP-C332RF6,Negotiate,5,LogOn,Success
2026-03-30T21:39:05.923Z,DESKTOP-C332RF6$,SYSTEM,DESKTOP-C332RF6,Negotiate,5,LogOn,Success
2026-03-30T21:39:07.024Z,DESKTOP-C332RF6$,SYSTEM,DESKTOP-C332RF6,Negotiate,5,LogOn,Success
2026-03-30T21:42:20.304Z,DESKTOP-C332RF6$,SYSTEM,DESKTOP-C332RF6,Negotiate,5,LogOn,Success
2026-03-30T21:43:03.499Z,DESKTOP-C332RF6$,SYSTEM,DESKTOP-C332RF6,Negotiate,5,LogOn,Success
2026-03-30T21:43:07.682Z,DESKTOP-C332RF6$,SYSTEM,DESKTOP-C332RF6,Negotiate,5,LogOn,Success
2026-03-30T21:43:41.643Z,DESKTOP-C332RF6$,SYSTEM,DESKTOP-C332RF6,Negotiate,5,LogOn,Success
2026-03-30T21:45:09.618Z,DESKTOP-C332RF6$,SYSTEM,DESKTOP-C332RF6,Negotiate,5,LogOn,Success
2026-03-30T21:45:09.832Z,DESKTOP-C332RF6$,SYSTEM,DESKTOP-C332RF6,Negotiate,5,LogOn,Success
2026-03-30T21:54:23.145Z,DESKTOP-C332RF6$,SYSTEM,DESKTOP-C332RF6,Negotiate,5,LogOn,Success
2026-03-30T21:57:44.775Z,DESKTOP-C332RF6$,SYSTEM,DESKTOP-C332RF6,Negotiate,5,LogOn,Success
2026-03-30T22:03:03.617Z,DESKTOP-C332RF6$,SYSTEM,DESKTOP-C332RF6,Negotiate,5,LogOn,Success
2026-03-30T22:03:07.868Z,DESKTOP-C332RF6$,SYSTEM,DESKTOP-C332RF6,Negotiate,5,LogOn,Success
2026-03-30T22:05:08.548Z,DESKTOP-C332RF6$,SYSTEM,DESKTOP-C332RF6,Negotiate,5,LogOn,Success
2026-03-30T22:05:08.804Z,DESKTOP-C332RF6$,SYSTEM,DESKTOP-C332RF6,Negotiate,5,LogOn,Success
2026-03-30T22:06:45.377Z,DESKTOP-C332RF6$,SYSTEM,DESKTOP-C332RF6,Negotiate,5,LogOn,Success
2026-03-30T22:16:36.594Z,DESKTOP-C332RF6$,SYSTEM,DESKTOP-C332RF6,Negotiate,5,LogOn,Success
2026-03-30T22:23:04.411Z,DESKTOP-C332RF6$,SYSTEM,DESKTOP-C332RF6,Negotiate,5,LogOn,Success
2026-03-30T22:23:08.626Z,DESKTOP-C332RF6$,SYSTEM,DESKTOP-C332RF6,Negotiate,5,LogOn,Success
2026-03-30T22:25:09.382Z,DESKTOP-C332RF6$,SYSTEM,DESKTOP-C332RF6,Negotiate,5,LogOn,Success
2026-03-30T22:25:09.654Z,DESKTOP-C332RF6$,SYSTEM,DESKTOP-C332RF6,Negotiate,5,LogOn,Success
2026-03-30T22:26:08.360Z,DESKTOP-C332RF6$,SYSTEM,DESKTOP-C332RF6,Negotiate,5,LogOn,Success
2026-03-30T22:33:55.408Z,DESKTOP-C332RF6$,SYSTEM,DESKTOP-C332RF6,Negotiate,5,LogOn,Success
2026-03-30T22:43:03.641Z,DESKTOP-C332RF6$,SYSTEM,DESKTOP-C332RF6,Negotiate,5,LogOn,Success
2026-03-30T22:43:07.883Z,DESKTOP-C332RF6$,SYSTEM,DESKTOP-C332RF6,Negotiate,5,LogOn,Success
2026-03-30T22:45:08.574Z,DESKTOP-C332RF6$,SYSTEM,DESKTOP-C332RF6,Negotiate,5,LogOn,Success
2026-03-30T22:45:08.846Z,DESKTOP-C332RF6$,SYSTEM,DESKTOP-C332RF6,Negotiate,5,LogOn,Success
2026-03-30T22:50:35.539Z,DESKTOP-C332RF6$,SYSTEM,DESKTOP-C332RF6,Negotiate,5,LogOn,Success
2026-03-30T22:50:43.449Z,DESKTOP-C332RF6$,SYSTEM,DESKTOP-C332RF6,Negotiate,5,LogOn,Success
2026-03-30T22:55:35.949Z,DESKTOP-C332RF6$,SYSTEM,DESKTOP-C332RF6,Negotiate,5,LogOn,Success
2026-03-30T22:58:20.097Z,DESKTOP-C332RF6$,SYSTEM,DESKTOP-C332RF6,Negotiate,5,LogOn,Success
2026-03-30T22:58:32.769Z,DESKTOP-C332RF6$,SYSTEM,DESKTOP-C332RF6,Negotiate,5,LogOn,Success
2026-03-30T22:58:37.643Z,DESKTOP-C332RF6$,UMFD-78,DESKTOP-C332RF6,Negotiate,2,LogOn,Success
2026-03-30T22:58:37.681Z,DESKTOP-C332RF6$,DWM-78,DESKTOP-C332RF6,Negotiate,2,LogOn,Success
2026-03-30T22:58:37.681Z,DESKTOP-C332RF6$,DWM-78,DESKTOP-C332RF6,Negotiate,2,LogOn,Success
2026-03-30T22:58:37.780Z,DESKTOP-C332RF6$,SYSTEM,DESKTOP-C332RF6,Negotiate,5,LogOn,Success
2026-03-30T22:58:38.101Z,DESKTOP-C332RF6$,SYSTEM,DESKTOP-C332RF6,Negotiate,5,LogOn,Success
2026-03-30T22:58:46.537Z,DESKTOP-C332RF6$,SYSTEM,DESKTOP-C332RF6,Negotiate,5,LogOn,Success
2026-03-30T22:58:46.997Z,,UMFD-77,DESKTOP-C332RF6,,2,LogOff,LogOff
2026-03-30T22:58:48.270Z,,DWM-77,DESKTOP-C332RF6,,2,LogOff,LogOff
2026-03-30T22:58:48.271Z,,DWM-77,DESKTOP-C332RF6,,2,LogOff,LogOff
2026-03-30T22:58:50.359Z,DESKTOP-C332RF6$,SYSTEM,DESKTOP-C332RF6,Negotiate,5,LogOn,Success
2026-03-31T09:26:02.607Z,DESKTOP-C332RF6$,PC,DESKTOP-C332RF6,Negotiate,2,LogOn,Success
2026-03-31T09:26:02.607Z,DESKTOP-C332RF6$,PC,DESKTOP-C332RF6,Negotiate,2,LogOn,Success
2026-03-31T09:26:06.655Z,DESKTOP-C332RF6$,SYSTEM,DESKTOP-C332RF6,Negotiate,5,LogOn,Success
2026-03-31T09:26:14.152Z,DESKTOP-C332RF6$,SYSTEM,DESKTOP-C332RF6,Negotiate,5,LogOn,Success
2026-03-31T09:27:45.733Z,DESKTOP-C332RF6$,SYSTEM,DESKTOP-C332RF6,Negotiate,5,LogOn,Success
2026-03-31T09:31:02.169Z,DESKTOP-C332RF6$,SYSTEM,DESKTOP-C332RF6,Negotiate,5,LogOn,Success
2026-03-31T09:31:59.275Z,DESKTOP-C332RF6$,SYSTEM,DESKTOP-C332RF6,Negotiate,5,LogOn,Success
2026-03-31T09:31:59.322Z,DESKTOP-C332RF6$,SYSTEM,DESKTOP-C332RF6,Negotiate,5,LogOn,Success
2026-03-31T09:34:16.649Z,DESKTOP-C332RF6$,SYSTEM,DESKTOP-C332RF6,Negotiate,5,LogOn,Success
2026-03-31T09:35:58.652Z,DESKTOP-C332RF6$,SYSTEM,DESKTOP-C332RF6,Negotiate,5,LogOn,Success
2026-03-31T09:36:18.643Z,DESKTOP-C332RF6$,SYSTEM,DESKTOP-C332RF6,Negotiate,5,LogOn,Success
2026-03-31T09:38:18.680Z,DESKTOP-C332RF6$,SYSTEM,DESKTOP-C332RF6,Negotiate,5,LogOn,Success
2026-03-31T09:38:18.767Z,DESKTOP-C332RF6$,SYSTEM,DESKTOP-C332RF6,Negotiate,5,LogOn,Success
2026-03-31T09:38:19.730Z,DESKTOP-C332RF6$,SYSTEM,DESKTOP-C332RF6,Negotiate,5,LogOn,Success
2026-03-31T09:38:58.001Z,DESKTOP-C332RF6$,SYSTEM,DESKTOP-C332RF6,Negotiate,5,LogOn,Success
2026-03-31T09:41:04.236Z,DESKTOP-C332RF6$,SYSTEM,DESKTOP-C332RF6,Negotiate,5,LogOn,Success
2026-03-31T09:41:15.942Z,DESKTOP-C332RF6$,SYSTEM,DESKTOP-C332RF6,Negotiate,5,LogOn,Success
2026-03-31T09:41:21.009Z,DESKTOP-C332RF6$,1620A8D7-E9EC-4674-A0D8-F4A7EADDAA9C,DESKTOP-C332RF6,Negotiate,5,LogOn,Success
2026-03-31T09:45:30.078Z,DESKTOP-C332RF6$,SYSTEM,DESKTOP-C332RF6,Negotiate,5,LogOn,Success
2026-03-31T10:06:44.872Z,DESKTOP-C332RF6$,SYSTEM,DESKTOP-C332RF6,Negotiate,5,LogOn,Success
2026-03-31T10:16:50.136Z,DESKTOP-C332RF6$,SYSTEM,DESKTOP-C332RF6,Negotiate,5,LogOn,Success
2026-03-31T10:16:51.689Z,DESKTOP-C332RF6$,SYSTEM,DESKTOP-C332RF6,Negotiate,5,LogOn,Success
2026-03-31T10:19:54.365Z,DESKTOP-C332RF6$,SYSTEM,DESKTOP-C332RF6,Negotiate,5,LogOn,Success
2026-03-31T10:32:59.116Z,DESKTOP-C332RF6$,SYSTEM,DESKTOP-C332RF6,Negotiate,5,LogOn,Success
2026-03-31T10:33:42.575Z,DESKTOP-C332RF6$,SYSTEM,DESKTOP-C332RF6,Negotiate,5,LogOn,Success
2026-03-31T10:33:44.010Z,DESKTOP-C332RF6$,SYSTEM,DESKTOP-C332RF6,Negotiate,5,LogOn,Success
2026-03-31T10:36:44.308Z,DESKTOP-C332RF6$,SYSTEM,DESKTOP-C332RF6,Negotiate,5,LogOn,Success
2026-03-31T10:47:19.718Z,DESKTOP-C332RF6$,SYSTEM,DESKTOP-C332RF6,Negotiate,5,LogOn,Success
2026-03-31T10:48:34.759Z,DESKTOP-C332RF6$,SYSTEM,DESKTOP-C332RF6,Negotiate,5,LogOn,Success
2026-03-31T10:48:34.818Z,DESKTOP-C332RF6$,SYSTEM,DESKTOP-C332RF6,Negotiate,5,LogOn,Success
2026-03-31T10:53:16.170Z,DESKTOP-C332RF6$,SYSTEM,DESKTOP-C332RF6,Negotiate,5,LogOn,Success
2026-03-31T10:55:16.644Z,DESKTOP-C332RF6$,SYSTEM,DESKTOP-C332RF6,Negotiate,5,LogOn,Success
2026-03-31T10:55:58.000Z,DESKTOP-C332RF6$,SYSTEM,DESKTOP-C332RF6,Negotiate,5,LogOn,Success
2026-03-04T07:54:50.381Z,DESKTOP-C332RF6$,SYSTEM,DESKTOP-C332RF6,Negotiate,5,LogOn,Success
2026-03-04T07:57:25.401Z,DESKTOP-C332RF6$,SYSTEM,DESKTOP-C332RF6,Negotiate,5,LogOn,Success
2026-03-04T08:07:27.731Z,DESKTOP-C332RF6$,SYSTEM,DESKTOP-C332RF6,Negotiate,5,LogOn,Success
2026-03-04T08:10:12.678Z,DESKTOP-C332RF6$,SYSTEM,DESKTOP-C332RF6,Negotiate,5,LogOn,Success
2026-03-04T08:10:12.739Z,DESKTOP-C332RF6$,SYSTEM,DESKTOP-C332RF6,Negotiate,5,LogOn,Success
2026-03-04T08:14:55.289Z,DESKTOP-C332RF6$,SYSTEM,DESKTOP-C332RF6,Negotiate,5,LogOn,Success
2026-03-04T08:17:41.596Z,DESKTOP-C332RF6$,SYSTEM,DESKTOP-C332RF6,Negotiate,5,LogOn,Success
2026-03-04T08:25:10.296Z,DESKTOP-C332RF6$,SYSTEM,DESKTOP-C332RF6,Negotiate,5,LogOn,Success
2026-03-04T08:25:11.476Z,DESKTOP-C332RF6$,SYSTEM,DESKTOP-C332RF6,Negotiate,5,LogOn,Success
2026-03-04T08:32:32.109Z,DESKTOP-C332RF6$,SYSTEM,DESKTOP-C332RF6,Negotiate,5,LogOn,Success
2026-03-04T08:40:20.348Z,DESKTOP-C332RF6$,SYSTEM,DESKTOP-C332RF6,Negotiate,5,LogOn,Success
2026-03-04T08:40:21.566Z,DESKTOP-C332RF6$,SYSTEM,DESKTOP-C332RF6,Negotiate,5,LogOn,Success
2026-03-04T08:43:39.097Z,DESKTOP-C332RF6$,SYSTEM,DESKTOP-C332RF6,Negotiate,5,LogOn,Success
2026-03-04T08:49:06.952Z,DESKTOP-C332RF6$,SYSTEM,DESKTOP-C332RF6,Negotiate,5,LogOn,Success
2026-03-04T08:49:13.093Z,DESKTOP-C332RF6$,SYSTEM,DESKTOP-C332RF6,Negotiate,5,LogOn,Success
2026-03-04T08:49:17.835Z,DESKTOP-C332RF6$,SYSTEM,DESKTOP-C332RF6,Negotiate,5,LogOn,Success
2026-03-04T08:49:18.280Z,DESKTOP-C332RF6$,SYSTEM,DESKTOP-C332RF6,Negotiate,5,LogOn,Success
2026-03-04T08:49:55.558Z,DESKTOP-C332RF6$,SYSTEM,DESKTOP-C332RF6,Negotiate,5,LogOn,Success
2026-03-04T08:57:28.992Z,DESKTOP-C332RF6$,SYSTEM,DESKTOP-C332RF6,Negotiate,5,LogOn,Success
2026-03-04T08:58:33.527Z,DESKTOP-C332RF6$,SYSTEM,DESKTOP-C332RF6,Negotiate,5,LogOn,Success
2026-03-04T08:58:47.708Z,DESKTOP-C332RF6$,SYSTEM,DESKTOP-C332RF6,Negotiate,5,LogOn,Success
2026-03-04T08:58:48.147Z,DESKTOP-C332RF6$,SYSTEM,DESKTOP-C332RF6,Negotiate,5,LogOn,Success
2026-03-04T09:01:41.824Z,DESKTOP-C332RF6$,SYSTEM,DESKTOP-C332RF6,Negotiate,5,LogOn,Success
2026-03-04T09:11:17.465Z,DESKTOP-C332RF6$,SYSTEM,DESKTOP-C332RF6,Negotiate,5,LogOn,Success
2026-03-04T09:11:18.271Z,DESKTOP-C332RF6$,SYSTEM,DESKTOP-C332RF6,Negotiate,5,LogOn,Success
2026-03-04T09:11:23.915Z,DESKTOP-C332RF6$,SYSTEM,DESKTOP-C332RF6,Negotiate,5,LogOn,Success
2026-03-04T09:11:39.778Z,DESKTOP-C332RF6$,SYSTEM,DESKTOP-C332RF6,Negotiate,5,LogOn,Success
2026-03-04T09:11:40.587Z,DESKTOP-C332RF6$,SYSTEM,DESKTOP-C332RF6,Negotiate,5,LogOn,Success
2026-03-04T09:11:44.150Z,DESKTOP-C332RF6$,SYSTEM,DESKTOP-C332RF6,Negotiate,5,LogOn,Success
2026-03-04T09:11:44.334Z,DESKTOP-C332RF6$,SYSTEM,DESKTOP-C332RF6,Negotiate,5,LogOn,Success
2026-03-04T09:11:47.984Z,DESKTOP-C332RF6$,SYSTEM,DESKTOP-C332RF6,Negotiate,5,LogOn,Success
2026-03-04T09:11:52.322Z,DESKTOP-C332RF6$,SYSTEM,DESKTOP-C332RF6,Negotiate,5,LogOn,Success
2026-03-04T09:12:07.895Z,DESKTOP-C332RF6$,SYSTEM,DESKTOP-C332RF6,Negotiate,5,LogOn,Success
2026-03-04T09:25:54.943Z,DESKTOP-C332RF6$,SYSTEM,DESKTOP-C332RF6,Negotiate,5,LogOn,Success
2026-03-04T09:25:56.498Z,DESKTOP-C332RF6$,SYSTEM,DESKTOP-C332RF6,Negotiate,5,LogOn,Success
2026-03-04T09:35:32.079Z,DESKTOP-C332RF6$,SYSTEM,DESKTOP-C332RF6,Negotiate,5,LogOn,Success
2026-03-04T09:39:50.053Z,DESKTOP-C332RF6$,SYSTEM,DESKTOP-C332RF6,Negotiate,5,LogOn,Success
2026-03-04T09:39:50.090Z,DESKTOP-C332RF6$,SYSTEM,DESKTOP-C332RF6,Negotiate,5,LogOn,Success
2026-03-04T09:39:53.534Z,DESKTOP-C332RF6$,SYSTEM,DESKTOP-C332RF6,Negotiate,5,LogOn,Success
2026-03-04T09:42:37.333Z,DESKTOP-C332RF6$,SYSTEM,DESKTOP-C332RF6,Negotiate,5,LogOn,Success
2026-03-04T09:42:37.381Z,DESKTOP-C332RF6$,SYSTEM,DESKTOP-C332RF6,Negotiate,5,LogOn,Success
2026-03-04T09:45:46.297Z,DESKTOP-C332RF6$,SYSTEM,DESKTOP-C332RF6,Negotiate,5,LogOn,Success
2026-03-04T09:51:18.767Z,DESKTOP-C332RF6$,SYSTEM,DESKTOP-C332RF6,Negotiate,5,LogOn,Success
2026-03-04T09:53:43.306Z,DESKTOP-C332RF6$,SYSTEM,DESKTOP-C332RF6,Negotiate,5,LogOn,Success
2026-03-04T09:55:43.215Z,DESKTOP-C332RF6$,SYSTEM,DESKTOP-C332RF6,Negotiate,5,LogOn,Success
2026-03-04T09:55:58.539Z,DESKTOP-C332RF6$,SYSTEM,DESKTOP-C332RF6,Negotiate,5,LogOn,Success
2026-03-04T10:08:19.254Z,DESKTOP-C332RF6$,SYSTEM,DESKTOP-C332RF6,Negotiate,5,LogOn,Success
2026-03-04T10:08:19.312Z,DESKTOP-C332RF6$,SYSTEM,DESKTOP-C332RF6,Negotiate,5,LogOn,Success
2026-03-04T10:08:19.332Z,DESKTOP-C332RF6$,SYSTEM,DESKTOP-C332RF6,Negotiate,5,LogOn,Success
2026-03-04T10:10:57.008Z,DESKTOP-C332RF6$,SYSTEM,DESKTOP-C332RF6,Negotiate,5,LogOn,Success
2026-03-04T10:18:46.713Z,DESKTOP-C332RF6$,SYSTEM,DESKTOP-C332RF6,Negotiate,5,LogOn,Success
2026-03-04T10:18:48.389Z,DESKTOP-C332RF6$,SYSTEM,DESKTOP-C332RF6,Negotiate,5,LogOn,Success
2026-03-04T10:18:48.576Z,DESKTOP-C332RF6$,SYSTEM,DESKTOP-C332RF6,Negotiate,5,LogOn,Success
2026-03-04T10:19:00.919Z,DESKTOP-C332RF6$,SYSTEM,DESKTOP-C332RF6,Negotiate,5,LogOn,Success
2026-03-04T10:23:17.690Z,DESKTOP-C332RF6$,SYSTEM,DESKTOP-C332RF6,Negotiate,5,LogOn,Success
2026-03-04T10:23:29.210Z,DESKTOP-C332RF6$,SYSTEM,DESKTOP-C332RF6,Negotiate,5,LogOn,Success
2026-03-04T10:35:16.482Z,DESKTOP-C332RF6$,SYSTEM,DESKTOP-C332RF6,Negotiate,5,LogOn,Success
2026-03-04T10:41:16.495Z,DESKTOP-C332RF6$,SYSTEM,DESKTOP-C332RF6,Negotiate,5,LogOn,Success
2026-03-04T10:41:17.652Z,DESKTOP-C332RF6$,SYSTEM,DESKTOP-C332RF6,Negotiate,5,LogOn,Success
2026-03-04T10:46:28.570Z,DESKTOP-C332RF6$,SYSTEM,DESKTOP-C332RF6,Negotiate,5,LogOn,Success
2026-03-04T10:53:43.305Z,DESKTOP-C332RF6$,SYSTEM,DESKTOP-C332RF6,Negotiate,5,LogOn,Success
2026-03-04T10:54:07.405Z,DESKTOP-C332RF6$,SYSTEM,DESKTOP-C332RF6,Negotiate,5,LogOn,Success
2026-03-04T10:55:51.173Z,DESKTOP-C332RF6$,SYSTEM,DESKTOP-C332RF6,Negotiate,5,LogOn,Success
2026-03-04T11:06:01.299Z,DESKTOP-C332RF6$,SYSTEM,DESKTOP-C332RF6,Negotiate,5,LogOn,Success
2026-03-04T11:06:01.370Z,DESKTOP-C332RF6$,SYSTEM,DESKTOP-C332RF6,Negotiate,5,LogOn,Success
2026-03-04T11:11:16.560Z,DESKTOP-C332RF6$,SYSTEM,DESKTOP-C332RF6,Negotiate,5,LogOn,Success
2026-03-04T11:11:16.748Z,DESKTOP-C332RF6$,SYSTEM,DESKTOP-C332RF6,Negotiate,5,LogOn,Success
2026-03-04T11:11:18.243Z,DESKTOP-C332RF6$,SYSTEM,DESKTOP-C332RF6,Negotiate,5,LogOn,Success
2026-03-04T11:26:21.887Z,DESKTOP-C332RF6$,SYSTEM,DESKTOP-C332RF6,Negotiate,5,LogOn,Success
2026-03-04T11:26:26.671Z,DESKTOP-C332RF6$,UMFD-30,DESKTOP-C332RF6,Negotiate,2,LogOn,Success
2026-03-04T11:26:26.706Z,DESKTOP-C332RF6$,DWM-30,DESKTOP-C332RF6,Negotiate,2,LogOn,Success
2026-03-04T11:26:26.706Z,DESKTOP-C332RF6$,DWM-30,DESKTOP-C332RF6,Negotiate,2,LogOn,Success
2026-03-04T11:26:26.712Z,DESKTOP-C332RF6$,SYSTEM,DESKTOP-C332RF6,Negotiate,5,LogOn,Success
2026-03-04T11:26:26.774Z,DESKTOP-C332RF6$,SYSTEM,DESKTOP-C332RF6,Negotiate,5,LogOn,Success
2026-03-04T11:26:31.320Z,,UMFD-29,DESKTOP-C332RF6,,2,LogOff,LogOff
2026-03-04T11:26:31.394Z,DESKTOP-C332RF6$,SYSTEM,DESKTOP-C332RF6,Negotiate,5,LogOn,Success
2026-03-04T11:26:32.774Z,,DWM-29,DESKTOP-C332RF6,,2,LogOff,LogOff
2026-03-04T11:26:32.774Z,,DWM-29,DESKTOP-C332RF6,,2,LogOff,LogOff
2026-03-04T11:26:33.036Z,DESKTOP-C332RF6$,SYSTEM,DESKTOP-C332RF6,Negotiate,5,LogOn,Success
2026-03-04T11:44:51.016Z,DESKTOP-C332RF6$,PC,DESKTOP-C332RF6,Negotiate,2,LogOn,Success
2026-03-04T11:44:51.016Z,DESKTOP-C332RF6$,PC,DESKTOP-C332RF6,Negotiate,2,LogOn,Success
2026-03-04T11:44:52.328Z,DESKTOP-C332RF6$,SYSTEM,DESKTOP-C332RF6,Negotiate,5,LogOn,Success
2026-03-04T11:44:52.334Z,DESKTOP-C332RF6$,SYSTEM,DESKTOP-C332RF6,Negotiate,5,LogOn,Success
2026-03-04T11:44:56.147Z,DESKTOP-C332RF6$,SYSTEM,DESKTOP-C332RF6,Negotiate,5,LogOn,Success
2026-03-04T11:45:03.644Z,DESKTOP-C332RF6$,SYSTEM,DESKTOP-C332RF6,Negotiate,5,LogOn,Success
2026-03-04T11:45:59.886Z,DESKTOP-C332RF6$,SYSTEM,DESKTOP-C332RF6,Negotiate,5,LogOn,Success
2026-03-04T11:46:35.925Z,DESKTOP-C332RF6$,SYSTEM,DESKTOP-C332RF6,Negotiate,5,LogOn,Success
2026-03-04T11:49:14.129Z,DESKTOP-C332RF6$,SYSTEM,DESKTOP-C332RF6,Negotiate,5,LogOn,Success
2026-03-04T11:53:25.841Z,DESKTOP-C332RF6$,SYSTEM,DESKTOP-C332RF6,Negotiate,5,LogOn,Success
2026-03-04T12:08:35.877Z,DESKTOP-C332RF6$,SYSTEM,DESKTOP-C332RF6,Negotiate,5,LogOn,Success
2026-03-04T12:08:39.999Z,DESKTOP-C332RF6$,SYSTEM,DESKTOP-C332RF6,Negotiate,5,LogOn,Success
2026-03-04T12:08:41.640Z,DESKTOP-C332RF6$,SYSTEM,DESKTOP-C332RF6,Negotiate,5,LogOn,Success
2026-03-04T12:53:44.439Z,DESKTOP-C332RF6$,SYSTEM,DESKTOP-C332RF6,Negotiate,5,LogOn,Success
2026-03-04T14:17:13.518Z,DESKTOP-C332RF6$,SYSTEM,DESKTOP-C332RF6,Negotiate,5,LogOn,Success
2026-03-04T14:17:13.542Z,DESKTOP-C332RF6$,SYSTEM,DESKTOP-C332RF6,Negotiate,5,LogOn,Success
2026-03-04T14:17:17.210Z,DESKTOP-C332RF6$,PC,DESKTOP-C332RF6,Negotiate,2,LogOn,Success
2026-03-04T14:17:17.210Z,DESKTOP-C332RF6$,PC,DESKTOP-C332RF6,Negotiate,2,LogOn,Success
2026-03-04T14:17:17.211Z,,PC,DESKTOP-C332RF6,,2,LogOff,LogOff
2026-03-04T14:17:17.211Z,,PC,DESKTOP-C332RF6,,2,LogOff,LogOff
2026-03-04T14:17:26.131Z,DESKTOP-C332RF6$,SYSTEM,DESKTOP-C332RF6,Negotiate,5,LogOn,Success
2026-03-04T14:18:07.954Z,DESKTOP-C332RF6$,SYSTEM,DESKTOP-C332RF6,Negotiate,5,LogOn,Success
2026-03-04T14:18:59.704Z,DESKTOP-C332RF6$,SYSTEM,DESKTOP-C332RF6,Negotiate,5,LogOn,Success
2026-03-04T14:27:12.892Z,DESKTOP-C332RF6$,SYSTEM,DESKTOP-C332RF6,Negotiate,5,LogOn,Success
2026-03-04T14:32:17.665Z,DESKTOP-C332RF6$,SYSTEM,DESKTOP-C332RF6,Negotiate,5,LogOn,Success
2026-03-04T14:38:52.953Z,DESKTOP-C332RF6$,SYSTEM,DESKTOP-C332RF6,Negotiate,5,LogOn,Success
2026-03-04T14:43:38.666Z,DESKTOP-C332RF6$,SYSTEM,DESKTOP-C332RF6,Negotiate,5,LogOn,Success
2026-03-04T14:43:43.370Z,DESKTOP-C332RF6$,SYSTEM,DESKTOP-C332RF6,Negotiate,5,LogOn,Success
2026-03-04T14:53:43.523Z,DESKTOP-C332RF6$,SYSTEM,DESKTOP-C332RF6,Negotiate,5,LogOn,Success
2026-03-04T15:01:04.283Z,DESKTOP-C332RF6$,SYSTEM,DESKTOP-C332RF6,Negotiate,5,LogOn,Success
2026-03-04T15:01:05.737Z,DESKTOP-C332RF6$,SYSTEM,DESKTOP-C332RF6,Negotiate,5,LogOn,Success
2026-03-04T15:01:51.961Z,DESKTOP-C332RF6$,SYSTEM,DESKTOP-C332RF6,Negotiate,5,LogOn,Success
2026-03-04T15:02:51.280Z,DESKTOP-C332RF6$,SYSTEM,DESKTOP-C332RF6,Negotiate,5,LogOn,Success
2026-03-04T15:15:56.660Z,DESKTOP-C332RF6$,SYSTEM,DESKTOP-C332RF6,Negotiate,5,LogOn,Success
2026-03-04T15:15:56.692Z,DESKTOP-C332RF6$,SYSTEM,DESKTOP-C332RF6,Negotiate,5,LogOn,Success
2026-03-04T15:15:57.375Z,DESKTOP-C332RF6$,SYSTEM,DESKTOP-C332RF6,Negotiate,5,LogOn,Success
2026-03-04T15:22:36.884Z,DESKTOP-C332RF6$,SYSTEM,DESKTOP-C332RF6,Negotiate,5,LogOn,Success
2026-03-04T15:23:48.204Z,DESKTOP-C332RF6$,SYSTEM,DESKTOP-C332RF6,Negotiate,5,LogOn,Success
2026-03-04T15:24:56.954Z,DESKTOP-C332RF6$,UMFD-31,DESKTOP-C332RF6,Negotiate,2,LogOn,Success
2026-03-04T15:24:56.994Z,DESKTOP-C332RF6$,DWM-31,DESKTOP-C332RF6,Negotiate,2,LogOn,Success
2026-03-04T15:24:56.994Z,DESKTOP-C332RF6$,DWM-31,DESKTOP-C332RF6,Negotiate,2,LogOn,Success
2026-03-04T15:24:57.091Z,DESKTOP-C332RF6$,SYSTEM,DESKTOP-C332RF6,Negotiate,5,LogOn,Success
2026-03-04T15:24:57.469Z,DESKTOP-C332RF6$,SYSTEM,DESKTOP-C332RF6,Negotiate,5,LogOn,Success
2026-03-04T15:25:02.857Z,DESKTOP-C332RF6$,SYSTEM,DESKTOP-C332RF6,Negotiate,5,LogOn,Success
2026-03-04T15:25:02.891Z,,UMFD-30,DESKTOP-C332RF6,,2,LogOff,LogOff
2026-03-04T15:25:04.022Z,DESKTOP-C332RF6$,SYSTEM,DESKTOP-C332RF6,Negotiate,5,LogOn,Success
2026-03-05T07:40:33.638Z,,DWM-30,DESKTOP-C332RF6,,2,LogOff,LogOff
2026-03-05T07:40:33.638Z,,DWM-30,DESKTOP-C332RF6,,2,LogOff,LogOff
2026-03-05T07:40:36.207Z,DESKTOP-C332RF6$,PC,DESKTOP-C332RF6,Negotiate,2,LogOn,Success
2026-03-05T07:40:36.207Z,DESKTOP-C332RF6$,PC,DESKTOP-C332RF6,Negotiate,2,LogOn,Success
2026-03-05T07:40:40.106Z,DESKTOP-C332RF6$,SYSTEM,DESKTOP-C332RF6,Negotiate,5,LogOn,Success
2026-03-05T07:40:45.760Z,DESKTOP-C332RF6$,SYSTEM,DESKTOP-C332RF6,Negotiate,5,LogOn,Success
2026-03-05T07:43:00.357Z,DESKTOP-C332RF6$,SYSTEM,DESKTOP-C332RF6,Negotiate,5,LogOn,Success
2026-03-05T07:45:13.058Z,DESKTOP-C332RF6$,SYSTEM,DESKTOP-C332RF6,Negotiate,5,LogOn,Success
2026-03-05T07:46:32.640Z,DESKTOP-C332RF6$,SYSTEM,DESKTOP-C332RF6,Negotiate,5,LogOn,Success
2026-03-05T07:46:32.748Z,DESKTOP-C332RF6$,SYSTEM,DESKTOP-C332RF6,Negotiate,5,LogOn,Success
2026-03-05T07:46:33.392Z,DESKTOP-C332RF6$,SYSTEM,DESKTOP-C332RF6,Negotiate,5,LogOn,Success
2026-03-05T07:46:33.455Z,DESKTOP-C332RF6$,SYSTEM,DESKTOP-C332RF6,Negotiate,5,LogOn,Success
2026-03-05T07:54:57.642Z,DESKTOP-C332RF6$,SYSTEM,DESKTOP-C332RF6,Negotiate,5,LogOn,Success
2026-03-05T07:55:35.785Z,DESKTOP-C332RF6$,SYSTEM,DESKTOP-C332RF6,Negotiate,5,LogOn,Success
2026-03-05T07:55:37.994Z,DESKTOP-C332RF6$,SYSTEM,DESKTOP-C332RF6,Negotiate,5,LogOn,Success
2026-03-05T07:57:27.397Z,DESKTOP-C332RF6$,SYSTEM,DESKTOP-C332RF6,Negotiate,5,LogOn,Success
2026-03-05T08:09:11.388Z,DESKTOP-C332RF6$,SYSTEM,DESKTOP-C332RF6,Negotiate,5,LogOn,Success
2026-03-05T08:09:12.880Z,DESKTOP-C332RF6$,SYSTEM,DESKTOP-C332RF6,Negotiate,5,LogOn,Success
2026-03-05T08:11:45.988Z,DESKTOP-C332RF6$,SYSTEM,DESKTOP-C332RF6,Negotiate,5,LogOn,Success
2026-03-05T08:22:55.576Z,DESKTOP-C332RF6$,SYSTEM,DESKTOP-C332RF6,Negotiate,5,LogOn,Success
2026-03-05T08:25:57.776Z,DESKTOP-C332RF6$,SYSTEM,DESKTOP-C332RF6,Negotiate,5,LogOn,Success
2026-03-05T08:25:59.950Z,DESKTOP-C332RF6$,SYSTEM,DESKTOP-C332RF6,Negotiate,5,LogOn,Success
2026-03-05T08:37:58.802Z,DESKTOP-C332RF6$,SYSTEM,DESKTOP-C332RF6,Negotiate,5,LogOn,Success
2026-03-05T08:39:15.005Z,DESKTOP-C332RF6$,SYSTEM,DESKTOP-C332RF6,Negotiate,5,LogOn,Success
2026-03-05T08:41:09.463Z,DESKTOP-C332RF6$,SYSTEM,DESKTOP-C332RF6,Negotiate,5,LogOn,Success
2026-03-05T08:46:31.797Z,DESKTOP-C332RF6$,SYSTEM,DESKTOP-C332RF6,Negotiate,5,LogOn,Success
2026-03-05T08:49:27.412Z,DESKTOP-C332RF6$,SYSTEM,DESKTOP-C332RF6,Negotiate,5,LogOn,Success
2026-03-05T08:49:28.035Z,DESKTOP-C332RF6$,SYSTEM,DESKTOP-C332RF6,Negotiate,5,LogOn,Success
2026-03-05T08:49:29.255Z,DESKTOP-C332RF6$,SYSTEM,DESKTOP-C332RF6,Negotiate,5,LogOn,Success
2026-03-05T08:49:29.386Z,DESKTOP-C332RF6$,SYSTEM,DESKTOP-C332RF6,Negotiate,5,LogOn,Success
2026-03-05T08:55:33.580Z,DESKTOP-C332RF6$,UMFD-32,DESKTOP-C332RF6,Negotiate,2,LogOn,Success
2026-03-05T08:55:33.637Z,DESKTOP-C332RF6$,SYSTEM,DESKTOP-C332RF6,Negotiate,5,LogOn,Success
2026-03-05T08:55:33.637Z,DESKTOP-C332RF6$,DWM-32,DESKTOP-C332RF6,Negotiate,2,LogOn,Success
2026-03-05T08:55:33.637Z,DESKTOP-C332RF6$,DWM-32,DESKTOP-C332RF6,Negotiate,2,LogOn,Success
2026-03-05T08:55:33.731Z,DESKTOP-C332RF6$,SYSTEM,DESKTOP-C332RF6,Negotiate,5,LogOn,Success
2026-03-05T08:55:39.415Z,DESKTOP-C332RF6$,SYSTEM,DESKTOP-C332RF6,Negotiate,5,LogOn,Success
2026-03-05T08:55:39.490Z,,UMFD-31,DESKTOP-C332RF6,,2,LogOff,LogOff
2026-03-05T08:55:40.804Z,,DWM-31,DESKTOP-C332RF6,,2,LogOff,LogOff
2026-03-05T08:55:40.805Z,,DWM-31,DESKTOP-C332RF6,,2,LogOff,LogOff
2026-03-05T08:55:41.227Z,DESKTOP-C332RF6$,SYSTEM,DESKTOP-C332RF6,Negotiate,5,LogOn,Success
2026-03-05T13:47:03.903Z,DESKTOP-C332RF6$,SYSTEM,DESKTOP-C332RF6,Negotiate,5,LogOn,Success
2026-03-05T13:47:04.453Z,DESKTOP-C332RF6$,PC,DESKTOP-C332RF6,Negotiate,2,LogOn,Success
2026-03-05T13:47:04.453Z,DESKTOP-C332RF6$,PC,DESKTOP-C332RF6,Negotiate,2,LogOn,Success
2026-03-05T13:47:07.490Z,DESKTOP-C332RF6$,SYSTEM,DESKTOP-C332RF6,Negotiate,5,LogOn,Success
2026-03-05T13:47:08.374Z,DESKTOP-C332RF6$,SYSTEM,DESKTOP-C332RF6,Negotiate,5,LogOn,Success
2026-03-05T13:47:14.099Z,DESKTOP-C332RF6$,SYSTEM,DESKTOP-C332RF6,Negotiate,5,LogOn,Success
2026-03-05T13:48:10.849Z,DESKTOP-C332RF6$,SYSTEM,DESKTOP-C332RF6,Negotiate,5,LogOn,Success
2026-03-05T13:52:02.643Z,DESKTOP-C332RF6$,SYSTEM,DESKTOP-C332RF6,Negotiate,5,LogOn,Success
2026-03-05T13:52:46.592Z,DESKTOP-C332RF6$,SYSTEM,DESKTOP-C332RF6,Negotiate,5,LogOn,Success
2026-03-05T13:55:17.184Z,DESKTOP-C332RF6$,SYSTEM,DESKTOP-C332RF6,Negotiate,5,LogOn,Success
2026-03-05T13:57:04.049Z,DESKTOP-C332RF6$,SYSTEM,DESKTOP-C332RF6,Negotiate,5,LogOn,Success
2026-03-05T13:57:04.284Z,DESKTOP-C332RF6$,SYSTEM,DESKTOP-C332RF6,Negotiate,5,LogOn,Success
2026-03-05T13:57:05.272Z,DESKTOP-C332RF6$,SYSTEM,DESKTOP-C332RF6,Negotiate,5,LogOn,Success
2026-03-05T14:00:02.002Z,DESKTOP-C332RF6$,SYSTEM,DESKTOP-C332RF6,Negotiate,5,LogOn,Success
2026-03-05T14:02:05.780Z,DESKTOP-C332RF6$,SYSTEM,DESKTOP-C332RF6,Negotiate,5,LogOn,Success
2026-03-05T14:03:11.240Z,DESKTOP-C332RF6$,SYSTEM,DESKTOP-C332RF6,Negotiate,5,LogOn,Success
2026-03-05T14:06:41.435Z,DESKTOP-C332RF6$,SYSTEM,DESKTOP-C332RF6,Negotiate,5,LogOn,Success
2026-03-05T14:22:26.490Z,DESKTOP-C332RF6$,SYSTEM,DESKTOP-C332RF6,Negotiate,5,LogOn,Success
2026-03-05T14:30:33.681Z,DESKTOP-C332RF6$,SYSTEM,DESKTOP-C332RF6,Negotiate,5,LogOn,Success
2026-03-05T14:32:23.039Z,DESKTOP-C332RF6$,SYSTEM,DESKTOP-C332RF6,Negotiate,5,LogOn,Success
2026-03-05T14:42:49.102Z,DESKTOP-C332RF6$,SYSTEM,DESKTOP-C332RF6,Negotiate,5,LogOn,Success
2026-03-05T14:45:46.540Z,DESKTOP-C332RF6$,SYSTEM,DESKTOP-C332RF6,Negotiate,5,LogOn,Success
2026-03-05T14:47:32.740Z,DESKTOP-C332RF6$,SYSTEM,DESKTOP-C332RF6,Negotiate,5,LogOn,Success
2026-03-05T14:48:36.001Z,DESKTOP-C332RF6$,SYSTEM,DESKTOP-C332RF6,Negotiate,5,LogOn,Success
2026-03-05T15:03:06.898Z,DESKTOP-C332RF6$,SYSTEM,DESKTOP-C332RF6,Negotiate,5,LogOn,Success
2026-03-05T15:03:08.921Z,DESKTOP-C332RF6$,SYSTEM,DESKTOP-C332RF6,Negotiate,5,LogOn,Success
2026-03-05T15:16:13.067Z,DESKTOP-C332RF6$,SYSTEM,DESKTOP-C332RF6,Negotiate,5,LogOn,Success
2026-03-05T15:16:14.157Z,DESKTOP-C332RF6$,SYSTEM,DESKTOP-C332RF6,Negotiate,5,LogOn,Success
2026-03-05T15:16:16.452Z,DESKTOP-C332RF6$,SYSTEM,DESKTOP-C332RF6,Negotiate,5,LogOn,Success
2026-03-05T15:16:24.364Z,DESKTOP-C332RF6$,SYSTEM,DESKTOP-C332RF6,Negotiate,5,LogOn,Success
2026-03-05T15:16:51.172Z,DESKTOP-C332RF6$,SYSTEM,DESKTOP-C332RF6,Negotiate,5,LogOn,Success
2026-03-05T15:19:14.930Z,DESKTOP-C332RF6$,SYSTEM,DESKTOP-C332RF6,Negotiate,5,LogOn,Success
2026-03-05T15:30:33.872Z,DESKTOP-C332RF6$,SYSTEM,DESKTOP-C332RF6,Negotiate,5,LogOn,Success
2026-03-05T15:32:32.723Z,DESKTOP-C332RF6$,SYSTEM,DESKTOP-C332RF6,Negotiate,5,LogOn,Success
2026-03-05T15:33:45.668Z,DESKTOP-C332RF6$,SYSTEM,DESKTOP-C332RF6,Negotiate,5,LogOn,Success
2026-03-05T15:34:29.870Z,DESKTOP-C332RF6$,SYSTEM,DESKTOP-C332RF6,Negotiate,5,LogOn,Success
2026-03-05T15:40:54.867Z,DESKTOP-C332RF6$,SYSTEM,DESKTOP-C332RF6,Negotiate,5,LogOn,Success
2026-03-05T15:40:57.442Z,DESKTOP-C332RF6$,SYSTEM,DESKTOP-C332RF6,Negotiate,5,LogOn,Success
2026-03-05T15:45:05.934Z,DESKTOP-C332RF6$,SYSTEM,DESKTOP-C332RF6,Negotiate,5,LogOn,Success
2026-03-05T15:46:45.019Z,DESKTOP-C332RF6$,SYSTEM,DESKTOP-C332RF6,Negotiate,5,LogOn,Success
2026-03-05T15:47:05.593Z,DESKTOP-C332RF6$,SYSTEM,DESKTOP-C332RF6,Negotiate,5,LogOn,Success
2026-03-05T15:47:05.810Z,DESKTOP-C332RF6$,SYSTEM,DESKTOP-C332RF6,Negotiate,5,LogOn,Success
2026-03-05T15:50:58.265Z,DESKTOP-C332RF6$,SYSTEM,DESKTOP-C332RF6,Negotiate,5,LogOn,Success
2026-03-05T15:54:58.974Z,DESKTOP-C332RF6$,SYSTEM,DESKTOP-C332RF6,Negotiate,5,LogOn,Success
2026-03-05T15:55:30.600Z,DESKTOP-C332RF6$,SYSTEM,DESKTOP-C332RF6,Negotiate,5,LogOn,Success
2026-03-05T15:58:51.191Z,DESKTOP-C332RF6$,SYSTEM,DESKTOP-C332RF6,Negotiate,5,LogOn,Success
2026-03-05T15:58:51.608Z,DESKTOP-C332RF6$,SYSTEM,DESKTOP-C332RF6,Negotiate,5,LogOn,Success
2026-03-05T16:00:32.143Z,DESKTOP-C332RF6$,SYSTEM,DESKTOP-C332RF6,Negotiate,5,LogOn,Success
2026-03-05T16:13:00.887Z,DESKTOP-C332RF6$,SYSTEM,DESKTOP-C332RF6,Negotiate,5,LogOn,Success
2026-03-05T16:13:02.407Z,DESKTOP-C332RF6$,SYSTEM,DESKTOP-C332RF6,Negotiate,5,LogOn,Success
2026-03-05T16:19:44.789Z,DESKTOP-C332RF6$,SYSTEM,DESKTOP-C332RF6,Negotiate,5,LogOn,Success
2026-03-05T16:22:44.521Z,DESKTOP-C332RF6$,SYSTEM,DESKTOP-C332RF6,Negotiate,5,LogOn,Success
2026-03-05T16:23:43.190Z,DESKTOP-C332RF6$,SYSTEM,DESKTOP-C332RF6,Negotiate,5,LogOn,Success
2026-03-05T16:26:40.151Z,DESKTOP-C332RF6$,SYSTEM,DESKTOP-C332RF6,Negotiate,5,LogOn,Success
2026-03-05T16:30:34.049Z,DESKTOP-C332RF6$,SYSTEM,DESKTOP-C332RF6,Negotiate,5,LogOn,Success
2026-03-05T16:40:54.277Z,DESKTOP-C332RF6$,SYSTEM,DESKTOP-C332RF6,Negotiate,5,LogOn,Success
2026-03-05T16:40:55.303Z,DESKTOP-C332RF6$,SYSTEM,DESKTOP-C332RF6,Negotiate,5,LogOn,Success
2026-03-05T16:42:31.349Z,DESKTOP-C332RF6$,SYSTEM,DESKTOP-C332RF6,Negotiate,5,LogOn,Success
2026-03-05T17:00:19.049Z,DESKTOP-C332RF6$,SYSTEM,DESKTOP-C332RF6,Negotiate,5,LogOn,Success
2026-03-05T17:01:19.936Z,DESKTOP-C332RF6$,SYSTEM,DESKTOP-C332RF6,Negotiate,5,LogOn,Success
2026-03-05T17:03:22.360Z,DESKTOP-C332RF6$,SYSTEM,DESKTOP-C332RF6,Negotiate,5,LogOn,Success
2026-03-05T17:06:15.581Z,DESKTOP-C332RF6$,SYSTEM,DESKTOP-C332RF6,Negotiate,5,LogOn,Success
2026-03-05T17:19:45.733Z,DESKTOP-C332RF6$,SYSTEM,DESKTOP-C332RF6,Negotiate,5,LogOn,Success
2026-03-05T17:20:03.502Z,DESKTOP-C332RF6$,SYSTEM,DESKTOP-C332RF6,Negotiate,5,LogOn,Success
2026-03-05T17:20:04.899Z,DESKTOP-C332RF6$,SYSTEM,DESKTOP-C332RF6,Negotiate,5,LogOn,Success
2026-03-05T17:26:51.152Z,DESKTOP-C332RF6$,SYSTEM,DESKTOP-C332RF6,Negotiate,5,LogOn,Success
2026-03-05T17:30:34.215Z,DESKTOP-C332RF6$,SYSTEM,DESKTOP-C332RF6,Negotiate,5,LogOn,Success
2026-03-05T17:32:39.957Z,DESKTOP-C332RF6$,SYSTEM,DESKTOP-C332RF6,Negotiate,5,LogOn,Success
2026-03-05T17:40:03.649Z,DESKTOP-C332RF6$,SYSTEM,DESKTOP-C332RF6,Negotiate,5,LogOn,Success
2026-03-05T17:45:46.288Z,DESKTOP-C332RF6$,SYSTEM,DESKTOP-C332RF6,Negotiate,5,LogOn,Success
2026-03-05T17:57:30.580Z,DESKTOP-C332RF6$,SYSTEM,DESKTOP-C332RF6,Negotiate,5,LogOn,Success
2026-03-05T17:57:31.725Z,DESKTOP-C332RF6$,SYSTEM,DESKTOP-C332RF6,Negotiate,5,LogOn,Success
2026-03-05T18:01:31.916Z,DESKTOP-C332RF6$,SYSTEM,DESKTOP-C332RF6,Negotiate,5,LogOn,Success
2026-03-05T18:19:46.073Z,DESKTOP-C332RF6$,SYSTEM,DESKTOP-C332RF6,Negotiate,5,LogOn,Success
2026-03-05T18:20:18.922Z,DESKTOP-C332RF6$,SYSTEM,DESKTOP-C332RF6,Negotiate,5,LogOn,Success
2026-03-05T18:20:20.212Z,DESKTOP-C332RF6$,SYSTEM,DESKTOP-C332RF6,Negotiate,5,LogOn,Success
2026-03-05T18:26:25.512Z,DESKTOP-C332RF6$,SYSTEM,DESKTOP-C332RF6,Negotiate,5,LogOn,Success
2026-03-05T18:26:30.534Z,DESKTOP-C332RF6$,SYSTEM,DESKTOP-C332RF6,Negotiate,5,LogOn,Success
2026-03-05T18:26:31.776Z,DESKTOP-C332RF6$,SYSTEM,DESKTOP-C332RF6,Negotiate,5,LogOn,Success
2026-03-05T18:26:31.997Z,DESKTOP-C332RF6$,SYSTEM,DESKTOP-C332RF6,Negotiate,5,LogOn,Success
2026-03-05T18:30:32.548Z,DESKTOP-C332RF6$,SYSTEM,DESKTOP-C332RF6,Negotiate,5,LogOn,Success
2026-03-05T18:31:06.264Z,DESKTOP-C332RF6$,SYSTEM,DESKTOP-C332RF6,Negotiate,5,LogOn,Success
2026-03-05T18:31:16.457Z,DESKTOP-C332RF6$,SYSTEM,DESKTOP-C332RF6,Negotiate,5,LogOn,Success
2026-03-05T18:31:16.486Z,DESKTOP-C332RF6$,SYSTEM,DESKTOP-C332RF6,Negotiate,5,LogOn,Success
2026-03-05T18:44:01.253Z,DESKTOP-C332RF6$,SYSTEM,DESKTOP-C332RF6,Negotiate,5,LogOn,Success
2026-03-05T18:44:01.985Z,DESKTOP-C332RF6$,SYSTEM,DESKTOP-C332RF6,Negotiate,5,LogOn,Success
2026-03-05T18:44:02.233Z,DESKTOP-C332RF6$,SYSTEM,DESKTOP-C332RF6,Negotiate,5,LogOn,Success
2026-03-05T18:45:46.281Z,DESKTOP-C332RF6$,SYSTEM,DESKTOP-C332RF6,Negotiate,5,LogOn,Success
2026-03-05T18:51:59.264Z,DESKTOP-C332RF6$,SYSTEM,DESKTOP-C332RF6,Negotiate,5,LogOn,Success
2026-03-05T19:19:46.701Z,DESKTOP-C332RF6$,SYSTEM,DESKTOP-C332RF6,Negotiate,5,LogOn,Success
2026-03-05T19:20:30.242Z,DESKTOP-C332RF6$,SYSTEM,DESKTOP-C332RF6,Negotiate,5,LogOn,Success
2026-03-05T19:20:30.320Z,DESKTOP-C332RF6$,SYSTEM,DESKTOP-C332RF6,Negotiate,5,LogOn,Success
2026-03-05T19:30:34.532Z,DESKTOP-C332RF6$,SYSTEM,DESKTOP-C332RF6,Negotiate,5,LogOn,Success
2026-03-05T19:36:24.716Z,DESKTOP-C332RF6$,SYSTEM,DESKTOP-C332RF6,Negotiate,5,LogOn,Success
2026-03-05T20:19:53.550Z,DESKTOP-C332RF6$,SYSTEM,DESKTOP-C332RF6,Negotiate,5,LogOn,Success
2026-03-05T20:19:55.957Z,DESKTOP-C332RF6$,SYSTEM,DESKTOP-C332RF6,Negotiate,5,LogOn,Success
2026-03-05T20:30:53.640Z,DESKTOP-C332RF6$,SYSTEM,DESKTOP-C332RF6,Negotiate,5,LogOn,Success
2026-03-05T21:20:13.588Z,DESKTOP-C332RF6$,SYSTEM,DESKTOP-C332RF6,Negotiate,5,LogOn,Success
2026-03-05T21:30:53.815Z,DESKTOP-C332RF6$,SYSTEM,DESKTOP-C332RF6,Negotiate,5,LogOn,Success
2026-03-05T22:20:03.819Z,DESKTOP-C332RF6$,SYSTEM,DESKTOP-C332RF6,Negotiate,5,LogOn,Success
2026-03-05T22:31:15.867Z,DESKTOP-C332RF6$,SYSTEM,DESKTOP-C332RF6,Negotiate,5,LogOn,Success
2026-03-05T22:55:55.410Z,DESKTOP-C332RF6$,SYSTEM,DESKTOP-C332RF6,Negotiate,5,LogOn,Success
2026-03-05T23:19:53.126Z,DESKTOP-C332RF6$,SYSTEM,DESKTOP-C332RF6,Negotiate,5,LogOn,Success
2026-03-05T23:31:36.122Z,DESKTOP-C332RF6$,SYSTEM,DESKTOP-C332RF6,Negotiate,5,LogOn,Success
2026-03-06T00:14:43.494Z,DESKTOP-C332RF6$,SYSTEM,DESKTOP-C332RF6,Negotiate,5,LogOn,Success
2026-03-06T00:14:45.382Z,DESKTOP-C332RF6$,SYSTEM,DESKTOP-C332RF6,Negotiate,5,LogOn,Success
2026-03-06T00:14:45.637Z,DESKTOP-C332RF6$,SYSTEM,DESKTOP-C332RF6,Negotiate,5,LogOn,Success
2026-03-06T00:14:46.443Z,DESKTOP-C332RF6$,SYSTEM,DESKTOP-C332RF6,Negotiate,5,LogOn,Success
2026-03-06T00:14:46.625Z,DESKTOP-C332RF6$,SYSTEM,DESKTOP-C332RF6,Negotiate,5,LogOn,Success
2026-03-06T00:15:30.331Z,DESKTOP-C332RF6$,PC,DESKTOP-C332RF6,Negotiate,2,LogOn,Success
2026-03-06T00:15:30.331Z,DESKTOP-C332RF6$,PC,DESKTOP-C332RF6,Negotiate,2,LogOn,Success
2026-03-06T00:15:30.332Z,,PC,DESKTOP-C332RF6,,2,LogOff,LogOff
2026-03-06T00:15:30.332Z,,PC,DESKTOP-C332RF6,,2,LogOff,LogOff
2026-03-06T00:15:30.350Z,DESKTOP-C332RF6$,SYSTEM,DESKTOP-C332RF6,Negotiate,5,LogOn,Success
2026-03-06T00:22:01.306Z,DESKTOP-C332RF6$,SYSTEM,DESKTOP-C332RF6,Negotiate,5,LogOn,Success
2026-03-06T00:26:31.008Z,DESKTOP-C332RF6$,SYSTEM,DESKTOP-C332RF6,Negotiate,5,LogOn,Success
2026-03-06T00:26:31.907Z,DESKTOP-C332RF6$,SYSTEM,DESKTOP-C332RF6,Negotiate,5,LogOn,Success
2026-03-06T00:26:31.982Z,DESKTOP-C332RF6$,SYSTEM,DESKTOP-C332RF6,Negotiate,5,LogOn,Success
2026-03-06T00:26:32.968Z,DESKTOP-C332RF6$,SYSTEM,DESKTOP-C332RF6,Negotiate,5,LogOn,Success
2026-03-06T00:26:34.359Z,DESKTOP-C332RF6$,SYSTEM,DESKTOP-C332RF6,Negotiate,5,LogOn,Success
2026-03-06T00:32:57.620Z,DESKTOP-C332RF6$,SYSTEM,DESKTOP-C332RF6,Negotiate,5,LogOn,Success
2026-03-06T00:37:41.139Z,DESKTOP-C332RF6$,SYSTEM,DESKTOP-C332RF6,Negotiate,5,LogOn,Success
2026-03-06T00:41:56.970Z,DESKTOP-C332RF6$,SYSTEM,DESKTOP-C332RF6,Negotiate,5,LogOn,Success
2026-03-06T00:41:57.094Z,DESKTOP-C332RF6$,SYSTEM,DESKTOP-C332RF6,Negotiate,5,LogOn,Success
2026-03-06T01:20:03.868Z,DESKTOP-C332RF6$,SYSTEM,DESKTOP-C332RF6,Negotiate,5,LogOn,Success
2026-03-06T01:20:05.333Z,DESKTOP-C332RF6$,SYSTEM,DESKTOP-C332RF6,Negotiate,5,LogOn,Success
2026-03-06T01:24:14.491Z,DESKTOP-C332RF6$,SYSTEM,DESKTOP-C332RF6,Negotiate,5,LogOn,Success
2026-03-06T01:31:56.538Z,DESKTOP-C332RF6$,SYSTEM,DESKTOP-C332RF6,Negotiate,5,LogOn,Success
2026-03-06T01:31:56.879Z,DESKTOP-C332RF6$,SYSTEM,DESKTOP-C332RF6,Negotiate,5,LogOn,Success
2026-03-06T01:31:56.926Z,DESKTOP-C332RF6$,SYSTEM,DESKTOP-C332RF6,Negotiate,5,LogOn,Success
2026-03-06T01:31:57.499Z,DESKTOP-C332RF6$,SYSTEM,DESKTOP-C332RF6,Negotiate,5,LogOn,Success
2026-03-06T01:41:02.848Z,DESKTOP-C332RF6$,SYSTEM,DESKTOP-C332RF6,Negotiate,5,LogOn,Success
2026-03-06T01:45:46.302Z,DESKTOP-C332RF6$,SYSTEM,DESKTOP-C332RF6,Negotiate,5,LogOn,Success
2026-03-06T01:47:32.690Z,DESKTOP-C332RF6$,SYSTEM,DESKTOP-C332RF6,Negotiate,5,LogOn,Success
2026-03-06T01:53:45.835Z,DESKTOP-C332RF6$,SYSTEM,DESKTOP-C332RF6,Negotiate,5,LogOn,Success
2026-03-06T01:53:46.033Z,DESKTOP-C332RF6$,SYSTEM,DESKTOP-C332RF6,Negotiate,5,LogOn,Success
2026-03-06T01:53:48.435Z,DESKTOP-C332RF6$,UMFD-33,DESKTOP-C332RF6,Negotiate,2,LogOn,Success
2026-03-06T01:53:48.472Z,DESKTOP-C332RF6$,DWM-33,DESKTOP-C332RF6,Negotiate,2,LogOn,Success
2026-03-06T01:53:48.472Z,DESKTOP-C332RF6$,DWM-33,DESKTOP-C332RF6,Negotiate,2,LogOn,Success
2026-03-06T01:53:48.528Z,DESKTOP-C332RF6$,SYSTEM,DESKTOP-C332RF6,Negotiate,5,LogOn,Success
2026-03-06T01:53:57.261Z,DESKTOP-C332RF6$,SYSTEM,DESKTOP-C332RF6,Negotiate,5,LogOn,Success
2026-03-06T01:53:57.566Z,,UMFD-32,DESKTOP-C332RF6,,2,LogOff,LogOff
2026-03-06T01:53:58.534Z,DESKTOP-C332RF6$,SYSTEM,DESKTOP-C332RF6,Negotiate,5,LogOn,Success
2026-03-06T10:01:02.627Z,,DWM-32,DESKTOP-C332RF6,,2,LogOff,LogOff
2026-03-06T10:01:02.627Z,,DWM-32,DESKTOP-C332RF6,,2,LogOff,LogOff
2026-03-06T10:01:04.667Z,DESKTOP-C332RF6$,PC,DESKTOP-C332RF6,Negotiate,2,LogOn,Success
2026-03-06T10:01:04.667Z,DESKTOP-C332RF6$,PC,DESKTOP-C332RF6,Negotiate,2,LogOn,Success
2026-03-06T10:01:06.930Z,DESKTOP-C332RF6$,SYSTEM,DESKTOP-C332RF6,Negotiate,5,LogOn,Success
2026-03-06T10:01:14.291Z,DESKTOP-C332RF6$,SYSTEM,DESKTOP-C332RF6,Negotiate,5,LogOn,Success
2026-03-06T10:01:14.988Z,DESKTOP-C332RF6$,SYSTEM,DESKTOP-C332RF6,Negotiate,5,LogOn,Success
2026-03-06T10:02:49.697Z,DESKTOP-C332RF6$,SYSTEM,DESKTOP-C332RF6,Negotiate,5,LogOn,Success
2026-03-06T10:04:33.031Z,DESKTOP-C332RF6$,SYSTEM,DESKTOP-C332RF6,Negotiate,5,LogOn,Success
2026-03-06T10:04:33.106Z,DESKTOP-C332RF6$,SYSTEM,DESKTOP-C332RF6,Negotiate,5,LogOn,Success
2026-03-06T10:04:34.098Z,DESKTOP-C332RF6$,SYSTEM,DESKTOP-C332RF6,Negotiate,5,LogOn,Success
2026-03-06T10:06:43.785Z,DESKTOP-C332RF6$,SYSTEM,DESKTOP-C332RF6,Negotiate,5,LogOn,Success
2026-03-06T10:07:01.547Z,DESKTOP-C332RF6$,SYSTEM,DESKTOP-C332RF6,Negotiate,5,LogOn,Success
2026-03-06T10:07:02.221Z,DESKTOP-C332RF6$,SYSTEM,DESKTOP-C332RF6,Negotiate,5,LogOn,Success
2026-03-06T10:07:02.269Z,DESKTOP-C332RF6$,SYSTEM,DESKTOP-C332RF6,Negotiate,5,LogOn,Success
2026-03-06T10:11:09.027Z,DESKTOP-C332RF6$,SYSTEM,DESKTOP-C332RF6,Negotiate,5,LogOn,Success
2026-03-06T10:15:32.997Z,DESKTOP-C332RF6$,SYSTEM,DESKTOP-C332RF6,Negotiate,5,LogOn,Success
2026-03-06T10:15:54.310Z,DESKTOP-C332RF6$,SYSTEM,DESKTOP-C332RF6,Negotiate,5,LogOn,Success
2026-03-06T10:21:39.356Z,DESKTOP-C332RF6$,SYSTEM,DESKTOP-C332RF6,Negotiate,5,LogOn,Success
2026-03-06T10:22:16.949Z,DESKTOP-C332RF6$,SYSTEM,DESKTOP-C332RF6,Negotiate,5,LogOn,Success
2026-03-06T10:24:55.443Z,DESKTOP-C332RF6$,SYSTEM,DESKTOP-C332RF6,Negotiate,5,LogOn,Success
2026-03-06T10:33:40.899Z,DESKTOP-C332RF6$,SYSTEM,DESKTOP-C332RF6,Negotiate,5,LogOn,Success
2026-03-06T10:45:47.042Z,DESKTOP-C332RF6$,SYSTEM,DESKTOP-C332RF6,Negotiate,5,LogOn,Success
2026-03-06T10:54:27.684Z,DESKTOP-C332RF6$,SYSTEM,DESKTOP-C332RF6,Negotiate,5,LogOn,Success
2026-03-06T10:54:29.033Z,DESKTOP-C332RF6$,SYSTEM,DESKTOP-C332RF6,Negotiate,5,LogOn,Success
2026-03-06T10:55:55.065Z,DESKTOP-C332RF6$,SYSTEM,DESKTOP-C332RF6,Negotiate,5,LogOn,Success
2026-03-06T10:56:57.535Z,DESKTOP-C332RF6$,SYSTEM,DESKTOP-C332RF6,Negotiate,5,LogOn,Success
2026-03-06T11:06:44.798Z,DESKTOP-C332RF6$,SYSTEM,DESKTOP-C332RF6,Negotiate,5,LogOn,Success
2026-03-06T11:08:59.278Z,DESKTOP-C332RF6$,SYSTEM,DESKTOP-C332RF6,Negotiate,5,LogOn,Success
2026-03-06T11:13:02.254Z,DESKTOP-C332RF6$,SYSTEM,DESKTOP-C332RF6,Negotiate,5,LogOn,Success
2026-03-06T11:24:05.814Z,DESKTOP-C332RF6$,SYSTEM,DESKTOP-C332RF6,Negotiate,5,LogOn,Success
2026-03-06T11:28:00.377Z,DESKTOP-C332RF6$,SYSTEM,DESKTOP-C332RF6,Negotiate,5,LogOn,Success
2026-03-06T11:33:41.535Z,DESKTOP-C332RF6$,SYSTEM,DESKTOP-C332RF6,Negotiate,5,LogOn,Success
2026-03-06T11:38:59.151Z,DESKTOP-C332RF6$,SYSTEM,DESKTOP-C332RF6,Negotiate,5,LogOn,Success
2026-03-06T11:50:39.006Z,DESKTOP-C332RF6$,SYSTEM,DESKTOP-C332RF6,Negotiate,5,LogOn,Success
2026-03-06T11:50:40.742Z,DESKTOP-C332RF6$,SYSTEM,DESKTOP-C332RF6,Negotiate,5,LogOn,Success
2026-03-06T11:57:57.667Z,DESKTOP-C332RF6$,SYSTEM,DESKTOP-C332RF6,Negotiate,5,LogOn,Success
2026-03-06T11:58:41.531Z,DESKTOP-C332RF6$,SYSTEM,DESKTOP-C332RF6,Negotiate,5,LogOn,Success
2026-03-06T11:59:55.896Z,DESKTOP-C332RF6$,SYSTEM,DESKTOP-C332RF6,Negotiate,5,LogOn,Success
2026-03-06T12:01:05.860Z,DESKTOP-C332RF6$,SYSTEM,DESKTOP-C332RF6,Negotiate,5,LogOn,Success
2026-03-06T12:01:05.899Z,DESKTOP-C332RF6$,SYSTEM,DESKTOP-C332RF6,Negotiate,5,LogOn,Success
2026-03-06T12:01:09.291Z,DESKTOP-C332RF6$,SYSTEM,DESKTOP-C332RF6,Negotiate,5,LogOn,Success
2026-03-06T12:06:44.368Z,DESKTOP-C332RF6$,SYSTEM,DESKTOP-C332RF6,Negotiate,5,LogOn,Success
2026-03-06T12:33:41.672Z,DESKTOP-C332RF6$,SYSTEM,DESKTOP-C332RF6,Negotiate,5,LogOn,Success
2026-03-06T12:38:59.340Z,DESKTOP-C332RF6$,SYSTEM,DESKTOP-C332RF6,Negotiate,5,LogOn,Success
2026-03-06T12:50:50.774Z,DESKTOP-C332RF6$,SYSTEM,DESKTOP-C332RF6,Negotiate,5,LogOn,Success
2026-03-06T12:53:47.115Z,DESKTOP-C332RF6$,SYSTEM,DESKTOP-C332RF6,Negotiate,5,LogOn,Success
2026-03-06T12:53:59.787Z,DESKTOP-C332RF6$,SYSTEM,DESKTOP-C332RF6,Negotiate,5,LogOn,Success
2026-03-06T12:54:06.614Z,DESKTOP-C332RF6$,SYSTEM,DESKTOP-C332RF6,Negotiate,5,LogOn,Success
2026-03-06T12:59:05.224Z,DESKTOP-C332RF6$,SYSTEM,DESKTOP-C332RF6,Negotiate,5,LogOn,Success
2026-03-06T13:06:44.365Z,DESKTOP-C332RF6$,SYSTEM,DESKTOP-C332RF6,Negotiate,5,LogOn,Success
2026-03-06T13:09:08.843Z,DESKTOP-C332RF6$,SYSTEM,DESKTOP-C332RF6,Negotiate,5,LogOn,Success
2026-03-06T13:22:01.135Z,DESKTOP-C332RF6$,SYSTEM,DESKTOP-C332RF6,Negotiate,5,LogOn,Success
2026-03-06T13:22:02.641Z,DESKTOP-C332RF6$,SYSTEM,DESKTOP-C332RF6,Negotiate,5,LogOn,Success
2026-03-06T13:29:44.753Z,DESKTOP-C332RF6$,SYSTEM,DESKTOP-C332RF6,Negotiate,5,LogOn,Success
2026-03-06T13:30:43.523Z,DESKTOP-C332RF6$,SYSTEM,DESKTOP-C332RF6,Negotiate,5,LogOn,Success
2026-03-06T13:33:42.674Z,DESKTOP-C332RF6$,SYSTEM,DESKTOP-C332RF6,Negotiate,5,LogOn,Success
2026-03-06T13:38:59.505Z,DESKTOP-C332RF6$,SYSTEM,DESKTOP-C332RF6,Negotiate,5,LogOn,Success
2026-03-06T13:39:43.993Z,DESKTOP-C332RF6$,SYSTEM,DESKTOP-C332RF6,Negotiate,5,LogOn,Success
2026-03-06T13:56:04.592Z,DESKTOP-C332RF6$,SYSTEM,DESKTOP-C332RF6,Negotiate,5,LogOn,Success
2026-03-06T13:56:05.690Z,DESKTOP-C332RF6$,SYSTEM,DESKTOP-C332RF6,Negotiate,5,LogOn,Success
2026-03-06T14:00:08.072Z,DESKTOP-C332RF6$,SYSTEM,DESKTOP-C332RF6,Negotiate,5,LogOn,Success
2026-03-06T14:00:08.438Z,DESKTOP-C332RF6$,SYSTEM,DESKTOP-C332RF6,Negotiate,5,LogOn,Success
2026-03-06T14:00:10.987Z,DESKTOP-C332RF6$,SYSTEM,DESKTOP-C332RF6,Negotiate,5,LogOn,Success
2026-03-06T14:21:09.043Z,DESKTOP-C332RF6$,SYSTEM,DESKTOP-C332RF6,Negotiate,5,LogOn,Success
2026-03-06T14:21:10.336Z,DESKTOP-C332RF6$,SYSTEM,DESKTOP-C332RF6,Negotiate,5,LogOn,Success
2026-03-06T14:21:57.322Z,DESKTOP-C332RF6$,SYSTEM,DESKTOP-C332RF6,Negotiate,5,LogOn,Success
2026-03-06T14:21:57.425Z,DESKTOP-C332RF6$,SYSTEM,DESKTOP-C332RF6,Negotiate,5,LogOn,Success
2026-03-06T14:22:02.203Z,DESKTOP-C332RF6$,SYSTEM,DESKTOP-C332RF6,Negotiate,5,LogOn,Success
2026-03-06T14:22:03.192Z,DESKTOP-C332RF6$,SYSTEM,DESKTOP-C332RF6,Negotiate,5,LogOn,Success
2026-03-06T14:26:18.958Z,DESKTOP-C332RF6$,SYSTEM,DESKTOP-C332RF6,Negotiate,5,LogOn,Success
2026-03-06T14:33:43.104Z,DESKTOP-C332RF6$,SYSTEM,DESKTOP-C332RF6,Negotiate,5,LogOn,Success
2026-03-06T14:37:25.595Z,DESKTOP-C332RF6$,SYSTEM,DESKTOP-C332RF6,Negotiate,5,LogOn,Success
2026-03-06T14:37:25.717Z,DESKTOP-C332RF6$,SYSTEM,DESKTOP-C332RF6,Negotiate,5,LogOn,Success
2026-03-06T14:53:24.793Z,DESKTOP-C332RF6$,SYSTEM,DESKTOP-C332RF6,Negotiate,5,LogOn,Success
2026-03-06T14:53:26.126Z,DESKTOP-C332RF6$,SYSTEM,DESKTOP-C332RF6,Negotiate,5,LogOn,Success
2026-03-06T14:53:33.676Z,DESKTOP-C332RF6$,SYSTEM,DESKTOP-C332RF6,Negotiate,5,LogOn,Success
2026-03-06T14:55:19.588Z,DESKTOP-C332RF6$,SYSTEM,DESKTOP-C332RF6,Negotiate,5,LogOn,Success
2026-03-06T15:08:39.103Z,DESKTOP-C332RF6$,SYSTEM,DESKTOP-C332RF6,Negotiate,5,LogOn,Success
2026-03-06T15:34:05.414Z,DESKTOP-C332RF6$,SYSTEM,DESKTOP-C332RF6,Negotiate,5,LogOn,Success
2026-03-06T15:38:59.811Z,DESKTOP-C332RF6$,SYSTEM,DESKTOP-C332RF6,Negotiate,5,LogOn,Success
2026-03-06T15:59:56.058Z,DESKTOP-C332RF6$,SYSTEM,DESKTOP-C332RF6,Negotiate,5,LogOn,Success
2026-03-06T15:59:56.874Z,DESKTOP-C332RF6$,SYSTEM,DESKTOP-C332RF6,Negotiate,5,LogOn,Success
2026-03-06T15:59:57.499Z,DESKTOP-C332RF6$,SYSTEM,DESKTOP-C332RF6,Negotiate,5,LogOn,Success
2026-03-06T15:59:57.665Z,DESKTOP-C332RF6$,SYSTEM,DESKTOP-C332RF6,Negotiate,5,LogOn,Success
2026-03-06T15:59:57.743Z,DESKTOP-C332RF6$,SYSTEM,DESKTOP-C332RF6,Negotiate,5,LogOn,Success
2026-03-06T15:59:57.872Z,DESKTOP-C332RF6$,SYSTEM,DESKTOP-C332RF6,Negotiate,5,LogOn,Success
2026-03-06T15:59:58.616Z,DESKTOP-C332RF6$,PC,DESKTOP-C332RF6,Negotiate,2,LogOn,Success
2026-03-06T15:59:58.616Z,DESKTOP-C332RF6$,PC,DESKTOP-C332RF6,Negotiate,2,LogOn,Success
2026-03-06T15:59:58.618Z,,PC,DESKTOP-C332RF6,,2,LogOff,LogOff
2026-03-06T15:59:58.618Z,,PC,DESKTOP-C332RF6,,2,LogOff,LogOff
2026-03-06T16:01:43.681Z,DESKTOP-C332RF6$,SYSTEM,DESKTOP-C332RF6,Negotiate,5,LogOn,Success
2026-03-06T16:01:44.673Z,DESKTOP-C332RF6$,SYSTEM,DESKTOP-C332RF6,Negotiate,5,LogOn,Success
2026-03-06T16:01:45.657Z,DESKTOP-C332RF6$,SYSTEM,DESKTOP-C332RF6,Negotiate,5,LogOn,Success
2026-03-06T16:01:51.629Z,DESKTOP-C332RF6$,SYSTEM,DESKTOP-C332RF6,Negotiate,5,LogOn,Success
2026-03-06T16:06:48.751Z,DESKTOP-C332RF6$,SYSTEM,DESKTOP-C332RF6,Negotiate,5,LogOn,Success
2026-03-06T16:14:47.533Z,DESKTOP-C332RF6$,SYSTEM,DESKTOP-C332RF6,Negotiate,5,LogOn,Success
2026-03-06T16:17:29.515Z,DESKTOP-C332RF6$,SYSTEM,DESKTOP-C332RF6,Negotiate,5,LogOn,Success
2026-03-06T16:33:43.899Z,DESKTOP-C332RF6$,SYSTEM,DESKTOP-C332RF6,Negotiate,5,LogOn,Success
2026-03-06T16:39:05.605Z,DESKTOP-C332RF6$,SYSTEM,DESKTOP-C332RF6,Negotiate,5,LogOn,Success
2026-03-06T17:00:08.532Z,DESKTOP-C332RF6$,SYSTEM,DESKTOP-C332RF6,Negotiate,5,LogOn,Success
2026-03-06T17:00:08.610Z,DESKTOP-C332RF6$,SYSTEM,DESKTOP-C332RF6,Negotiate,5,LogOn,Success
2026-03-06T17:08:01.189Z,DESKTOP-C332RF6$,SYSTEM,DESKTOP-C332RF6,Negotiate,5,LogOn,Success
2026-03-06T17:15:08.871Z,DESKTOP-C332RF6$,SYSTEM,DESKTOP-C332RF6,Negotiate,5,LogOn,Success
2026-03-06T17:33:44.338Z,DESKTOP-C332RF6$,SYSTEM,DESKTOP-C332RF6,Negotiate,5,LogOn,Success
2026-03-06T17:39:05.792Z,DESKTOP-C332RF6$,SYSTEM,DESKTOP-C332RF6,Negotiate,5,LogOn,Success
2026-03-06T17:41:56.381Z,DESKTOP-C332RF6$,SYSTEM,DESKTOP-C332RF6,Negotiate,5,LogOn,Success
2026-03-06T17:45:55.798Z,DESKTOP-C332RF6$,SYSTEM,DESKTOP-C332RF6,Negotiate,5,LogOn,Success
2026-03-06T17:48:56.825Z,DESKTOP-C332RF6$,SYSTEM,DESKTOP-C332RF6,Negotiate,5,LogOn,Success
2026-03-06T17:48:56.883Z,DESKTOP-C332RF6$,SYSTEM,DESKTOP-C332RF6,Negotiate,5,LogOn,Success
2026-03-06T17:51:18.866Z,DESKTOP-C332RF6$,SYSTEM,DESKTOP-C332RF6,Negotiate,5,LogOn,Success
2026-03-06T17:52:45.540Z,DESKTOP-C332RF6$,SYSTEM,DESKTOP-C332RF6,Negotiate,5,LogOn,Success
2026-03-06T17:56:51.155Z,DESKTOP-C332RF6$,SYSTEM,DESKTOP-C332RF6,Negotiate,5,LogOn,Success
2026-03-06T17:56:53.743Z,DESKTOP-C332RF6$,SYSTEM,DESKTOP-C332RF6,Negotiate,5,LogOn,Success
2026-03-06T18:02:44.669Z,DESKTOP-C332RF6$,SYSTEM,DESKTOP-C332RF6,Negotiate,5,LogOn,Success
2026-03-06T18:06:44.368Z,DESKTOP-C332RF6$,SYSTEM,DESKTOP-C332RF6,Negotiate,5,LogOn,Success
2026-03-06T18:33:44.817Z,DESKTOP-C332RF6$,SYSTEM,DESKTOP-C332RF6,Negotiate,5,LogOn,Success
2026-03-06T18:39:05.976Z,DESKTOP-C332RF6$,SYSTEM,DESKTOP-C332RF6,Negotiate,5,LogOn,Success
2026-03-06T18:42:06.414Z,DESKTOP-C332RF6$,SYSTEM,DESKTOP-C332RF6,Negotiate,5,LogOn,Success
2026-03-06T18:50:11.716Z,DESKTOP-C332RF6$,SYSTEM,DESKTOP-C332RF6,Negotiate,5,LogOn,Success
2026-03-06T18:57:06.968Z,DESKTOP-C332RF6$,SYSTEM,DESKTOP-C332RF6,Negotiate,5,LogOn,Success
2026-03-06T19:02:31.552Z,DESKTOP-C332RF6$,SYSTEM,DESKTOP-C332RF6,Negotiate,5,LogOn,Success
2026-03-06T19:02:32.869Z,DESKTOP-C332RF6$,SYSTEM,DESKTOP-C332RF6,Negotiate,5,LogOn,Success
2026-03-06T19:06:36.787Z,DESKTOP-C332RF6$,SYSTEM,DESKTOP-C332RF6,Negotiate,5,LogOn,Success
2026-03-06T19:08:42.505Z,DESKTOP-C332RF6$,SYSTEM,DESKTOP-C332RF6,Negotiate,5,LogOn,Success
2026-03-06T19:08:43.294Z,DESKTOP-C332RF6$,SYSTEM,DESKTOP-C332RF6,Negotiate,5,LogOn,Success
2026-03-06T19:08:44.278Z,DESKTOP-C332RF6$,SYSTEM,DESKTOP-C332RF6,Negotiate,5,LogOn,Success
2026-03-06T19:10:24.239Z,DESKTOP-C332RF6$,SYSTEM,DESKTOP-C332RF6,Negotiate,5,LogOn,Success
2026-03-06T19:23:02.357Z,DESKTOP-C332RF6$,SYSTEM,DESKTOP-C332RF6,Negotiate,5,LogOn,Success
2026-03-06T19:34:00.377Z,DESKTOP-C332RF6$,SYSTEM,DESKTOP-C332RF6,Negotiate,5,LogOn,Success
2026-03-06T19:39:06.149Z,DESKTOP-C332RF6$,SYSTEM,DESKTOP-C332RF6,Negotiate,5,LogOn,Success
2026-03-06T20:33:50.508Z,DESKTOP-C332RF6$,SYSTEM,DESKTOP-C332RF6,Negotiate,5,LogOn,Success
2026-03-06T20:39:32.226Z,DESKTOP-C332RF6$,SYSTEM,DESKTOP-C332RF6,Negotiate,5,LogOn,Success
2026-03-06T21:34:10.656Z,DESKTOP-C332RF6$,SYSTEM,DESKTOP-C332RF6,Negotiate,5,LogOn,Success
2026-03-06T21:38:41.063Z,DESKTOP-C332RF6$,SYSTEM,DESKTOP-C332RF6,Negotiate,5,LogOn,Success
2026-03-06T21:38:41.154Z,DESKTOP-C332RF6$,SYSTEM,DESKTOP-C332RF6,Negotiate,5,LogOn,Success
2026-03-06T21:38:41.887Z,DESKTOP-C332RF6$,SYSTEM,DESKTOP-C332RF6,Negotiate,5,LogOn,Success
2026-03-06T21:38:42.507Z,DESKTOP-C332RF6$,SYSTEM,DESKTOP-C332RF6,Negotiate,5,LogOn,Success
2026-03-06T21:38:42.748Z,DESKTOP-C332RF6$,SYSTEM,DESKTOP-C332RF6,Negotiate,5,LogOn,Success
2026-03-06T21:38:42.876Z,DESKTOP-C332RF6$,SYSTEM,DESKTOP-C332RF6,Negotiate,5,LogOn,Success
2026-03-06T21:38:44.902Z,DESKTOP-C332RF6$,PC,DESKTOP-C332RF6,Negotiate,2,LogOn,Success
2026-03-06T21:38:44.902Z,DESKTOP-C332RF6$,PC,DESKTOP-C332RF6,Negotiate,2,LogOn,Success
2026-03-06T21:38:44.902Z,,PC,DESKTOP-C332RF6,,2,LogOff,LogOff
2026-03-06T21:38:44.902Z,,PC,DESKTOP-C332RF6,,2,LogOff,LogOff
2026-03-06T21:38:48.128Z,DESKTOP-C332RF6$,SYSTEM,DESKTOP-C332RF6,Negotiate,5,LogOn,Success
2026-03-06T21:38:48.682Z,DESKTOP-C332RF6$,SYSTEM,DESKTOP-C332RF6,Negotiate,5,LogOn,Success
2026-03-06T21:43:14.942Z,DESKTOP-C332RF6$,SYSTEM,DESKTOP-C332RF6,Negotiate,5,LogOn,Success
2026-03-06T21:48:44.598Z,DESKTOP-C332RF6$,SYSTEM,DESKTOP-C332RF6,Negotiate,5,LogOn,Success
2026-03-06T21:53:13.826Z,DESKTOP-C332RF6$,SYSTEM,DESKTOP-C332RF6,Negotiate,5,LogOn,Success
2026-03-06T21:54:23.146Z,DESKTOP-C332RF6$,SYSTEM,DESKTOP-C332RF6,Negotiate,5,LogOn,Success
2026-03-06T21:54:23.271Z,DESKTOP-C332RF6$,SYSTEM,DESKTOP-C332RF6,Negotiate,5,LogOn,Success
2026-03-06T22:06:44.564Z,DESKTOP-C332RF6$,SYSTEM,DESKTOP-C332RF6,Negotiate,5,LogOn,Success
2026-03-06T22:14:31.227Z,DESKTOP-C332RF6$,SYSTEM,DESKTOP-C332RF6,Negotiate,5,LogOn,Success
2026-03-06T22:14:32.760Z,DESKTOP-C332RF6$,SYSTEM,DESKTOP-C332RF6,Negotiate,5,LogOn,Success
2026-03-06T22:18:20.532Z,DESKTOP-C332RF6$,SYSTEM,DESKTOP-C332RF6,Negotiate,5,LogOn,Success
2026-03-06T22:18:29.193Z,DESKTOP-C332RF6$,SYSTEM,DESKTOP-C332RF6,Negotiate,5,LogOn,Success
2026-03-06T22:23:39.219Z,DESKTOP-C332RF6$,SYSTEM,DESKTOP-C332RF6,Negotiate,5,LogOn,Success
2026-03-06T22:35:33.072Z,DESKTOP-C332RF6$,SYSTEM,DESKTOP-C332RF6,Negotiate,5,LogOn,Success
2026-03-06T22:39:52.426Z,DESKTOP-C332RF6$,SYSTEM,DESKTOP-C332RF6,Negotiate,5,LogOn,Success
2026-03-06T22:40:47.115Z,DESKTOP-C332RF6$,SYSTEM,DESKTOP-C332RF6,Negotiate,5,LogOn,Success
2026-03-06T22:48:21.065Z,DESKTOP-C332RF6$,SYSTEM,DESKTOP-C332RF6,Negotiate,5,LogOn,Success
2026-03-06T22:48:22.577Z,DESKTOP-C332RF6$,SYSTEM,DESKTOP-C332RF6,Negotiate,5,LogOn,Success
2026-03-06T22:55:55.076Z,DESKTOP-C332RF6$,SYSTEM,DESKTOP-C332RF6,Negotiate,5,LogOn,Success
2026-03-06T23:00:08.110Z,DESKTOP-C332RF6$,SYSTEM,DESKTOP-C332RF6,Negotiate,5,LogOn,Success
2026-03-06T23:00:08.624Z,DESKTOP-C332RF6$,SYSTEM,DESKTOP-C332RF6,Negotiate,5,LogOn,Success
2026-03-06T23:00:09.614Z,DESKTOP-C332RF6$,SYSTEM,DESKTOP-C332RF6,Negotiate,5,LogOn,Success
2026-03-06T23:00:31.094Z,DESKTOP-C332RF6$,SYSTEM,DESKTOP-C332RF6,Negotiate,5,LogOn,Success
2026-03-06T23:01:15.896Z,DESKTOP-C332RF6$,UMFD-34,DESKTOP-C332RF6,Negotiate,2,LogOn,Success
2026-03-06T23:01:15.938Z,DESKTOP-C332RF6$,DWM-34,DESKTOP-C332RF6,Negotiate,2,LogOn,Success
2026-03-06T23:01:15.938Z,DESKTOP-C332RF6$,DWM-34,DESKTOP-C332RF6,Negotiate,2,LogOn,Success
2026-03-06T23:01:15.946Z,DESKTOP-C332RF6$,SYSTEM,DESKTOP-C332RF6,Negotiate,5,LogOn,Success
2026-03-06T23:01:15.995Z,DESKTOP-C332RF6$,SYSTEM,DESKTOP-C332RF6,Negotiate,5,LogOn,Success
2026-03-06T23:01:17.264Z,DESKTOP-C332RF6$,SYSTEM,DESKTOP-C332RF6,Negotiate,5,LogOn,Success
2026-03-06T23:01:24.675Z,DESKTOP-C332RF6$,SYSTEM,DESKTOP-C332RF6,Negotiate,5,LogOn,Success
2026-03-06T23:01:25.035Z,,UMFD-33,DESKTOP-C332RF6,,2,LogOff,LogOff
2026-03-06T23:01:26.012Z,DESKTOP-C332RF6$,SYSTEM,DESKTOP-C332RF6,Negotiate,5,LogOn,Success
2026-03-07T12:34:48.631Z,,DWM-33,DESKTOP-C332RF6,,2,LogOff,LogOff
2026-03-07T12:34:48.632Z,,DWM-33,DESKTOP-C332RF6,,2,LogOff,LogOff
2026-03-07T12:34:50.762Z,DESKTOP-C332RF6$,PC,DESKTOP-C332RF6,Negotiate,2,LogOn,Success
2026-03-07T12:34:50.762Z,DESKTOP-C332RF6$,PC,DESKTOP-C332RF6,Negotiate,2,LogOn,Success
2026-03-07T12:34:53.056Z,DESKTOP-C332RF6$,SYSTEM,DESKTOP-C332RF6,Negotiate,5,LogOn,Success
2026-03-07T12:34:59.607Z,DESKTOP-C332RF6$,SYSTEM,DESKTOP-C332RF6,Negotiate,5,LogOn,Success
2026-03-07T12:36:02.100Z,DESKTOP-C332RF6$,SYSTEM,DESKTOP-C332RF6,Negotiate,5,LogOn,Success
2026-03-07T12:36:38.722Z,DESKTOP-C332RF6$,SYSTEM,DESKTOP-C332RF6,Negotiate,5,LogOn,Success
2026-03-07T12:36:42.221Z,DESKTOP-C332RF6$,SYSTEM,DESKTOP-C332RF6,Negotiate,5,LogOn,Success
2026-03-07T12:39:53.507Z,DESKTOP-C332RF6$,SYSTEM,DESKTOP-C332RF6,Negotiate,5,LogOn,Success
2026-03-07T12:40:47.582Z,DESKTOP-C332RF6$,SYSTEM,DESKTOP-C332RF6,Negotiate,5,LogOn,Success
2026-03-07T12:40:47.656Z,DESKTOP-C332RF6$,SYSTEM,DESKTOP-C332RF6,Negotiate,5,LogOn,Success
2026-03-07T12:40:48.239Z,DESKTOP-C332RF6$,SYSTEM,DESKTOP-C332RF6,Negotiate,5,LogOn,Success
2026-03-07T12:40:48.286Z,DESKTOP-C332RF6$,SYSTEM,DESKTOP-C332RF6,Negotiate,5,LogOn,Success
2026-03-07T12:41:22.188Z,DESKTOP-C332RF6$,SYSTEM,DESKTOP-C332RF6,Negotiate,5,LogOn,Success
2026-03-07T12:41:24.607Z,DESKTOP-C332RF6$,SYSTEM,DESKTOP-C332RF6,Negotiate,5,LogOn,Success
2026-03-07T12:44:49.509Z,DESKTOP-C332RF6$,SYSTEM,DESKTOP-C332RF6,Negotiate,5,LogOn,Success
2026-03-07T12:44:55.141Z,DESKTOP-C332RF6$,SYSTEM,DESKTOP-C332RF6,Negotiate,5,LogOn,Success
2026-03-07T12:49:52.139Z,DESKTOP-C332RF6$,SYSTEM,DESKTOP-C332RF6,Negotiate,5,LogOn,Success
2026-03-07T12:51:16.668Z,DESKTOP-C332RF6$,SYSTEM,DESKTOP-C332RF6,Negotiate,5,LogOn,Success
2026-03-07T12:52:20.939Z,DESKTOP-C332RF6$,SYSTEM,DESKTOP-C332RF6,Negotiate,5,LogOn,Success
2026-03-07T13:04:54.025Z,DESKTOP-C332RF6$,SYSTEM,DESKTOP-C332RF6,Negotiate,5,LogOn,Success
2026-03-07T13:05:18.807Z,DESKTOP-C332RF6$,SYSTEM,DESKTOP-C332RF6,Negotiate,5,LogOn,Success
2026-03-07T13:05:19.760Z,DESKTOP-C332RF6$,SYSTEM,DESKTOP-C332RF6,Negotiate,5,LogOn,Success
2026-03-07T13:20:13.043Z,DESKTOP-C332RF6$,SYSTEM,DESKTOP-C332RF6,Negotiate,5,LogOn,Success
2026-03-07T13:35:21.796Z,DESKTOP-C332RF6$,SYSTEM,DESKTOP-C332RF6,Negotiate,5,LogOn,Success
2026-03-07T13:35:23.859Z,DESKTOP-C332RF6$,SYSTEM,DESKTOP-C332RF6,Negotiate,5,LogOn,Success
2026-03-07T13:40:48.314Z,DESKTOP-C332RF6$,SYSTEM,DESKTOP-C332RF6,Negotiate,5,LogOn,Success
2026-03-07T13:41:02.953Z,DESKTOP-C332RF6$,SYSTEM,DESKTOP-C332RF6,Negotiate,5,LogOn,Success
2026-03-07T13:43:25.558Z,DESKTOP-C332RF6$,SYSTEM,DESKTOP-C332RF6,Negotiate,5,LogOn,Success
2026-03-07T13:51:17.709Z,DESKTOP-C332RF6$,SYSTEM,DESKTOP-C332RF6,Negotiate,5,LogOn,Success
2026-03-07T13:57:53.597Z,DESKTOP-C332RF6$,SYSTEM,DESKTOP-C332RF6,Negotiate,5,LogOn,Success
2026-03-07T13:57:54.587Z,DESKTOP-C332RF6$,SYSTEM,DESKTOP-C332RF6,Negotiate,5,LogOn,Success
2026-03-07T14:06:44.356Z,DESKTOP-C332RF6$,SYSTEM,DESKTOP-C332RF6,Negotiate,5,LogOn,Success
2026-03-07T14:08:27.458Z,DESKTOP-C332RF6$,SYSTEM,DESKTOP-C332RF6,Negotiate,5,LogOn,Success
2026-03-07T14:08:27.814Z,DESKTOP-C332RF6$,SYSTEM,DESKTOP-C332RF6,Negotiate,5,LogOn,Success
2026-03-07T14:08:33.441Z,DESKTOP-C332RF6$,SYSTEM,DESKTOP-C332RF6,Negotiate,5,LogOn,Success
2026-03-07T14:16:10.411Z,DESKTOP-C332RF6$,SYSTEM,DESKTOP-C332RF6,Negotiate,5,LogOn,Success
2026-03-07T14:34:51.920Z,DESKTOP-C332RF6$,SYSTEM,DESKTOP-C332RF6,Negotiate,5,LogOn,Success
2026-03-07T14:34:51.958Z,DESKTOP-C332RF6$,SYSTEM,DESKTOP-C332RF6,Negotiate,5,LogOn,Success
2026-03-07T14:34:55.349Z,DESKTOP-C332RF6$,SYSTEM,DESKTOP-C332RF6,Negotiate,5,LogOn,Success
2026-03-07T14:40:48.306Z,DESKTOP-C332RF6$,SYSTEM,DESKTOP-C332RF6,Negotiate,5,LogOn,Success
2026-03-07T14:46:07.033Z,DESKTOP-C332RF6$,SYSTEM,DESKTOP-C332RF6,Negotiate,5,LogOn,Success
2026-03-07T14:52:00.711Z,DESKTOP-C332RF6$,SYSTEM,DESKTOP-C332RF6,Negotiate,5,LogOn,Success
2026-03-07T14:59:29.843Z,DESKTOP-C332RF6$,SYSTEM,DESKTOP-C332RF6,Negotiate,5,LogOn,Success
2026-03-07T15:13:12.652Z,DESKTOP-C332RF6$,SYSTEM,DESKTOP-C332RF6,Negotiate,5,LogOn,Success
2026-03-07T15:33:46.274Z,DESKTOP-C332RF6$,SYSTEM,DESKTOP-C332RF6,Negotiate,5,LogOn,Success
2026-03-07T15:33:47.157Z,DESKTOP-C332RF6$,SYSTEM,DESKTOP-C332RF6,Negotiate,5,LogOn,Success
2026-03-07T15:33:47.714Z,DESKTOP-C332RF6$,SYSTEM,DESKTOP-C332RF6,Negotiate,5,LogOn,Success
2026-03-07T15:33:47.866Z,DESKTOP-C332RF6$,SYSTEM,DESKTOP-C332RF6,Negotiate,5,LogOn,Success
2026-03-07T15:33:48.154Z,DESKTOP-C332RF6$,SYSTEM,DESKTOP-C332RF6,Negotiate,5,LogOn,Success
2026-03-07T15:33:49.663Z,DESKTOP-C332RF6$,PC,DESKTOP-C332RF6,Negotiate,2,LogOn,Success
2026-03-07T15:33:49.663Z,DESKTOP-C332RF6$,PC,DESKTOP-C332RF6,Negotiate,2,LogOn,Success
2026-03-07T15:33:49.664Z,,PC,DESKTOP-C332RF6,,2,LogOff,LogOff
2026-03-07T15:33:49.664Z,,PC,DESKTOP-C332RF6,,2,LogOff,LogOff
2026-03-07T15:33:53.351Z,DESKTOP-C332RF6$,SYSTEM,DESKTOP-C332RF6,Negotiate,5,LogOn,Success
2026-03-07T15:37:50.575Z,DESKTOP-C332RF6$,SYSTEM,DESKTOP-C332RF6,Negotiate,5,LogOn,Success
2026-03-07T15:40:48.322Z,DESKTOP-C332RF6$,SYSTEM,DESKTOP-C332RF6,Negotiate,5,LogOn,Success
2026-03-07T15:50:09.884Z,DESKTOP-C332RF6$,SYSTEM,DESKTOP-C332RF6,Negotiate,5,LogOn,Success
2026-03-07T15:50:10.960Z,DESKTOP-C332RF6$,SYSTEM,DESKTOP-C332RF6,Negotiate,5,LogOn,Success
2026-03-07T15:54:10.414Z,DESKTOP-C332RF6$,SYSTEM,DESKTOP-C332RF6,Negotiate,5,LogOn,Success
2026-03-07T16:06:44.368Z,DESKTOP-C332RF6$,SYSTEM,DESKTOP-C332RF6,Negotiate,5,LogOn,Success
2026-03-07T16:13:31.619Z,DESKTOP-C332RF6$,SYSTEM,DESKTOP-C332RF6,Negotiate,5,LogOn,Success
2026-03-07T16:27:08.183Z,DESKTOP-C332RF6$,SYSTEM,DESKTOP-C332RF6,Negotiate,5,LogOn,Success
2026-03-07T16:40:48.303Z,DESKTOP-C332RF6$,SYSTEM,DESKTOP-C332RF6,Negotiate,5,LogOn,Success
2026-03-07T16:50:11.293Z,DESKTOP-C332RF6$,SYSTEM,DESKTOP-C332RF6,Negotiate,5,LogOn,Success
2026-03-07T16:50:12.426Z,DESKTOP-C332RF6$,SYSTEM,DESKTOP-C332RF6,Negotiate,5,LogOn,Success
2026-03-07T16:50:12.512Z,DESKTOP-C332RF6$,SYSTEM,DESKTOP-C332RF6,Negotiate,5,LogOn,Success
2026-03-07T16:50:12.923Z,DESKTOP-C332RF6$,SYSTEM,DESKTOP-C332RF6,Negotiate,5,LogOn,Success
2026-03-07T16:52:38.581Z,DESKTOP-C332RF6$,SYSTEM,DESKTOP-C332RF6,Negotiate,5,LogOn,Success
2026-03-07T17:00:00.419Z,DESKTOP-C332RF6$,SYSTEM,DESKTOP-C332RF6,Negotiate,5,LogOn,Success
2026-03-07T17:06:44.362Z,DESKTOP-C332RF6$,SYSTEM,DESKTOP-C332RF6,Negotiate,5,LogOn,Success
2026-03-07T17:06:53.862Z,DESKTOP-C332RF6$,SYSTEM,DESKTOP-C332RF6,Negotiate,5,LogOn,Success
2026-03-07T17:06:56.006Z,DESKTOP-C332RF6$,SYSTEM,DESKTOP-C332RF6,Negotiate,5,LogOn,Success
2026-03-07T17:07:40.797Z,DESKTOP-C332RF6$,SYSTEM,DESKTOP-C332RF6,Negotiate,5,LogOn,Success
2026-03-07T17:07:53.919Z,DESKTOP-C332RF6$,SYSTEM,DESKTOP-C332RF6,Negotiate,5,LogOn,Success
2026-03-07T17:07:54.898Z,DESKTOP-C332RF6$,SYSTEM,DESKTOP-C332RF6,Negotiate,5,LogOn,Success
2026-03-07T17:08:40.592Z,DESKTOP-C332RF6$,SYSTEM,DESKTOP-C332RF6,Negotiate,5,LogOn,Success
2026-03-07T17:09:10.689Z,DESKTOP-C332RF6$,SYSTEM,DESKTOP-C332RF6,Negotiate,5,LogOn,Success
2026-03-07T17:18:18.073Z,DESKTOP-C332RF6$,SYSTEM,DESKTOP-C332RF6,Negotiate,5,LogOn,Success
2026-03-07T17:23:55.799Z,DESKTOP-C332RF6$,SYSTEM,DESKTOP-C332RF6,Negotiate,5,LogOn,Success
2026-03-07T17:23:57.192Z,DESKTOP-C332RF6$,SYSTEM,DESKTOP-C332RF6,Negotiate,5,LogOn,Success
2026-03-07T17:24:56.736Z,DESKTOP-C332RF6$,SYSTEM,DESKTOP-C332RF6,Negotiate,5,LogOn,Success
2026-03-07T17:31:12.552Z,DESKTOP-C332RF6$,SYSTEM,DESKTOP-C332RF6,Negotiate,5,LogOn,Success
2026-03-07T17:35:56.272Z,DESKTOP-C332RF6$,SYSTEM,DESKTOP-C332RF6,Negotiate,5,LogOn,Success
2026-03-07T17:40:48.325Z,DESKTOP-C332RF6$,SYSTEM,DESKTOP-C332RF6,Negotiate,5,LogOn,Success
2026-03-07T17:47:51.240Z,DESKTOP-C332RF6$,SYSTEM,DESKTOP-C332RF6,Negotiate,5,LogOn,Success
2026-03-07T17:47:52.140Z,DESKTOP-C332RF6$,SYSTEM,DESKTOP-C332RF6,Negotiate,5,LogOn,Success
2026-03-07T17:53:13.499Z,DESKTOP-C332RF6$,SYSTEM,DESKTOP-C332RF6,Negotiate,5,LogOn,Success
2026-03-07T17:53:44.425Z,DESKTOP-C332RF6$,SYSTEM,DESKTOP-C332RF6,Negotiate,5,LogOn,Success
2026-03-07T17:53:44.503Z,DESKTOP-C332RF6$,SYSTEM,DESKTOP-C332RF6,Negotiate,5,LogOn,Success
2026-03-07T17:53:49.651Z,DESKTOP-C332RF6$,SYSTEM,DESKTOP-C332RF6,Negotiate,5,LogOn,Success
2026-03-07T18:04:22.968Z,DESKTOP-C332RF6$,SYSTEM,DESKTOP-C332RF6,Negotiate,5,LogOn,Success
2026-03-07T18:06:44.365Z,DESKTOP-C332RF6$,SYSTEM,DESKTOP-C332RF6,Negotiate,5,LogOn,Success
2026-03-07T18:13:31.927Z,DESKTOP-C332RF6$,SYSTEM,DESKTOP-C332RF6,Negotiate,5,LogOn,Success
2026-03-07T18:26:06.201Z,DESKTOP-C332RF6$,SYSTEM,DESKTOP-C332RF6,Negotiate,5,LogOn,Success
2026-03-07T18:26:07.525Z,DESKTOP-C332RF6$,SYSTEM,DESKTOP-C332RF6,Negotiate,5,LogOn,Success
2026-03-07T18:30:35.368Z,DESKTOP-C332RF6$,SYSTEM,DESKTOP-C332RF6,Negotiate,5,LogOn,Success
2026-03-07T18:40:48.329Z,DESKTOP-C332RF6$,SYSTEM,DESKTOP-C332RF6,Negotiate,5,LogOn,Success
2026-03-07T18:52:27.125Z,DESKTOP-C332RF6$,SYSTEM,DESKTOP-C332RF6,Negotiate,5,LogOn,Success
2026-03-07T18:52:28.615Z,DESKTOP-C332RF6$,SYSTEM,DESKTOP-C332RF6,Negotiate,5,LogOn,Success
2026-03-07T18:55:43.878Z,DESKTOP-C332RF6$,SYSTEM,DESKTOP-C332RF6,Negotiate,5,LogOn,Success
2026-03-07T18:55:44.015Z,DESKTOP-C332RF6$,SYSTEM,DESKTOP-C332RF6,Negotiate,5,LogOn,Success
2026-03-07T18:57:27.037Z,DESKTOP-C332RF6$,SYSTEM,DESKTOP-C332RF6,Negotiate,5,LogOn,Success
2026-03-07T19:00:15.132Z,DESKTOP-C332RF6$,SYSTEM,DESKTOP-C332RF6,Negotiate,5,LogOn,Success
2026-03-07T19:04:23.277Z,DESKTOP-C332RF6$,SYSTEM,DESKTOP-C332RF6,Negotiate,5,LogOn,Success
2026-03-07T19:06:44.362Z,DESKTOP-C332RF6$,SYSTEM,DESKTOP-C332RF6,Negotiate,5,LogOn,Success
2026-03-07T19:13:32.125Z,DESKTOP-C332RF6$,SYSTEM,DESKTOP-C332RF6,Negotiate,5,LogOn,Success
2026-03-07T19:13:50.265Z,DESKTOP-C332RF6$,SYSTEM,DESKTOP-C332RF6,Negotiate,5,LogOn,Success
2026-03-07T19:13:50.837Z,DESKTOP-C332RF6$,SYSTEM,DESKTOP-C332RF6,Negotiate,5,LogOn,Success
2026-03-07T19:13:51.248Z,DESKTOP-C332RF6$,SYSTEM,DESKTOP-C332RF6,Negotiate,5,LogOn,Success
2026-03-07T19:19:43.752Z,DESKTOP-C332RF6$,SYSTEM,DESKTOP-C332RF6,Negotiate,5,LogOn,Success
2026-03-07T19:23:46.342Z,DESKTOP-C332RF6$,SYSTEM,DESKTOP-C332RF6,Negotiate,5,LogOn,Success
2026-03-07T19:24:30.712Z,DESKTOP-C332RF6$,SYSTEM,DESKTOP-C332RF6,Negotiate,5,LogOn,Success
2026-03-07T19:24:32.597Z,DESKTOP-C332RF6$,SYSTEM,DESKTOP-C332RF6,Negotiate,5,LogOn,Success
2026-03-07T19:40:48.315Z,DESKTOP-C332RF6$,SYSTEM,DESKTOP-C332RF6,Negotiate,5,LogOn,Success
2026-03-07T19:42:59.872Z,DESKTOP-C332RF6$,SYSTEM,DESKTOP-C332RF6,Negotiate,5,LogOn,Success
2026-03-07T19:43:00.992Z,DESKTOP-C332RF6$,SYSTEM,DESKTOP-C332RF6,Negotiate,5,LogOn,Success
2026-03-07T19:59:19.040Z,DESKTOP-C332RF6$,SYSTEM,DESKTOP-C332RF6,Negotiate,5,LogOn,Success
2026-03-07T19:59:20.408Z,DESKTOP-C332RF6$,SYSTEM,DESKTOP-C332RF6,Negotiate,5,LogOn,Success
2026-03-07T19:59:23.038Z,DESKTOP-C332RF6$,SYSTEM,DESKTOP-C332RF6,Negotiate,5,LogOn,Success
2026-03-07T19:59:23.117Z,DESKTOP-C332RF6$,SYSTEM,DESKTOP-C332RF6,Negotiate,5,LogOn,Success
2026-03-07T19:59:24.101Z,DESKTOP-C332RF6$,SYSTEM,DESKTOP-C332RF6,Negotiate,5,LogOn,Success
2026-03-07T19:59:25.211Z,DESKTOP-C332RF6$,SYSTEM,DESKTOP-C332RF6,Negotiate,5,LogOn,Success
2026-03-07T20:03:29.395Z,DESKTOP-C332RF6$,SYSTEM,DESKTOP-C332RF6,Negotiate,5,LogOn,Success
2026-03-07T20:06:44.359Z,DESKTOP-C332RF6$,SYSTEM,DESKTOP-C332RF6,Negotiate,5,LogOn,Success
2026-03-07T20:13:32.310Z,DESKTOP-C332RF6$,SYSTEM,DESKTOP-C332RF6,Negotiate,5,LogOn,Success
2026-03-07T20:15:26.171Z,DESKTOP-C332RF6$,SYSTEM,DESKTOP-C332RF6,Negotiate,5,LogOn,Success
2026-03-07T20:18:36.855Z,DESKTOP-C332RF6$,SYSTEM,DESKTOP-C332RF6,Negotiate,5,LogOn,Success
2026-03-07T20:22:39.267Z,DESKTOP-C332RF6$,SYSTEM,DESKTOP-C332RF6,Negotiate,5,LogOn,Success
2026-03-07T20:40:48.307Z,DESKTOP-C332RF6$,SYSTEM,DESKTOP-C332RF6,Negotiate,5,LogOn,Success
2026-03-07T20:50:13.416Z,DESKTOP-C332RF6$,SYSTEM,DESKTOP-C332RF6,Negotiate,5,LogOn,Success
2026-03-07T20:50:15.113Z,DESKTOP-C332RF6$,SYSTEM,DESKTOP-C332RF6,Negotiate,5,LogOn,Success
2026-03-07T21:02:10.592Z,DESKTOP-C332RF6$,SYSTEM,DESKTOP-C332RF6,Negotiate,5,LogOn,Success
2026-03-07T21:05:32.874Z,DESKTOP-C332RF6$,SYSTEM,DESKTOP-C332RF6,Negotiate,5,LogOn,Success
2026-03-07T21:06:38.114Z,DESKTOP-C332RF6$,SYSTEM,DESKTOP-C332RF6,Negotiate,5,LogOn,Success
2026-03-07T21:06:44.367Z,DESKTOP-C332RF6$,SYSTEM,DESKTOP-C332RF6,Negotiate,5,LogOn,Success
2026-03-07T21:06:52.674Z,DESKTOP-C332RF6$,SYSTEM,DESKTOP-C332RF6,Negotiate,5,LogOn,Success
2026-03-07T21:06:57.863Z,DESKTOP-C332RF6$,SYSTEM,DESKTOP-C332RF6,Negotiate,5,LogOn,Success
2026-03-07T21:08:42.490Z,DESKTOP-C332RF6$,SYSTEM,DESKTOP-C332RF6,Negotiate,5,LogOn,Success
2026-03-07T21:13:32.498Z,DESKTOP-C332RF6$,SYSTEM,DESKTOP-C332RF6,Negotiate,5,LogOn,Success
2026-03-07T21:30:40.172Z,DESKTOP-C332RF6$,SYSTEM,DESKTOP-C332RF6,Negotiate,5,LogOn,Success
2026-03-07T21:30:41.610Z,DESKTOP-C332RF6$,SYSTEM,DESKTOP-C332RF6,Negotiate,5,LogOn,Success
2026-03-07T21:35:27.854Z,DESKTOP-C332RF6$,SYSTEM,DESKTOP-C332RF6,Negotiate,5,LogOn,Success
2026-03-07T21:40:48.313Z,DESKTOP-C332RF6$,SYSTEM,DESKTOP-C332RF6,Negotiate,5,LogOn,Success
2026-03-07T22:03:22.173Z,DESKTOP-C332RF6$,SYSTEM,DESKTOP-C332RF6,Negotiate,5,LogOn,Success
2026-03-07T22:03:23.498Z,DESKTOP-C332RF6$,SYSTEM,DESKTOP-C332RF6,Negotiate,5,LogOn,Success
2026-03-07T22:09:24.913Z,DESKTOP-C332RF6$,SYSTEM,DESKTOP-C332RF6,Negotiate,5,LogOn,Success
2026-03-07T22:21:08.178Z,DESKTOP-C332RF6$,SYSTEM,DESKTOP-C332RF6,Negotiate,5,LogOn,Success
2026-03-07T22:21:09.456Z,DESKTOP-C332RF6$,SYSTEM,DESKTOP-C332RF6,Negotiate,5,LogOn,Success
2026-03-07T22:23:54.860Z,DESKTOP-C332RF6$,SYSTEM,DESKTOP-C332RF6,Negotiate,5,LogOn,Success
2026-03-07T22:35:56.124Z,DESKTOP-C332RF6$,SYSTEM,DESKTOP-C332RF6,Negotiate,5,LogOn,Success
2026-03-07T22:40:24.973Z,DESKTOP-C332RF6$,SYSTEM,DESKTOP-C332RF6,Negotiate,5,LogOn,Success
2026-03-07T22:40:48.321Z,DESKTOP-C332RF6$,SYSTEM,DESKTOP-C332RF6,Negotiate,5,LogOn,Success
2026-03-07T22:41:15.128Z,DESKTOP-C332RF6$,SYSTEM,DESKTOP-C332RF6,Negotiate,5,LogOn,Success
2026-03-07T22:51:57.476Z,DESKTOP-C332RF6$,SYSTEM,DESKTOP-C332RF6,Negotiate,5,LogOn,Success
2026-03-07T22:51:59.054Z,DESKTOP-C332RF6$,SYSTEM,DESKTOP-C332RF6,Negotiate,5,LogOn,Success
2026-03-07T22:55:59.412Z,DESKTOP-C332RF6$,SYSTEM,DESKTOP-C332RF6,Negotiate,5,LogOn,Success
2026-03-07T22:57:08.495Z,DESKTOP-C332RF6$,SYSTEM,DESKTOP-C332RF6,Negotiate,5,LogOn,Success
2026-03-07T23:06:44.381Z,DESKTOP-C332RF6$,SYSTEM,DESKTOP-C332RF6,Negotiate,5,LogOn,Success
2026-03-07T23:09:10.609Z,DESKTOP-C332RF6$,SYSTEM,DESKTOP-C332RF6,Negotiate,5,LogOn,Success
2026-03-07T23:13:32.800Z,DESKTOP-C332RF6$,SYSTEM,DESKTOP-C332RF6,Negotiate,5,LogOn,Success
2026-03-07T23:26:03.097Z,DESKTOP-C332RF6$,SYSTEM,DESKTOP-C332RF6,Negotiate,5,LogOn,Success
2026-03-07T23:26:04.917Z,DESKTOP-C332RF6$,SYSTEM,DESKTOP-C332RF6,Negotiate,5,LogOn,Success
2026-03-07T23:30:42.168Z,DESKTOP-C332RF6$,SYSTEM,DESKTOP-C332RF6,Negotiate,5,LogOn,Success
2026-03-07T23:30:42.281Z,DESKTOP-C332RF6$,SYSTEM,DESKTOP-C332RF6,Negotiate,5,LogOn,Success
2026-03-07T23:30:47.136Z,DESKTOP-C332RF6$,UMFD-35,DESKTOP-C332RF6,Negotiate,2,LogOn,Success
2026-03-07T23:30:47.176Z,DESKTOP-C332RF6$,DWM-35,DESKTOP-C332RF6,Negotiate,2,LogOn,Success
2026-03-07T23:30:47.176Z,DESKTOP-C332RF6$,DWM-35,DESKTOP-C332RF6,Negotiate,2,LogOn,Success
2026-03-07T23:30:47.233Z,DESKTOP-C332RF6$,SYSTEM,DESKTOP-C332RF6,Negotiate,5,LogOn,Success
2026-03-07T23:30:55.940Z,DESKTOP-C332RF6$,SYSTEM,DESKTOP-C332RF6,Negotiate,5,LogOn,Success
2026-03-07T23:30:56.256Z,,UMFD-34,DESKTOP-C332RF6,,2,LogOff,LogOff
2026-03-07T23:30:57.240Z,DESKTOP-C332RF6$,SYSTEM,DESKTOP-C332RF6,Negotiate,5,LogOn,Success
2026-03-08T08:13:18.631Z,,DWM-34,DESKTOP-C332RF6,,2,LogOff,LogOff
2026-03-08T08:13:18.631Z,,DWM-34,DESKTOP-C332RF6,,2,LogOff,LogOff
2026-03-08T08:13:20.457Z,DESKTOP-C332RF6$,PC,DESKTOP-C332RF6,Negotiate,2,LogOn,Success
2026-03-08T08:13:20.458Z,DESKTOP-C332RF6$,PC,DESKTOP-C332RF6,Negotiate,2,LogOn,Success
2026-03-08T08:13:22.594Z,DESKTOP-C332RF6$,SYSTEM,DESKTOP-C332RF6,Negotiate,5,LogOn,Success
2026-03-08T08:13:29.494Z,DESKTOP-C332RF6$,SYSTEM,DESKTOP-C332RF6,Negotiate,5,LogOn,Success
2026-03-08T08:15:08.308Z,DESKTOP-C332RF6$,SYSTEM,DESKTOP-C332RF6,Negotiate,5,LogOn,Success
2026-03-08T08:16:19.828Z,DESKTOP-C332RF6$,SYSTEM,DESKTOP-C332RF6,Negotiate,5,LogOn,Success
2026-03-08T08:16:22.946Z,DESKTOP-C332RF6$,SYSTEM,DESKTOP-C332RF6,Negotiate,5,LogOn,Success
2026-03-08T08:19:18.249Z,DESKTOP-C332RF6$,SYSTEM,DESKTOP-C332RF6,Negotiate,5,LogOn,Success
2026-03-08T08:19:18.297Z,DESKTOP-C332RF6$,SYSTEM,DESKTOP-C332RF6,Negotiate,5,LogOn,Success
2026-03-08T08:23:21.905Z,DESKTOP-C332RF6$,SYSTEM,DESKTOP-C332RF6,Negotiate,5,LogOn,Success
2026-03-08T08:27:34.803Z,DESKTOP-C332RF6$,SYSTEM,DESKTOP-C332RF6,Negotiate,5,LogOn,Success
2026-03-08T08:28:24.396Z,DESKTOP-C332RF6$,SYSTEM,DESKTOP-C332RF6,Negotiate,5,LogOn,Success
2026-03-08T08:29:35.314Z,DESKTOP-C332RF6$,SYSTEM,DESKTOP-C332RF6,Negotiate,5,LogOn,Success
2026-03-08T08:37:53.656Z,DESKTOP-C332RF6$,SYSTEM,DESKTOP-C332RF6,Negotiate,5,LogOn,Success
2026-03-08T08:40:41.621Z,DESKTOP-C332RF6$,SYSTEM,DESKTOP-C332RF6,Negotiate,5,LogOn,Success
2026-03-08T08:42:03.483Z,DESKTOP-C332RF6$,SYSTEM,DESKTOP-C332RF6,Negotiate,5,LogOn,Success
2026-03-08T08:55:09.050Z,DESKTOP-C332RF6$,SYSTEM,DESKTOP-C332RF6,Negotiate,5,LogOn,Success
2026-03-08T08:55:09.152Z,DESKTOP-C332RF6$,SYSTEM,DESKTOP-C332RF6,Negotiate,5,LogOn,Success
2026-03-08T08:55:10.938Z,DESKTOP-C332RF6$,SYSTEM,DESKTOP-C332RF6,Negotiate,5,LogOn,Success
2026-03-08T08:55:11.459Z,DESKTOP-C332RF6$,SYSTEM,DESKTOP-C332RF6,Negotiate,5,LogOn,Success
2026-03-08T08:55:13.832Z,DESKTOP-C332RF6$,SYSTEM,DESKTOP-C332RF6,Negotiate,5,LogOn,Success
2026-03-08T08:56:19.916Z,DESKTOP-C332RF6$,SYSTEM,DESKTOP-C332RF6,Negotiate,5,LogOn,Success
2026-03-08T09:02:15.122Z,DESKTOP-C332RF6$,SYSTEM,DESKTOP-C332RF6,Negotiate,5,LogOn,Success
2026-03-08T09:10:52.215Z,DESKTOP-C332RF6$,SYSTEM,DESKTOP-C332RF6,Negotiate,5,LogOn,Success
2026-03-08T09:11:10.447Z,DESKTOP-C332RF6$,SYSTEM,DESKTOP-C332RF6,Negotiate,5,LogOn,Success
2026-03-08T09:15:19.055Z,DESKTOP-C332RF6$,SYSTEM,DESKTOP-C332RF6,Negotiate,5,LogOn,Success
2026-03-08T09:15:24.586Z,DESKTOP-C332RF6$,SYSTEM,DESKTOP-C332RF6,Negotiate,5,LogOn,Success
2026-03-08T09:25:52.299Z,DESKTOP-C332RF6$,SYSTEM,DESKTOP-C332RF6,Negotiate,5,LogOn,Success
2026-03-08T09:32:28.579Z,DESKTOP-C332RF6$,SYSTEM,DESKTOP-C332RF6,Negotiate,5,LogOn,Success
2026-03-08T09:40:48.614Z,DESKTOP-C332RF6$,SYSTEM,DESKTOP-C332RF6,Negotiate,5,LogOn,Success
2026-03-08T09:40:52.383Z,DESKTOP-C332RF6$,SYSTEM,DESKTOP-C332RF6,Negotiate,5,LogOn,Success
2026-03-08T09:40:55.589Z,DESKTOP-C332RF6$,SYSTEM,DESKTOP-C332RF6,Negotiate,5,LogOn,Success
2026-03-08T09:49:38.986Z,DESKTOP-C332RF6$,SYSTEM,DESKTOP-C332RF6,Negotiate,5,LogOn,Success
2026-03-08T09:59:36.442Z,DESKTOP-C332RF6$,SYSTEM,DESKTOP-C332RF6,Negotiate,5,LogOn,Success
2026-03-08T10:06:45.100Z,DESKTOP-C332RF6$,SYSTEM,DESKTOP-C332RF6,Negotiate,5,LogOn,Success
2026-03-08T10:11:17.000Z,DESKTOP-C332RF6$,SYSTEM,DESKTOP-C332RF6,Negotiate,5,LogOn,Success
2026-03-08T10:11:56.461Z,DESKTOP-C332RF6$,SYSTEM,DESKTOP-C332RF6,Negotiate,5,LogOn,Success
2026-03-08T10:13:13.311Z,DESKTOP-C332RF6$,SYSTEM,DESKTOP-C332RF6,Negotiate,5,LogOn,Success
2026-03-08T10:13:18.647Z,DESKTOP-C332RF6$,SYSTEM,DESKTOP-C332RF6,Negotiate,5,LogOn,Success
2026-03-08T10:13:38.017Z,DESKTOP-C332RF6$,SYSTEM,DESKTOP-C332RF6,Negotiate,5,LogOn,Success
2026-03-08T10:17:39.369Z,DESKTOP-C332RF6$,SYSTEM,DESKTOP-C332RF6,Negotiate,5,LogOn,Success
2026-03-08T10:20:39.601Z,DESKTOP-C332RF6$,SYSTEM,DESKTOP-C332RF6,Negotiate,5,LogOn,Success
2026-03-08T10:21:01.807Z,DESKTOP-C332RF6$,SYSTEM,DESKTOP-C332RF6,Negotiate,5,LogOn,Success
2026-03-08T10:21:54.406Z,DESKTOP-C332RF6$,SYSTEM,DESKTOP-C332RF6,Negotiate,5,LogOn,Success
2026-03-08T10:22:08.578Z,DESKTOP-C332RF6$,SYSTEM,DESKTOP-C332RF6,Negotiate,5,LogOn,Success
2026-03-08T10:24:01.644Z,DESKTOP-C332RF6$,SYSTEM,DESKTOP-C332RF6,Negotiate,5,LogOn,Success
2026-03-08T10:24:09.130Z,DESKTOP-C332RF6$,SYSTEM,DESKTOP-C332RF6,Negotiate,5,LogOn,Success
2026-03-08T10:24:13.990Z,DESKTOP-C332RF6$,SYSTEM,DESKTOP-C332RF6,Negotiate,5,LogOn,Success
2026-03-08T10:27:17.011Z,DESKTOP-C332RF6$,SYSTEM,DESKTOP-C332RF6,Negotiate,5,LogOn,Success
2026-03-08T10:29:40.976Z,DESKTOP-C332RF6$,SYSTEM,DESKTOP-C332RF6,Negotiate,5,LogOn,Success
2026-03-08T10:41:10.418Z,DESKTOP-C332RF6$,SYSTEM,DESKTOP-C332RF6,Negotiate,5,LogOn,Success
2026-03-08T10:55:52.106Z,DESKTOP-C332RF6$,SYSTEM,DESKTOP-C332RF6,Negotiate,5,LogOn,Success
2026-03-08T10:57:11.167Z,DESKTOP-C332RF6$,SYSTEM,DESKTOP-C332RF6,Negotiate,5,LogOn,Success
2026-03-08T10:58:08.738Z,DESKTOP-C332RF6$,SYSTEM,DESKTOP-C332RF6,Negotiate,5,LogOn,Success
2026-03-08T10:58:08.850Z,DESKTOP-C332RF6$,SYSTEM,DESKTOP-C332RF6,Negotiate,5,LogOn,Success
2026-03-08T11:07:05.332Z,DESKTOP-C332RF6$,SYSTEM,DESKTOP-C332RF6,Negotiate,5,LogOn,Success
2026-03-08T11:07:09.566Z,DESKTOP-C332RF6$,SYSTEM,DESKTOP-C332RF6,Negotiate,5,LogOn,Success
2026-03-08T11:13:21.961Z,DESKTOP-C332RF6$,SYSTEM,DESKTOP-C332RF6,Negotiate,5,LogOn,Success
2026-03-08T11:14:41.106Z,DESKTOP-C332RF6$,SYSTEM,DESKTOP-C332RF6,Negotiate,5,LogOn,Success
2026-03-08T11:22:18.990Z,DESKTOP-C332RF6$,SYSTEM,DESKTOP-C332RF6,Negotiate,5,LogOn,Success
2026-03-08T11:26:32.294Z,DESKTOP-C332RF6$,SYSTEM,DESKTOP-C332RF6,Negotiate,5,LogOn,Success
2026-03-08T11:26:38.381Z,DESKTOP-C332RF6$,SYSTEM,DESKTOP-C332RF6,Negotiate,5,LogOn,Success
2026-03-08T11:35:48.948Z,DESKTOP-C332RF6$,SYSTEM,DESKTOP-C332RF6,Negotiate,5,LogOn,Success
2026-03-08T11:35:49.546Z,DESKTOP-C332RF6$,SYSTEM,DESKTOP-C332RF6,Negotiate,5,LogOn,Success
2026-03-08T11:35:51.012Z,DESKTOP-C332RF6$,SYSTEM,DESKTOP-C332RF6,Negotiate,5,LogOn,Success
2026-03-08T11:49:44.448Z,DESKTOP-C332RF6$,SYSTEM,DESKTOP-C332RF6,Negotiate,5,LogOn,Success
2026-03-08T11:55:52.421Z,DESKTOP-C332RF6$,SYSTEM,DESKTOP-C332RF6,Negotiate,5,LogOn,Success
2026-03-08T11:59:36.802Z,DESKTOP-C332RF6$,SYSTEM,DESKTOP-C332RF6,Negotiate,5,LogOn,Success
2026-03-08T12:00:04.869Z,DESKTOP-C332RF6$,SYSTEM,DESKTOP-C332RF6,Negotiate,5,LogOn,Success
2026-03-08T12:12:40.377Z,DESKTOP-C332RF6$,SYSTEM,DESKTOP-C332RF6,Negotiate,5,LogOn,Success
2026-03-08T12:17:06.222Z,DESKTOP-C332RF6$,UMFD-36,DESKTOP-C332RF6,Negotiate,2,LogOn,Success
2026-03-08T12:17:06.279Z,DESKTOP-C332RF6$,DWM-36,DESKTOP-C332RF6,Negotiate,2,LogOn,Success
2026-03-08T12:17:06.279Z,DESKTOP-C332RF6$,DWM-36,DESKTOP-C332RF6,Negotiate,2,LogOn,Success
2026-03-08T12:17:06.279Z,DESKTOP-C332RF6$,SYSTEM,DESKTOP-C332RF6,Negotiate,5,LogOn,Success
2026-03-08T12:17:06.370Z,DESKTOP-C332RF6$,SYSTEM,DESKTOP-C332RF6,Negotiate,5,LogOn,Success
2026-03-08T12:17:08.308Z,DESKTOP-C332RF6$,SYSTEM,DESKTOP-C332RF6,Negotiate,5,LogOn,Success
2026-03-08T12:17:17.086Z,DESKTOP-C332RF6$,SYSTEM,DESKTOP-C332RF6,Negotiate,5,LogOn,Success
2026-03-08T12:17:17.234Z,,UMFD-35,DESKTOP-C332RF6,,2,LogOff,LogOff
2026-03-08T12:17:18.257Z,DESKTOP-C332RF6$,SYSTEM,DESKTOP-C332RF6,Negotiate,5,LogOn,Success
2026-03-08T20:44:08.166Z,DESKTOP-C332RF6$,SYSTEM,DESKTOP-C332RF6,Negotiate,5,LogOn,Success
2026-03-08T20:44:08.647Z,,DWM-35,DESKTOP-C332RF6,,2,LogOff,LogOff
2026-03-08T20:44:08.647Z,,DWM-35,DESKTOP-C332RF6,,2,LogOff,LogOff
2026-03-08T20:44:11.450Z,DESKTOP-C332RF6$,PC,DESKTOP-C332RF6,Negotiate,2,LogOn,Success
2026-03-08T20:44:11.450Z,DESKTOP-C332RF6$,PC,DESKTOP-C332RF6,Negotiate,2,LogOn,Success
2026-03-08T20:44:11.594Z,DESKTOP-C332RF6$,SYSTEM,DESKTOP-C332RF6,Negotiate,5,LogOn,Success
2026-03-08T20:44:25.475Z,DESKTOP-C332RF6$,SYSTEM,DESKTOP-C332RF6,Negotiate,5,LogOn,Success
2026-03-08T20:45:58.144Z,DESKTOP-C332RF6$,SYSTEM,DESKTOP-C332RF6,Negotiate,5,LogOn,Success
2026-03-08T20:46:21.460Z,DESKTOP-C332RF6$,SYSTEM,DESKTOP-C332RF6,Negotiate,5,LogOn,Success
2026-03-08T20:49:01.834Z,DESKTOP-C332RF6$,SYSTEM,DESKTOP-C332RF6,Negotiate,5,LogOn,Success
2026-03-08T20:49:15.122Z,DESKTOP-C332RF6$,SYSTEM,DESKTOP-C332RF6,Negotiate,5,LogOn,Success
2026-03-08T20:49:47.465Z,DESKTOP-C332RF6$,SYSTEM,DESKTOP-C332RF6,Negotiate,5,LogOn,Success
2026-03-08T20:50:07.549Z,DESKTOP-C332RF6$,SYSTEM,DESKTOP-C332RF6,Negotiate,5,LogOn,Success
2026-03-08T20:50:07.757Z,DESKTOP-C332RF6$,SYSTEM,DESKTOP-C332RF6,Negotiate,5,LogOn,Success
2026-03-08T20:51:31.754Z,DESKTOP-C332RF6$,SYSTEM,DESKTOP-C332RF6,Negotiate,5,LogOn,Success
2026-03-08T20:51:32.809Z,DESKTOP-C332RF6$,SYSTEM,DESKTOP-C332RF6,Negotiate,5,LogOn,Success
2026-03-08T20:51:44.192Z,DESKTOP-C332RF6$,SYSTEM,DESKTOP-C332RF6,Negotiate,5,LogOn,Success
2026-03-08T20:52:39.205Z,DESKTOP-C332RF6$,SYSTEM,DESKTOP-C332RF6,Negotiate,5,LogOn,Success
2026-03-08T20:54:09.491Z,DESKTOP-C332RF6$,SYSTEM,DESKTOP-C332RF6,Negotiate,5,LogOn,Success
2026-03-08T20:59:13.895Z,DESKTOP-C332RF6$,SYSTEM,DESKTOP-C332RF6,Negotiate,5,LogOn,Success
2026-03-08T20:59:35.169Z,DESKTOP-C332RF6$,SYSTEM,DESKTOP-C332RF6,Negotiate,5,LogOn,Success
2026-03-08T21:06:51.709Z,DESKTOP-C332RF6$,SYSTEM,DESKTOP-C332RF6,Negotiate,5,LogOn,Success
2026-03-08T21:13:22.763Z,DESKTOP-C332RF6$,SYSTEM,DESKTOP-C332RF6,Negotiate,5,LogOn,Success
2026-03-08T21:13:24.512Z,DESKTOP-C332RF6$,SYSTEM,DESKTOP-C332RF6,Negotiate,5,LogOn,Success
2026-03-08T21:13:25.042Z,DESKTOP-C332RF6$,SYSTEM,DESKTOP-C332RF6,Negotiate,5,LogOn,Success
2026-03-08T21:13:28.116Z,DESKTOP-C332RF6$,SYSTEM,DESKTOP-C332RF6,Negotiate,5,LogOn,Success
2026-03-08T21:13:41.404Z,DESKTOP-C332RF6$,SYSTEM,DESKTOP-C332RF6,Negotiate,5,LogOn,Success
2026-03-08T21:14:25.424Z,DESKTOP-C332RF6$,SYSTEM,DESKTOP-C332RF6,Negotiate,5,LogOn,Success
2026-03-08T21:14:25.454Z,DESKTOP-C332RF6$,SYSTEM,DESKTOP-C332RF6,Negotiate,5,LogOn,Success
2026-03-08T21:16:23.448Z,DESKTOP-C332RF6$,SYSTEM,DESKTOP-C332RF6,Negotiate,5,LogOn,Success
2026-03-08T21:22:39.936Z,DESKTOP-C332RF6$,SYSTEM,DESKTOP-C332RF6,Negotiate,5,LogOn,Success
2026-03-08T21:30:34.746Z,DESKTOP-C332RF6$,SYSTEM,DESKTOP-C332RF6,Negotiate,5,LogOn,Success
2026-03-08T21:30:36.360Z,DESKTOP-C332RF6$,SYSTEM,DESKTOP-C332RF6,Negotiate,5,LogOn,Success
2026-03-08T21:40:48.324Z,DESKTOP-C332RF6$,SYSTEM,DESKTOP-C332RF6,Negotiate,5,LogOn,Success
2026-03-08T21:41:04.561Z,DESKTOP-C332RF6$,SYSTEM,DESKTOP-C332RF6,Negotiate,5,LogOn,Success
2026-03-08T21:44:37.000Z,DESKTOP-C332RF6$,SYSTEM,DESKTOP-C332RF6,Negotiate,5,LogOn,Success
2026-03-08T21:53:16.652Z,DESKTOP-C332RF6$,SYSTEM,DESKTOP-C332RF6,Negotiate,5,LogOn,Success
2026-03-08T22:06:45.339Z,DESKTOP-C332RF6$,SYSTEM,DESKTOP-C332RF6,Negotiate,5,LogOn,Success
2026-03-08T22:22:40.120Z,DESKTOP-C332RF6$,SYSTEM,DESKTOP-C332RF6,Negotiate,5,LogOn,Success
2026-03-08T22:26:40.906Z,DESKTOP-C332RF6$,SYSTEM,DESKTOP-C332RF6,Negotiate,5,LogOn,Success
2026-03-08T22:30:10.243Z,DESKTOP-C332RF6$,SYSTEM,DESKTOP-C332RF6,Negotiate,5,LogOn,Success
2026-03-08T22:38:31.103Z,DESKTOP-C332RF6$,SYSTEM,DESKTOP-C332RF6,Negotiate,5,LogOn,Success
2026-03-08T22:40:48.342Z,DESKTOP-C332RF6$,SYSTEM,DESKTOP-C332RF6,Negotiate,5,LogOn,Success
2026-03-08T22:44:47.868Z,DESKTOP-C332RF6$,SYSTEM,DESKTOP-C332RF6,Negotiate,5,LogOn,Success
2026-03-08T22:44:47.912Z,DESKTOP-C332RF6$,SYSTEM,DESKTOP-C332RF6,Negotiate,5,LogOn,Success
2026-03-08T22:44:51.313Z,DESKTOP-C332RF6$,SYSTEM,DESKTOP-C332RF6,Negotiate,5,LogOn,Success
2026-03-08T22:51:47.408Z,DESKTOP-C332RF6$,SYSTEM,DESKTOP-C332RF6,Negotiate,5,LogOn,Success
2026-03-08T22:51:51.341Z,DESKTOP-C332RF6$,SYSTEM,DESKTOP-C332RF6,Negotiate,5,LogOn,Success
2026-03-08T22:51:51.445Z,DESKTOP-C332RF6$,SYSTEM,DESKTOP-C332RF6,Negotiate,5,LogOn,Success
2026-03-08T22:51:51.524Z,DESKTOP-C332RF6$,SYSTEM,DESKTOP-C332RF6,Negotiate,5,LogOn,Success
2026-03-08T22:51:54.318Z,DESKTOP-C332RF6$,UMFD-37,DESKTOP-C332RF6,Negotiate,2,LogOn,Success
2026-03-08T22:51:54.356Z,DESKTOP-C332RF6$,DWM-37,DESKTOP-C332RF6,Negotiate,2,LogOn,Success
2026-03-08T22:51:54.356Z,DESKTOP-C332RF6$,DWM-37,DESKTOP-C332RF6,Negotiate,2,LogOn,Success
2026-03-08T22:51:54.366Z,DESKTOP-C332RF6$,SYSTEM,DESKTOP-C332RF6,Negotiate,5,LogOn,Success
2026-03-08T22:51:54.438Z,DESKTOP-C332RF6$,SYSTEM,DESKTOP-C332RF6,Negotiate,5,LogOn,Success
2026-03-08T22:52:03.222Z,DESKTOP-C332RF6$,SYSTEM,DESKTOP-C332RF6,Negotiate,5,LogOn,Success
2026-03-08T22:52:03.505Z,,UMFD-36,DESKTOP-C332RF6,,2,LogOff,LogOff
2026-03-08T22:52:04.485Z,DESKTOP-C332RF6$,SYSTEM,DESKTOP-C332RF6,Negotiate,5,LogOn,Success
2026-03-09T10:15:06.628Z,,DWM-36,DESKTOP-C332RF6,,2,LogOff,LogOff
2026-03-09T10:15:06.628Z,,DWM-36,DESKTOP-C332RF6,,2,LogOff,LogOff
2026-03-09T10:15:08.313Z,DESKTOP-C332RF6$,PC,DESKTOP-C332RF6,Negotiate,2,LogOn,Success
2026-03-09T10:15:08.313Z,DESKTOP-C332RF6$,PC,DESKTOP-C332RF6,Negotiate,2,LogOn,Success
2026-03-09T10:15:10.899Z,DESKTOP-C332RF6$,SYSTEM,DESKTOP-C332RF6,Negotiate,5,LogOn,Success
2026-03-09T10:15:16.739Z,DESKTOP-C332RF6$,SYSTEM,DESKTOP-C332RF6,Negotiate,5,LogOn,Success
2026-03-09T10:16:55.047Z,DESKTOP-C332RF6$,SYSTEM,DESKTOP-C332RF6,Negotiate,5,LogOn,Success
2026-03-09T10:18:41.894Z,DESKTOP-C332RF6$,SYSTEM,DESKTOP-C332RF6,Negotiate,5,LogOn,Success
2026-03-09T10:21:06.325Z,DESKTOP-C332RF6$,SYSTEM,DESKTOP-C332RF6,Negotiate,5,LogOn,Success
2026-03-09T10:21:06.372Z,DESKTOP-C332RF6$,SYSTEM,DESKTOP-C332RF6,Negotiate,5,LogOn,Success
2026-03-09T10:22:06.505Z,DESKTOP-C332RF6$,SYSTEM,DESKTOP-C332RF6,Negotiate,5,LogOn,Success
2026-03-09T10:22:08.121Z,DESKTOP-C332RF6$,SYSTEM,DESKTOP-C332RF6,Negotiate,5,LogOn,Success
2026-03-09T10:22:12.384Z,DESKTOP-C332RF6$,SYSTEM,DESKTOP-C332RF6,Negotiate,5,LogOn,Success
2026-03-09T10:23:21.581Z,DESKTOP-C332RF6$,SYSTEM,DESKTOP-C332RF6,Negotiate,5,LogOn,Success
2026-03-09T10:23:22.646Z,DESKTOP-C332RF6$,SYSTEM,DESKTOP-C332RF6,Negotiate,5,LogOn,Success
2026-03-09T10:24:12.894Z,DESKTOP-C332RF6$,SYSTEM,DESKTOP-C332RF6,Negotiate,5,LogOn,Success
2026-03-09T10:24:13.104Z,DESKTOP-C332RF6$,SYSTEM,DESKTOP-C332RF6,Negotiate,5,LogOn,Success
2026-03-09T10:25:17.074Z,DESKTOP-C332RF6$,SYSTEM,DESKTOP-C332RF6,Negotiate,5,LogOn,Success
2026-03-09T10:29:52.393Z,DESKTOP-C332RF6$,SYSTEM,DESKTOP-C332RF6,Negotiate,5,LogOn,Success
2026-03-09T10:30:09.945Z,DESKTOP-C332RF6$,SYSTEM,DESKTOP-C332RF6,Negotiate,5,LogOn,Success
2026-03-09T10:30:27.309Z,DESKTOP-C332RF6$,SYSTEM,DESKTOP-C332RF6,Negotiate,5,LogOn,Success
2026-03-09T10:40:48.592Z,DESKTOP-C332RF6$,SYSTEM,DESKTOP-C332RF6,Negotiate,5,LogOn,Success
2026-03-09T10:42:04.456Z,DESKTOP-C332RF6$,SYSTEM,DESKTOP-C332RF6,Negotiate,5,LogOn,Success
2026-03-09T10:42:08.611Z,DESKTOP-C332RF6$,SYSTEM,DESKTOP-C332RF6,Negotiate,5,LogOn,Success
2026-03-09T10:44:09.183Z,DESKTOP-C332RF6$,SYSTEM,DESKTOP-C332RF6,Negotiate,5,LogOn,Success
2026-03-09T10:44:09.418Z,DESKTOP-C332RF6$,SYSTEM,DESKTOP-C332RF6,Negotiate,5,LogOn,Success
2026-03-09T10:49:22.358Z,DESKTOP-C332RF6$,SYSTEM,DESKTOP-C332RF6,Negotiate,5,LogOn,Success
2026-03-09T10:55:35.994Z,DESKTOP-C332RF6$,SYSTEM,DESKTOP-C332RF6,Negotiate,5,LogOn,Success
2026-03-09T11:02:03.489Z,DESKTOP-C332RF6$,SYSTEM,DESKTOP-C332RF6,Negotiate,5,LogOn,Success
2026-03-09T11:02:07.658Z,DESKTOP-C332RF6$,SYSTEM,DESKTOP-C332RF6,Negotiate,5,LogOn,Success
2026-03-09T11:04:08.087Z,DESKTOP-C332RF6$,SYSTEM,DESKTOP-C332RF6,Negotiate,5,LogOn,Success
2026-03-09T11:04:08.279Z,DESKTOP-C332RF6$,SYSTEM,DESKTOP-C332RF6,Negotiate,5,LogOn,Success
2026-03-09T11:04:22.416Z,DESKTOP-C332RF6$,SYSTEM,DESKTOP-C332RF6,Negotiate,5,LogOn,Success
2026-03-09T11:04:44.423Z,DESKTOP-C332RF6$,SYSTEM,DESKTOP-C332RF6,Negotiate,5,LogOn,Success
2026-03-09T11:06:45.141Z,DESKTOP-C332RF6$,SYSTEM,DESKTOP-C332RF6,Negotiate,5,LogOn,Success
2026-03-09T11:12:58.980Z,DESKTOP-C332RF6$,SYSTEM,DESKTOP-C332RF6,Negotiate,5,LogOn,Success
2026-03-09T11:19:22.016Z,DESKTOP-C332RF6$,SYSTEM,DESKTOP-C332RF6,Negotiate,5,LogOn,Success
2026-03-09T11:19:22.281Z,DESKTOP-C332RF6$,SYSTEM,DESKTOP-C332RF6,Negotiate,5,LogOn,Success
2026-03-09T11:20:22.626Z,DESKTOP-C332RF6$,SYSTEM,DESKTOP-C332RF6,Negotiate,5,LogOn,Success
2026-03-09T11:22:04.197Z,DESKTOP-C332RF6$,SYSTEM,DESKTOP-C332RF6,Negotiate,5,LogOn,Success
2026-03-09T11:24:04.760Z,DESKTOP-C332RF6$,SYSTEM,DESKTOP-C332RF6,Negotiate,5,LogOn,Success
2026-03-09T11:24:04.966Z,DESKTOP-C332RF6$,SYSTEM,DESKTOP-C332RF6,Negotiate,5,LogOn,Success
2026-03-09T11:25:00.652Z,DESKTOP-C332RF6$,SYSTEM,DESKTOP-C332RF6,Negotiate,5,LogOn,Success
2026-03-09T11:34:54.210Z,DESKTOP-C332RF6$,SYSTEM,DESKTOP-C332RF6,Negotiate,5,LogOn,Success
2026-03-09T11:40:48.651Z,DESKTOP-C332RF6$,SYSTEM,DESKTOP-C332RF6,Negotiate,5,LogOn,Success
2026-03-09T11:42:03.793Z,DESKTOP-C332RF6$,SYSTEM,DESKTOP-C332RF6,Negotiate,5,LogOn,Success
2026-03-09T11:42:07.954Z,DESKTOP-C332RF6$,SYSTEM,DESKTOP-C332RF6,Negotiate,5,LogOn,Success
2026-03-09T11:44:08.414Z,DESKTOP-C332RF6$,SYSTEM,DESKTOP-C332RF6,Negotiate,5,LogOn,Success
2026-03-09T11:44:08.616Z,DESKTOP-C332RF6$,SYSTEM,DESKTOP-C332RF6,Negotiate,5,LogOn,Success
2026-03-09T11:49:22.465Z,DESKTOP-C332RF6$,SYSTEM,DESKTOP-C332RF6,Negotiate,5,LogOn,Success
2026-03-09T11:57:59.643Z,DESKTOP-C332RF6$,SYSTEM,DESKTOP-C332RF6,Negotiate,5,LogOn,Success
2026-03-09T11:58:27.036Z,DESKTOP-C332RF6$,SYSTEM,DESKTOP-C332RF6,Negotiate,5,LogOn,Success
2026-03-09T12:02:03.499Z,DESKTOP-C332RF6$,SYSTEM,DESKTOP-C332RF6,Negotiate,5,LogOn,Success
2026-03-09T12:02:07.698Z,DESKTOP-C332RF6$,SYSTEM,DESKTOP-C332RF6,Negotiate,5,LogOn,Success
2026-03-09T12:03:42.439Z,DESKTOP-C332RF6$,SYSTEM,DESKTOP-C332RF6,Negotiate,5,LogOn,Success
2026-03-09T12:04:08.206Z,DESKTOP-C332RF6$,SYSTEM,DESKTOP-C332RF6,Negotiate,5,LogOn,Success
2026-03-09T12:04:08.435Z,DESKTOP-C332RF6$,SYSTEM,DESKTOP-C332RF6,Negotiate,5,LogOn,Success
2026-03-09T12:04:22.524Z,DESKTOP-C332RF6$,SYSTEM,DESKTOP-C332RF6,Negotiate,5,LogOn,Success
2026-03-09T12:04:44.584Z,DESKTOP-C332RF6$,SYSTEM,DESKTOP-C332RF6,Negotiate,5,LogOn,Success
2026-03-09T12:06:45.334Z,DESKTOP-C332RF6$,SYSTEM,DESKTOP-C332RF6,Negotiate,5,LogOn,Success
2026-03-09T12:11:29.424Z,DESKTOP-C332RF6$,SYSTEM,DESKTOP-C332RF6,Negotiate,5,LogOn,Success
2026-03-09T12:15:09.437Z,DESKTOP-C332RF6$,SYSTEM,DESKTOP-C332RF6,Negotiate,5,LogOn,Success
2026-03-09T12:15:09.478Z,DESKTOP-C332RF6$,SYSTEM,DESKTOP-C332RF6,Negotiate,5,LogOn,Success
2026-03-09T12:15:12.884Z,DESKTOP-C332RF6$,SYSTEM,DESKTOP-C332RF6,Negotiate,5,LogOn,Success
2026-03-09T12:19:22.583Z,DESKTOP-C332RF6$,SYSTEM,DESKTOP-C332RF6,Negotiate,5,LogOn,Success
2026-03-09T12:21:06.334Z,DESKTOP-C332RF6$,SYSTEM,DESKTOP-C332RF6,Negotiate,5,LogOn,Success
2026-03-09T12:22:04.187Z,DESKTOP-C332RF6$,SYSTEM,DESKTOP-C332RF6,Negotiate,5,LogOn,Success
2026-03-09T12:22:08.411Z,DESKTOP-C332RF6$,SYSTEM,DESKTOP-C332RF6,Negotiate,5,LogOn,Success
2026-03-09T12:24:09.025Z,DESKTOP-C332RF6$,SYSTEM,DESKTOP-C332RF6,Negotiate,5,LogOn,Success
2026-03-09T12:24:09.267Z,DESKTOP-C332RF6$,SYSTEM,DESKTOP-C332RF6,Negotiate,5,LogOn,Success
2026-03-09T12:28:26.409Z,DESKTOP-C332RF6$,SYSTEM,DESKTOP-C332RF6,Negotiate,5,LogOn,Success
2026-03-09T12:28:26.828Z,DESKTOP-C332RF6$,SYSTEM,DESKTOP-C332RF6,Negotiate,5,LogOn,Success
2026-03-09T12:29:08.909Z,DESKTOP-C332RF6$,SYSTEM,DESKTOP-C332RF6,Negotiate,5,LogOn,Success
2026-03-09T12:29:09.900Z,DESKTOP-C332RF6$,SYSTEM,DESKTOP-C332RF6,Negotiate,5,LogOn,Success
2026-03-09T12:35:00.740Z,DESKTOP-C332RF6$,SYSTEM,DESKTOP-C332RF6,Negotiate,5,LogOn,Success
2026-03-09T12:40:48.314Z,DESKTOP-C332RF6$,SYSTEM,DESKTOP-C332RF6,Negotiate,5,LogOn,Success
2026-03-09T12:42:03.626Z,DESKTOP-C332RF6$,SYSTEM,DESKTOP-C332RF6,Negotiate,5,LogOn,Success
2026-03-09T12:42:07.761Z,DESKTOP-C332RF6$,SYSTEM,DESKTOP-C332RF6,Negotiate,5,LogOn,Success
2026-03-09T12:44:08.225Z,DESKTOP-C332RF6$,SYSTEM,DESKTOP-C332RF6,Negotiate,5,LogOn,Success
2026-03-09T12:44:08.427Z,DESKTOP-C332RF6$,SYSTEM,DESKTOP-C332RF6,Negotiate,5,LogOn,Success
2026-03-09T12:49:22.657Z,DESKTOP-C332RF6$,SYSTEM,DESKTOP-C332RF6,Negotiate,5,LogOn,Success
2026-03-09T12:49:38.572Z,DESKTOP-C332RF6$,SYSTEM,DESKTOP-C332RF6,Negotiate,5,LogOn,Success
2026-03-09T13:02:03.675Z,DESKTOP-C332RF6$,SYSTEM,DESKTOP-C332RF6,Negotiate,5,LogOn,Success
2026-03-09T13:02:07.881Z,DESKTOP-C332RF6$,SYSTEM,DESKTOP-C332RF6,Negotiate,5,LogOn,Success
2026-03-09T13:04:08.441Z,DESKTOP-C332RF6$,SYSTEM,DESKTOP-C332RF6,Negotiate,5,LogOn,Success
2026-03-09T13:04:08.671Z,DESKTOP-C332RF6$,SYSTEM,DESKTOP-C332RF6,Negotiate,5,LogOn,Success
2026-03-09T13:04:22.719Z,DESKTOP-C332RF6$,SYSTEM,DESKTOP-C332RF6,Negotiate,5,LogOn,Success
2026-03-09T13:06:38.173Z,DESKTOP-C332RF6$,SYSTEM,DESKTOP-C332RF6,Negotiate,5,LogOn,Success
2026-03-09T13:19:22.788Z,DESKTOP-C332RF6$,SYSTEM,DESKTOP-C332RF6,Negotiate,5,LogOn,Success
2026-03-09T13:19:44.588Z,DESKTOP-C332RF6$,SYSTEM,DESKTOP-C332RF6,Negotiate,5,LogOn,Success
2026-03-09T13:21:06.288Z,DESKTOP-C332RF6$,SYSTEM,DESKTOP-C332RF6,Negotiate,5,LogOn,Success
2026-03-09T13:22:04.222Z,DESKTOP-C332RF6$,SYSTEM,DESKTOP-C332RF6,Negotiate,5,LogOn,Success
2026-03-09T13:22:08.428Z,DESKTOP-C332RF6$,SYSTEM,DESKTOP-C332RF6,Negotiate,5,LogOn,Success
2026-03-09T13:24:08.945Z,DESKTOP-C332RF6$,SYSTEM,DESKTOP-C332RF6,Negotiate,5,LogOn,Success
2026-03-09T13:24:09.160Z,DESKTOP-C332RF6$,SYSTEM,DESKTOP-C332RF6,Negotiate,5,LogOn,Success
2026-03-09T13:31:03.317Z,DESKTOP-C332RF6$,SYSTEM,DESKTOP-C332RF6,Negotiate,5,LogOn,Success
2026-03-09T13:34:22.850Z,DESKTOP-C332RF6$,SYSTEM,DESKTOP-C332RF6,Negotiate,5,LogOn,Success
2026-03-09T13:35:56.732Z,DESKTOP-C332RF6$,SYSTEM,DESKTOP-C332RF6,Negotiate,5,LogOn,Success
2026-03-09T13:40:48.315Z,DESKTOP-C332RF6$,SYSTEM,DESKTOP-C332RF6,Negotiate,5,LogOn,Success
2026-03-09T13:42:03.730Z,DESKTOP-C332RF6$,SYSTEM,DESKTOP-C332RF6,Negotiate,5,LogOn,Success
2026-03-09T13:42:07.884Z,DESKTOP-C332RF6$,SYSTEM,DESKTOP-C332RF6,Negotiate,5,LogOn,Success
2026-03-09T13:44:08.337Z,DESKTOP-C332RF6$,SYSTEM,DESKTOP-C332RF6,Negotiate,5,LogOn,Success
2026-03-09T13:44:08.538Z,DESKTOP-C332RF6$,SYSTEM,DESKTOP-C332RF6,Negotiate,5,LogOn,Success
2026-03-09T13:49:22.916Z,DESKTOP-C332RF6$,SYSTEM,DESKTOP-C332RF6,Negotiate,5,LogOn,Success
2026-03-09T14:02:03.745Z,DESKTOP-C332RF6$,SYSTEM,DESKTOP-C332RF6,Negotiate,5,LogOn,Success
2026-03-09T14:02:07.937Z,DESKTOP-C332RF6$,SYSTEM,DESKTOP-C332RF6,Negotiate,5,LogOn,Success
2026-03-09T14:04:08.389Z,DESKTOP-C332RF6$,SYSTEM,DESKTOP-C332RF6,Negotiate,5,LogOn,Success
2026-03-09T14:04:08.593Z,DESKTOP-C332RF6$,SYSTEM,DESKTOP-C332RF6,Negotiate,5,LogOn,Success
2026-03-09T14:04:22.976Z,DESKTOP-C332RF6$,SYSTEM,DESKTOP-C332RF6,Negotiate,5,LogOn,Success
2026-03-09T14:06:45.317Z,DESKTOP-C332RF6$,SYSTEM,DESKTOP-C332RF6,Negotiate,5,LogOn,Success
2026-03-09T14:19:23.032Z,DESKTOP-C332RF6$,SYSTEM,DESKTOP-C332RF6,Negotiate,5,LogOn,Success
2026-03-09T14:19:44.879Z,DESKTOP-C332RF6$,SYSTEM,DESKTOP-C332RF6,Negotiate,5,LogOn,Success
2026-03-09T14:21:06.290Z,DESKTOP-C332RF6$,SYSTEM,DESKTOP-C332RF6,Negotiate,5,LogOn,Success
2026-03-09T14:22:04.281Z,DESKTOP-C332RF6$,SYSTEM,DESKTOP-C332RF6,Negotiate,5,LogOn,Success
2026-03-09T14:22:08.455Z,DESKTOP-C332RF6$,SYSTEM,DESKTOP-C332RF6,Negotiate,5,LogOn,Success
2026-03-09T14:24:08.927Z,DESKTOP-C332RF6$,SYSTEM,DESKTOP-C332RF6,Negotiate,5,LogOn,Success
2026-03-09T14:24:09.127Z,DESKTOP-C332RF6$,SYSTEM,DESKTOP-C332RF6,Negotiate,5,LogOn,Success
2026-03-09T14:34:23.090Z,DESKTOP-C332RF6$,SYSTEM,DESKTOP-C332RF6,Negotiate,5,LogOn,Success
2026-03-09T14:40:48.317Z,DESKTOP-C332RF6$,SYSTEM,DESKTOP-C332RF6,Negotiate,5,LogOn,Success
2026-03-09T14:42:03.809Z,DESKTOP-C332RF6$,SYSTEM,DESKTOP-C332RF6,Negotiate,5,LogOn,Success
2026-03-09T14:42:07.985Z,DESKTOP-C332RF6$,SYSTEM,DESKTOP-C332RF6,Negotiate,5,LogOn,Success
2026-03-09T14:44:08.452Z,DESKTOP-C332RF6$,SYSTEM,DESKTOP-C332RF6,Negotiate,5,LogOn,Success
2026-03-09T14:44:08.654Z,DESKTOP-C332RF6$,SYSTEM,DESKTOP-C332RF6,Negotiate,5,LogOn,Success
2026-03-09T14:49:23.151Z,DESKTOP-C332RF6$,SYSTEM,DESKTOP-C332RF6,Negotiate,5,LogOn,Success
2026-03-09T14:58:11.268Z,DESKTOP-C332RF6$,SYSTEM,DESKTOP-C332RF6,Negotiate,5,LogOn,Success
2026-03-09T14:58:13.162Z,DESKTOP-C332RF6$,SYSTEM,DESKTOP-C332RF6,Negotiate,5,LogOn,Success
2026-03-09T14:58:38.963Z,DESKTOP-C332RF6$,SYSTEM,DESKTOP-C332RF6,Negotiate,5,LogOn,Success
2026-03-09T15:02:03.898Z,DESKTOP-C332RF6$,SYSTEM,DESKTOP-C332RF6,Negotiate,5,LogOn,Success
2026-03-09T15:02:08.054Z,DESKTOP-C332RF6$,SYSTEM,DESKTOP-C332RF6,Negotiate,5,LogOn,Success
2026-03-09T15:04:08.494Z,DESKTOP-C332RF6$,SYSTEM,DESKTOP-C332RF6,Negotiate,5,LogOn,Success
2026-03-09T15:04:08.697Z,DESKTOP-C332RF6$,SYSTEM,DESKTOP-C332RF6,Negotiate,5,LogOn,Success
2026-03-09T15:06:45.319Z,DESKTOP-C332RF6$,SYSTEM,DESKTOP-C332RF6,Negotiate,5,LogOn,Success
2026-03-09T15:13:21.629Z,DESKTOP-C332RF6$,SYSTEM,DESKTOP-C332RF6,Negotiate,5,LogOn,Success
2026-03-09T15:13:21.740Z,DESKTOP-C332RF6$,SYSTEM,DESKTOP-C332RF6,Negotiate,5,LogOn,Success
2026-03-09T15:16:12.892Z,DESKTOP-C332RF6$,SYSTEM,DESKTOP-C332RF6,Negotiate,5,LogOn,Success
2026-03-09T15:19:23.216Z,DESKTOP-C332RF6$,SYSTEM,DESKTOP-C332RF6,Negotiate,5,LogOn,Success
2026-03-09T15:22:04.476Z,DESKTOP-C332RF6$,SYSTEM,DESKTOP-C332RF6,Negotiate,5,LogOn,Success
2026-03-09T15:22:08.662Z,DESKTOP-C332RF6$,SYSTEM,DESKTOP-C332RF6,Negotiate,5,LogOn,Success
2026-03-09T15:24:09.292Z,DESKTOP-C332RF6$,SYSTEM,DESKTOP-C332RF6,Negotiate,5,LogOn,Success
2026-03-09T15:24:09.502Z,DESKTOP-C332RF6$,SYSTEM,DESKTOP-C332RF6,Negotiate,5,LogOn,Success
2026-03-09T15:34:23.272Z,DESKTOP-C332RF6$,SYSTEM,DESKTOP-C332RF6,Negotiate,5,LogOn,Success
2026-03-09T15:42:03.914Z,DESKTOP-C332RF6$,SYSTEM,DESKTOP-C332RF6,Negotiate,5,LogOn,Success
2026-03-09T15:42:08.117Z,DESKTOP-C332RF6$,SYSTEM,DESKTOP-C332RF6,Negotiate,5,LogOn,Success
2026-03-09T15:44:08.742Z,DESKTOP-C332RF6$,SYSTEM,DESKTOP-C332RF6,Negotiate,5,LogOn,Success
2026-03-09T15:44:09.010Z,DESKTOP-C332RF6$,SYSTEM,DESKTOP-C332RF6,Negotiate,5,LogOn,Success
2026-03-09T15:45:40.334Z,DESKTOP-C332RF6$,SYSTEM,DESKTOP-C332RF6,Negotiate,5,LogOn,Success
2026-03-09T15:48:13.102Z,DESKTOP-C332RF6$,SYSTEM,DESKTOP-C332RF6,Negotiate,5,LogOn,Success
2026-03-09T15:49:23.334Z,DESKTOP-C332RF6$,SYSTEM,DESKTOP-C332RF6,Negotiate,5,LogOn,Success
2026-03-09T16:02:03.857Z,DESKTOP-C332RF6$,SYSTEM,DESKTOP-C332RF6,Negotiate,5,LogOn,Success
2026-03-09T16:02:08.074Z,DESKTOP-C332RF6$,SYSTEM,DESKTOP-C332RF6,Negotiate,5,LogOn,Success
2026-03-09T16:04:08.752Z,DESKTOP-C332RF6$,SYSTEM,DESKTOP-C332RF6,Negotiate,5,LogOn,Success
2026-03-09T16:04:09.021Z,DESKTOP-C332RF6$,SYSTEM,DESKTOP-C332RF6,Negotiate,5,LogOn,Success
2026-03-09T16:04:23.404Z,DESKTOP-C332RF6$,SYSTEM,DESKTOP-C332RF6,Negotiate,5,LogOn,Success
2026-03-09T16:06:45.365Z,DESKTOP-C332RF6$,SYSTEM,DESKTOP-C332RF6,Negotiate,5,LogOn,Success
2026-03-09T16:13:42.204Z,DESKTOP-C332RF6$,SYSTEM,DESKTOP-C332RF6,Negotiate,5,LogOn,Success
2026-03-09T16:21:06.309Z,DESKTOP-C332RF6$,SYSTEM,DESKTOP-C332RF6,Negotiate,5,LogOn,Success
2026-03-09T16:22:04.522Z,DESKTOP-C332RF6$,SYSTEM,DESKTOP-C332RF6,Negotiate,5,LogOn,Success
2026-03-09T16:22:08.713Z,DESKTOP-C332RF6$,SYSTEM,DESKTOP-C332RF6,Negotiate,5,LogOn,Success
2026-03-09T16:24:09.267Z,DESKTOP-C332RF6$,SYSTEM,DESKTOP-C332RF6,Negotiate,5,LogOn,Success
2026-03-09T16:24:09.479Z,DESKTOP-C332RF6$,SYSTEM,DESKTOP-C332RF6,Negotiate,5,LogOn,Success
2026-03-09T16:29:56.870Z,DESKTOP-C332RF6$,SYSTEM,DESKTOP-C332RF6,Negotiate,5,LogOn,Success
2026-03-09T16:29:58.019Z,DESKTOP-C332RF6$,SYSTEM,DESKTOP-C332RF6,Negotiate,5,LogOn,Success
2026-03-09T16:42:04.005Z,DESKTOP-C332RF6$,SYSTEM,DESKTOP-C332RF6,Negotiate,5,LogOn,Success
2026-03-09T16:42:08.202Z,DESKTOP-C332RF6$,SYSTEM,DESKTOP-C332RF6,Negotiate,5,LogOn,Success
2026-03-09T16:44:08.736Z,DESKTOP-C332RF6$,SYSTEM,DESKTOP-C332RF6,Negotiate,5,LogOn,Success
2026-03-09T16:44:08.966Z,DESKTOP-C332RF6$,SYSTEM,DESKTOP-C332RF6,Negotiate,5,LogOn,Success
2026-03-09T16:45:40.554Z,DESKTOP-C332RF6$,SYSTEM,DESKTOP-C332RF6,Negotiate,5,LogOn,Success
2026-03-09T16:49:23.474Z,DESKTOP-C332RF6$,SYSTEM,DESKTOP-C332RF6,Negotiate,5,LogOn,Success
2026-03-09T17:02:04.067Z,DESKTOP-C332RF6$,SYSTEM,DESKTOP-C332RF6,Negotiate,5,LogOn,Success
2026-03-09T17:02:08.270Z,DESKTOP-C332RF6$,SYSTEM,DESKTOP-C332RF6,Negotiate,5,LogOn,Success
2026-03-09T17:03:53.647Z,DESKTOP-C332RF6$,SYSTEM,DESKTOP-C332RF6,Negotiate,5,LogOn,Success
2026-03-09T17:03:55.205Z,DESKTOP-C332RF6$,SYSTEM,DESKTOP-C332RF6,Negotiate,5,LogOn,Success
2026-03-09T17:04:08.801Z,DESKTOP-C332RF6$,SYSTEM,DESKTOP-C332RF6,Negotiate,5,LogOn,Success
2026-03-09T17:04:09.027Z,DESKTOP-C332RF6$,SYSTEM,DESKTOP-C332RF6,Negotiate,5,LogOn,Success
2026-03-09T17:12:30.248Z,DESKTOP-C332RF6$,SYSTEM,DESKTOP-C332RF6,Negotiate,5,LogOn,Success
2026-03-09T17:19:23.551Z,DESKTOP-C332RF6$,SYSTEM,DESKTOP-C332RF6,Negotiate,5,LogOn,Success
2026-03-09T17:20:39.976Z,DESKTOP-C332RF6$,SYSTEM,DESKTOP-C332RF6,Negotiate,5,LogOn,Success
2026-03-09T17:21:06.289Z,DESKTOP-C332RF6$,SYSTEM,DESKTOP-C332RF6,Negotiate,5,LogOn,Success
2026-03-09T17:22:04.545Z,DESKTOP-C332RF6$,SYSTEM,DESKTOP-C332RF6,Negotiate,5,LogOn,Success
2026-03-09T17:22:08.752Z,DESKTOP-C332RF6$,SYSTEM,DESKTOP-C332RF6,Negotiate,5,LogOn,Success
2026-03-09T17:24:09.234Z,DESKTOP-C332RF6$,SYSTEM,DESKTOP-C332RF6,Negotiate,5,LogOn,Success
2026-03-09T17:24:09.447Z,DESKTOP-C332RF6$,SYSTEM,DESKTOP-C332RF6,Negotiate,5,LogOn,Success
2026-03-09T17:34:23.606Z,DESKTOP-C332RF6$,SYSTEM,DESKTOP-C332RF6,Negotiate,5,LogOn,Success
2026-03-09T17:39:44.915Z,DESKTOP-C332RF6$,SYSTEM,DESKTOP-C332RF6,Negotiate,5,LogOn,Success
2026-03-09T17:39:45.322Z,DESKTOP-C332RF6$,SYSTEM,DESKTOP-C332RF6,Negotiate,5,LogOn,Success
2026-03-09T17:42:04.083Z,DESKTOP-C332RF6$,SYSTEM,DESKTOP-C332RF6,Negotiate,5,LogOn,Success
2026-03-09T17:42:08.289Z,DESKTOP-C332RF6$,SYSTEM,DESKTOP-C332RF6,Negotiate,5,LogOn,Success
2026-03-09T17:44:08.791Z,DESKTOP-C332RF6$,SYSTEM,DESKTOP-C332RF6,Negotiate,5,LogOn,Success
2026-03-09T17:44:09.012Z,DESKTOP-C332RF6$,SYSTEM,DESKTOP-C332RF6,Negotiate,5,LogOn,Success
2026-03-09T17:45:40.728Z,DESKTOP-C332RF6$,SYSTEM,DESKTOP-C332RF6,Negotiate,5,LogOn,Success
2026-03-09T17:54:49.270Z,DESKTOP-C332RF6$,SYSTEM,DESKTOP-C332RF6,Negotiate,5,LogOn,Success
2026-03-09T17:54:50.356Z,DESKTOP-C332RF6$,SYSTEM,DESKTOP-C332RF6,Negotiate,5,LogOn,Success
2026-03-09T17:58:03.677Z,DESKTOP-C332RF6$,SYSTEM,DESKTOP-C332RF6,Negotiate,5,LogOn,Success
2026-03-09T18:01:38.206Z,DESKTOP-C332RF6$,SYSTEM,DESKTOP-C332RF6,Negotiate,5,LogOn,Success
2026-03-09T18:02:04.102Z,DESKTOP-C332RF6$,SYSTEM,DESKTOP-C332RF6,Negotiate,5,LogOn,Success
2026-03-09T18:02:08.316Z,DESKTOP-C332RF6$,SYSTEM,DESKTOP-C332RF6,Negotiate,5,LogOn,Success
2026-03-09T18:02:39.134Z,DESKTOP-C332RF6$,SYSTEM,DESKTOP-C332RF6,Negotiate,5,LogOn,Success
2026-03-09T18:02:39.171Z,DESKTOP-C332RF6$,SYSTEM,DESKTOP-C332RF6,Negotiate,5,LogOn,Success
2026-03-09T18:02:39.361Z,DESKTOP-C332RF6$,SYSTEM,DESKTOP-C332RF6,Negotiate,5,LogOn,Success
2026-03-09T18:04:08.788Z,DESKTOP-C332RF6$,SYSTEM,DESKTOP-C332RF6,Negotiate,5,LogOn,Success
2026-03-09T18:04:08.994Z,DESKTOP-C332RF6$,SYSTEM,DESKTOP-C332RF6,Negotiate,5,LogOn,Success
2026-03-09T18:10:54.081Z,DESKTOP-C332RF6$,SYSTEM,DESKTOP-C332RF6,Negotiate,5,LogOn,Success
2026-03-09T18:18:37.406Z,DESKTOP-C332RF6$,SYSTEM,DESKTOP-C332RF6,Negotiate,5,LogOn,Success
2026-03-09T18:19:23.675Z,DESKTOP-C332RF6$,SYSTEM,DESKTOP-C332RF6,Negotiate,5,LogOn,Success
2026-03-09T18:20:40.554Z,DESKTOP-C332RF6$,SYSTEM,DESKTOP-C332RF6,Negotiate,5,LogOn,Success
2026-03-09T18:21:06.316Z,DESKTOP-C332RF6$,SYSTEM,DESKTOP-C332RF6,Negotiate,5,LogOn,Success
2026-03-09T18:22:04.682Z,DESKTOP-C332RF6$,SYSTEM,DESKTOP-C332RF6,Negotiate,5,LogOn,Success
2026-03-09T18:22:08.889Z,DESKTOP-C332RF6$,SYSTEM,DESKTOP-C332RF6,Negotiate,5,LogOn,Success
2026-03-09T18:24:09.398Z,DESKTOP-C332RF6$,SYSTEM,DESKTOP-C332RF6,Negotiate,5,LogOn,Success
2026-03-09T18:24:09.614Z,DESKTOP-C332RF6$,SYSTEM,DESKTOP-C332RF6,Negotiate,5,LogOn,Success
2026-03-09T18:34:23.731Z,DESKTOP-C332RF6$,SYSTEM,DESKTOP-C332RF6,Negotiate,5,LogOn,Success
2026-03-09T18:39:48.975Z,DESKTOP-C332RF6$,SYSTEM,DESKTOP-C332RF6,Negotiate,5,LogOn,Success
2026-03-09T18:42:04.160Z,DESKTOP-C332RF6$,SYSTEM,DESKTOP-C332RF6,Negotiate,5,LogOn,Success
2026-03-09T18:42:08.340Z,DESKTOP-C332RF6$,SYSTEM,DESKTOP-C332RF6,Negotiate,5,LogOn,Success
2026-03-09T18:44:08.849Z,DESKTOP-C332RF6$,SYSTEM,DESKTOP-C332RF6,Negotiate,5,LogOn,Success
2026-03-09T18:44:09.075Z,DESKTOP-C332RF6$,SYSTEM,DESKTOP-C332RF6,Negotiate,5,LogOn,Success
2026-03-09T18:45:40.914Z,DESKTOP-C332RF6$,SYSTEM,DESKTOP-C332RF6,Negotiate,5,LogOn,Success
2026-03-09T18:46:05.979Z,DESKTOP-C332RF6$,SYSTEM,DESKTOP-C332RF6,Negotiate,5,LogOn,Success
2026-03-09T18:48:42.673Z,DESKTOP-C332RF6$,SYSTEM,DESKTOP-C332RF6,Negotiate,5,LogOn,Success
2026-03-09T18:49:12.679Z,DESKTOP-C332RF6$,SYSTEM,DESKTOP-C332RF6,Negotiate,5,LogOn,Success
2026-03-09T18:53:22.550Z,DESKTOP-C332RF6$,SYSTEM,DESKTOP-C332RF6,Negotiate,5,LogOn,Success
2026-03-09T18:55:26.643Z,DESKTOP-C332RF6$,SYSTEM,DESKTOP-C332RF6,Negotiate,5,LogOn,Success
2026-03-09T19:02:04.186Z,DESKTOP-C332RF6$,SYSTEM,DESKTOP-C332RF6,Negotiate,5,LogOn,Success
2026-03-09T19:02:08.339Z,DESKTOP-C332RF6$,SYSTEM,DESKTOP-C332RF6,Negotiate,5,LogOn,Success
2026-03-09T19:04:08.796Z,DESKTOP-C332RF6$,SYSTEM,DESKTOP-C332RF6,Negotiate,5,LogOn,Success
2026-03-09T19:04:08.997Z,DESKTOP-C332RF6$,SYSTEM,DESKTOP-C332RF6,Negotiate,5,LogOn,Success
2026-03-09T19:06:45.324Z,DESKTOP-C332RF6$,SYSTEM,DESKTOP-C332RF6,Negotiate,5,LogOn,Success
2026-03-09T19:11:58.238Z,DESKTOP-C332RF6$,SYSTEM,DESKTOP-C332RF6,Negotiate,5,LogOn,Success
2026-03-09T19:11:59.266Z,DESKTOP-C332RF6$,SYSTEM,DESKTOP-C332RF6,Negotiate,5,LogOn,Success
2026-03-09T19:20:56.251Z,DESKTOP-C332RF6$,SYSTEM,DESKTOP-C332RF6,Negotiate,5,LogOn,Success
2026-03-09T19:22:04.774Z,DESKTOP-C332RF6$,SYSTEM,DESKTOP-C332RF6,Negotiate,5,LogOn,Success
2026-03-09T19:22:08.974Z,DESKTOP-C332RF6$,SYSTEM,DESKTOP-C332RF6,Negotiate,5,LogOn,Success
2026-03-09T19:24:09.519Z,DESKTOP-C332RF6$,SYSTEM,DESKTOP-C332RF6,Negotiate,5,LogOn,Success
2026-03-09T19:24:09.742Z,DESKTOP-C332RF6$,SYSTEM,DESKTOP-C332RF6,Negotiate,5,LogOn,Success
2026-03-09T19:26:24.263Z,DESKTOP-C332RF6$,SYSTEM,DESKTOP-C332RF6,Negotiate,5,LogOn,Success
2026-03-09T19:28:16.855Z,DESKTOP-C332RF6$,SYSTEM,DESKTOP-C332RF6,Negotiate,5,LogOn,Success
2026-03-09T19:29:56.379Z,DESKTOP-C332RF6$,SYSTEM,DESKTOP-C332RF6,Negotiate,5,LogOn,Success
2026-03-09T19:32:15.177Z,DESKTOP-C332RF6$,SYSTEM,DESKTOP-C332RF6,Negotiate,5,LogOn,Success
2026-03-09T19:34:23.822Z,DESKTOP-C332RF6$,SYSTEM,DESKTOP-C332RF6,Negotiate,5,LogOn,Success
2026-03-09T19:42:04.285Z,DESKTOP-C332RF6$,SYSTEM,DESKTOP-C332RF6,Negotiate,5,LogOn,Success
2026-03-09T19:42:08.471Z,DESKTOP-C332RF6$,SYSTEM,DESKTOP-C332RF6,Negotiate,5,LogOn,Success
2026-03-09T19:44:08.923Z,DESKTOP-C332RF6$,SYSTEM,DESKTOP-C332RF6,Negotiate,5,LogOn,Success
2026-03-09T19:44:09.122Z,DESKTOP-C332RF6$,SYSTEM,DESKTOP-C332RF6,Negotiate,5,LogOn,Success
2026-03-09T19:45:41.100Z,DESKTOP-C332RF6$,SYSTEM,DESKTOP-C332RF6,Negotiate,5,LogOn,Success
2026-03-09T19:49:23.881Z,DESKTOP-C332RF6$,SYSTEM,DESKTOP-C332RF6,Negotiate,5,LogOn,Success
2026-03-09T20:02:04.395Z,DESKTOP-C332RF6$,SYSTEM,DESKTOP-C332RF6,Negotiate,5,LogOn,Success
2026-03-09T20:02:08.556Z,DESKTOP-C332RF6$,SYSTEM,DESKTOP-C332RF6,Negotiate,5,LogOn,Success
2026-03-09T20:04:09.015Z,DESKTOP-C332RF6$,SYSTEM,DESKTOP-C332RF6,Negotiate,5,LogOn,Success
2026-03-09T20:04:09.216Z,DESKTOP-C332RF6$,SYSTEM,DESKTOP-C332RF6,Negotiate,5,LogOn,Success
2026-03-09T20:04:23.942Z,DESKTOP-C332RF6$,SYSTEM,DESKTOP-C332RF6,Negotiate,5,LogOn,Success
2026-03-09T20:06:45.312Z,DESKTOP-C332RF6$,SYSTEM,DESKTOP-C332RF6,Negotiate,5,LogOn,Success
2026-03-09T20:19:23.996Z,DESKTOP-C332RF6$,SYSTEM,DESKTOP-C332RF6,Negotiate,5,LogOn,Success
2026-03-09T20:20:59.591Z,DESKTOP-C332RF6$,SYSTEM,DESKTOP-C332RF6,Negotiate,5,LogOn,Success
2026-03-09T20:22:04.912Z,DESKTOP-C332RF6$,SYSTEM,DESKTOP-C332RF6,Negotiate,5,LogOn,Success
2026-03-09T20:22:09.109Z,DESKTOP-C332RF6$,SYSTEM,DESKTOP-C332RF6,Negotiate,5,LogOn,Success
2026-03-09T20:24:09.571Z,DESKTOP-C332RF6$,SYSTEM,DESKTOP-C332RF6,Negotiate,5,LogOn,Success
2026-03-09T20:24:09.776Z,DESKTOP-C332RF6$,SYSTEM,DESKTOP-C332RF6,Negotiate,5,LogOn,Success
2026-03-09T20:26:25.317Z,DESKTOP-C332RF6$,SYSTEM,DESKTOP-C332RF6,Negotiate,5,LogOn,Success
2026-03-09T20:33:09.631Z,DESKTOP-C332RF6$,SYSTEM,DESKTOP-C332RF6,Negotiate,5,LogOn,Success
2026-03-09T20:34:24.063Z,DESKTOP-C332RF6$,SYSTEM,DESKTOP-C332RF6,Negotiate,5,LogOn,Success
2026-03-09T20:35:12.695Z,DESKTOP-C332RF6$,SYSTEM,DESKTOP-C332RF6,Negotiate,5,LogOn,Success
2026-03-09T20:39:43.935Z,DESKTOP-C332RF6$,SYSTEM,DESKTOP-C332RF6,Negotiate,5,LogOn,Success
2026-03-09T20:42:04.382Z,DESKTOP-C332RF6$,SYSTEM,DESKTOP-C332RF6,Negotiate,5,LogOn,Success
2026-03-09T20:42:08.600Z,DESKTOP-C332RF6$,SYSTEM,DESKTOP-C332RF6,Negotiate,5,LogOn,Success
2026-03-09T20:44:09.173Z,DESKTOP-C332RF6$,SYSTEM,DESKTOP-C332RF6,Negotiate,5,LogOn,Success
2026-03-09T20:44:09.398Z,DESKTOP-C332RF6$,SYSTEM,DESKTOP-C332RF6,Negotiate,5,LogOn,Success
2026-03-09T20:45:19.065Z,DESKTOP-C332RF6$,SYSTEM,DESKTOP-C332RF6,Negotiate,5,LogOn,Success
2026-03-09T20:49:23.587Z,DESKTOP-C332RF6$,SYSTEM,DESKTOP-C332RF6,Negotiate,5,LogOn,Success
2026-03-09T20:49:33.717Z,DESKTOP-C332RF6$,SYSTEM,DESKTOP-C332RF6,Negotiate,5,LogOn,Success
2026-03-09T20:49:36.974Z,DESKTOP-C332RF6$,SYSTEM,DESKTOP-C332RF6,Negotiate,5,LogOn,Success
2026-03-09T20:49:50.314Z,DESKTOP-C332RF6$,SYSTEM,DESKTOP-C332RF6,Negotiate,5,LogOn,Success
2026-03-09T20:52:36.484Z,DESKTOP-C332RF6$,SYSTEM,DESKTOP-C332RF6,Negotiate,5,LogOn,Success
2026-03-09T20:52:36.538Z,DESKTOP-C332RF6$,SYSTEM,DESKTOP-C332RF6,Negotiate,5,LogOn,Success
2026-03-09T20:52:36.650Z,DESKTOP-C332RF6$,SYSTEM,DESKTOP-C332RF6,Negotiate,5,LogOn,Success
2026-03-09T20:52:38.104Z,DESKTOP-C332RF6$,SYSTEM,DESKTOP-C332RF6,Negotiate,5,LogOn,Success
2026-03-09T20:52:38.192Z,DESKTOP-C332RF6$,SYSTEM,DESKTOP-C332RF6,Negotiate,5,LogOn,Success
2026-03-09T20:53:31.343Z,DESKTOP-C332RF6$,SYSTEM,DESKTOP-C332RF6,Negotiate,5,LogOn,Success
2026-03-09T20:56:21.727Z,DESKTOP-C332RF6$,SYSTEM,DESKTOP-C332RF6,Negotiate,5,LogOn,Success
2026-03-09T20:56:47.547Z,DESKTOP-C332RF6$,SYSTEM,DESKTOP-C332RF6,Negotiate,5,LogOn,Success
2026-03-09T20:56:53.112Z,DESKTOP-C332RF6$,SYSTEM,DESKTOP-C332RF6,Negotiate,5,LogOn,Success
2026-03-09T20:56:53.306Z,DESKTOP-C332RF6$,SYSTEM,DESKTOP-C332RF6,Negotiate,5,LogOn,Success
2026-03-09T20:56:57.010Z,DESKTOP-C332RF6$,SYSTEM,DESKTOP-C332RF6,Negotiate,5,LogOn,Success
2026-03-09T20:57:03.371Z,DESKTOP-C332RF6$,SYSTEM,DESKTOP-C332RF6,Negotiate,5,LogOn,Success
2026-03-09T20:57:20.663Z,DESKTOP-C332RF6$,SYSTEM,DESKTOP-C332RF6,Negotiate,5,LogOn,Success
2026-03-09T20:59:37.609Z,DESKTOP-C332RF6$,SYSTEM,DESKTOP-C332RF6,Negotiate,5,LogOn,Success
2026-03-09T20:59:38.052Z,DESKTOP-C332RF6$,SYSTEM,DESKTOP-C332RF6,Negotiate,5,LogOn,Success
2026-03-09T21:02:09.311Z,DESKTOP-C332RF6$,SYSTEM,DESKTOP-C332RF6,Negotiate,5,LogOn,Success
2026-03-09T21:04:20.688Z,DESKTOP-C332RF6$,SYSTEM,DESKTOP-C332RF6,Negotiate,5,LogOn,Success
2026-03-09T21:04:24.868Z,DESKTOP-C332RF6$,SYSTEM,DESKTOP-C332RF6,Negotiate,5,LogOn,Success
2026-03-09T21:06:25.513Z,DESKTOP-C332RF6$,SYSTEM,DESKTOP-C332RF6,Negotiate,5,LogOn,Success
2026-03-09T21:06:25.747Z,DESKTOP-C332RF6$,SYSTEM,DESKTOP-C332RF6,Negotiate,5,LogOn,Success
2026-03-09T21:07:36.610Z,DESKTOP-C332RF6$,SYSTEM,DESKTOP-C332RF6,Negotiate,5,LogOn,Success
2026-03-09T21:08:48.747Z,DESKTOP-C332RF6$,SYSTEM,DESKTOP-C332RF6,Negotiate,5,LogOn,Success
2026-03-09T21:17:06.189Z,DESKTOP-C332RF6$,SYSTEM,DESKTOP-C332RF6,Negotiate,5,LogOn,Success
2026-03-09T21:21:06.289Z,DESKTOP-C332RF6$,SYSTEM,DESKTOP-C332RF6,Negotiate,5,LogOn,Success
2026-03-09T21:22:36.670Z,DESKTOP-C332RF6$,SYSTEM,DESKTOP-C332RF6,Negotiate,5,LogOn,Success
2026-03-09T21:24:04.515Z,DESKTOP-C332RF6$,SYSTEM,DESKTOP-C332RF6,Negotiate,5,LogOn,Success
2026-03-09T21:24:08.708Z,DESKTOP-C332RF6$,SYSTEM,DESKTOP-C332RF6,Negotiate,5,LogOn,Success
2026-03-09T21:26:09.190Z,DESKTOP-C332RF6$,SYSTEM,DESKTOP-C332RF6,Negotiate,5,LogOn,Success
2026-03-09T21:26:09.400Z,DESKTOP-C332RF6$,SYSTEM,DESKTOP-C332RF6,Negotiate,5,LogOn,Success
2026-03-09T21:26:25.345Z,DESKTOP-C332RF6$,SYSTEM,DESKTOP-C332RF6,Negotiate,5,LogOn,Success
2026-03-09T21:32:05.578Z,DESKTOP-C332RF6$,SYSTEM,DESKTOP-C332RF6,Negotiate,5,LogOn,Success
2026-03-09T21:35:33.523Z,DESKTOP-C332RF6$,SYSTEM,DESKTOP-C332RF6,Negotiate,5,LogOn,Success
2026-03-09T21:40:45.879Z,DESKTOP-C332RF6$,SYSTEM,DESKTOP-C332RF6,Negotiate,5,LogOn,Success
2026-03-09T21:44:04.051Z,DESKTOP-C332RF6$,SYSTEM,DESKTOP-C332RF6,Negotiate,5,LogOn,Success
2026-03-09T21:44:08.256Z,DESKTOP-C332RF6$,SYSTEM,DESKTOP-C332RF6,Negotiate,5,LogOn,Success
2026-03-09T21:45:41.426Z,DESKTOP-C332RF6$,SYSTEM,DESKTOP-C332RF6,Negotiate,5,LogOn,Success
2026-03-09T21:46:08.821Z,DESKTOP-C332RF6$,SYSTEM,DESKTOP-C332RF6,Negotiate,5,LogOn,Success
2026-03-09T21:46:09.053Z,DESKTOP-C332RF6$,SYSTEM,DESKTOP-C332RF6,Negotiate,5,LogOn,Success
2026-03-09T21:52:36.742Z,DESKTOP-C332RF6$,SYSTEM,DESKTOP-C332RF6,Negotiate,5,LogOn,Success
2026-03-09T21:54:24.877Z,DESKTOP-C332RF6$,SYSTEM,DESKTOP-C332RF6,Negotiate,5,LogOn,Success
2026-03-09T21:59:22.585Z,DESKTOP-C332RF6$,SYSTEM,DESKTOP-C332RF6,Negotiate,5,LogOn,Success
2026-03-09T22:04:04.079Z,DESKTOP-C332RF6$,SYSTEM,DESKTOP-C332RF6,Negotiate,5,LogOn,Success
2026-03-09T22:04:08.270Z,DESKTOP-C332RF6$,SYSTEM,DESKTOP-C332RF6,Negotiate,5,LogOn,Success
2026-03-09T22:06:08.815Z,DESKTOP-C332RF6$,SYSTEM,DESKTOP-C332RF6,Negotiate,5,LogOn,Success
2026-03-09T22:06:09.040Z,DESKTOP-C332RF6$,SYSTEM,DESKTOP-C332RF6,Negotiate,5,LogOn,Success
2026-03-09T22:06:45.324Z,DESKTOP-C332RF6$,SYSTEM,DESKTOP-C332RF6,Negotiate,5,LogOn,Success
2026-03-09T22:07:36.796Z,DESKTOP-C332RF6$,SYSTEM,DESKTOP-C332RF6,Negotiate,5,LogOn,Success
2026-03-09T22:21:06.294Z,DESKTOP-C332RF6$,SYSTEM,DESKTOP-C332RF6,Negotiate,5,LogOn,Success
2026-03-09T22:22:36.854Z,DESKTOP-C332RF6$,SYSTEM,DESKTOP-C332RF6,Negotiate,5,LogOn,Success
2026-03-09T22:24:04.700Z,DESKTOP-C332RF6$,SYSTEM,DESKTOP-C332RF6,Negotiate,5,LogOn,Success
2026-03-09T22:24:08.879Z,DESKTOP-C332RF6$,SYSTEM,DESKTOP-C332RF6,Negotiate,5,LogOn,Success
2026-03-09T22:26:09.453Z,DESKTOP-C332RF6$,SYSTEM,DESKTOP-C332RF6,Negotiate,5,LogOn,Success
2026-03-09T22:26:09.672Z,DESKTOP-C332RF6$,SYSTEM,DESKTOP-C332RF6,Negotiate,5,LogOn,Success
2026-03-09T22:37:38.027Z,DESKTOP-C332RF6$,SYSTEM,DESKTOP-C332RF6,Negotiate,5,LogOn,Success
2026-03-09T22:40:30.252Z,DESKTOP-C332RF6$,SYSTEM,DESKTOP-C332RF6,Negotiate,5,LogOn,Success
2026-03-09T22:43:04.560Z,DESKTOP-C332RF6$,SYSTEM,DESKTOP-C332RF6,Negotiate,5,LogOn,Success
2026-03-09T22:43:05.764Z,DESKTOP-C332RF6$,SYSTEM,DESKTOP-C332RF6,Negotiate,5,LogOn,Success
2026-03-09T22:43:07.076Z,DESKTOP-C332RF6$,SYSTEM,DESKTOP-C332RF6,Negotiate,5,LogOn,Success
2026-03-09T22:44:04.295Z,DESKTOP-C332RF6$,SYSTEM,DESKTOP-C332RF6,Negotiate,5,LogOn,Success
2026-03-09T22:44:08.484Z,DESKTOP-C332RF6$,SYSTEM,DESKTOP-C332RF6,Negotiate,5,LogOn,Success
2026-03-09T22:46:08.969Z,DESKTOP-C332RF6$,SYSTEM,DESKTOP-C332RF6,Negotiate,5,LogOn,Success
2026-03-09T22:46:09.180Z,DESKTOP-C332RF6$,SYSTEM,DESKTOP-C332RF6,Negotiate,5,LogOn,Success
2026-03-09T22:48:35.775Z,DESKTOP-C332RF6$,SYSTEM,DESKTOP-C332RF6,Negotiate,5,LogOn,Success
2026-03-09T22:49:01.640Z,DESKTOP-C332RF6$,SYSTEM,DESKTOP-C332RF6,Negotiate,5,LogOn,Success
2026-03-09T22:49:02.626Z,DESKTOP-C332RF6$,SYSTEM,DESKTOP-C332RF6,Negotiate,5,LogOn,Success
2026-03-09T22:49:23.735Z,DESKTOP-C332RF6$,SYSTEM,DESKTOP-C332RF6,Negotiate,5,LogOn,Success
2026-03-09T22:52:38.093Z,DESKTOP-C332RF6$,SYSTEM,DESKTOP-C332RF6,Negotiate,5,LogOn,Success
2026-03-09T22:55:37.574Z,DESKTOP-C332RF6$,SYSTEM,DESKTOP-C332RF6,Negotiate,5,LogOn,Success
2026-03-09T23:05:05.658Z,DESKTOP-C332RF6$,SYSTEM,DESKTOP-C332RF6,Negotiate,5,LogOn,Success
2026-03-09T23:05:05.769Z,DESKTOP-C332RF6$,SYSTEM,DESKTOP-C332RF6,Negotiate,5,LogOn,Success
2026-03-09T23:07:38.162Z,DESKTOP-C332RF6$,SYSTEM,DESKTOP-C332RF6,Negotiate,5,LogOn,Success
2026-03-09T23:18:38.217Z,DESKTOP-C332RF6$,SYSTEM,DESKTOP-C332RF6,Negotiate,5,LogOn,Success
2026-03-09T23:18:39.416Z,DESKTOP-C332RF6$,SYSTEM,DESKTOP-C332RF6,Negotiate,5,LogOn,Success
2026-03-09T23:37:38.236Z,DESKTOP-C332RF6$,SYSTEM,DESKTOP-C332RF6,Negotiate,5,LogOn,Success
2026-03-09T23:45:42.830Z,DESKTOP-C332RF6$,SYSTEM,DESKTOP-C332RF6,Negotiate,5,LogOn,Success
2026-03-09T23:51:37.389Z,DESKTOP-C332RF6$,SYSTEM,DESKTOP-C332RF6,Negotiate,5,LogOn,Success
2026-03-09T23:51:39.164Z,DESKTOP-C332RF6$,SYSTEM,DESKTOP-C332RF6,Negotiate,5,LogOn,Success
2026-03-10T00:00:02.904Z,DESKTOP-C332RF6$,SYSTEM,DESKTOP-C332RF6,Negotiate,5,LogOn,Success
2026-03-10T00:06:45.326Z,DESKTOP-C332RF6$,SYSTEM,DESKTOP-C332RF6,Negotiate,5,LogOn,Success
2026-03-10T00:07:38.299Z,DESKTOP-C332RF6$,SYSTEM,DESKTOP-C332RF6,Negotiate,5,LogOn,Success
2026-03-10T00:12:41.378Z,DESKTOP-C332RF6$,SYSTEM,DESKTOP-C332RF6,Negotiate,5,LogOn,Success
2026-03-10T00:13:31.975Z,DESKTOP-C332RF6$,SYSTEM,DESKTOP-C332RF6,Negotiate,5,LogOn,Success
2026-03-10T00:13:39.742Z,DESKTOP-C332RF6$,SYSTEM,DESKTOP-C332RF6,Negotiate,5,LogOn,Success
2026-03-10T00:13:42.141Z,DESKTOP-C332RF6$,UMFD-38,DESKTOP-C332RF6,Negotiate,2,LogOn,Success
2026-03-10T00:13:42.177Z,DESKTOP-C332RF6$,DWM-38,DESKTOP-C332RF6,Negotiate,2,LogOn,Success
2026-03-10T00:13:42.177Z,DESKTOP-C332RF6$,DWM-38,DESKTOP-C332RF6,Negotiate,2,LogOn,Success
2026-03-10T00:13:42.250Z,DESKTOP-C332RF6$,SYSTEM,DESKTOP-C332RF6,Negotiate,5,LogOn,Success
2026-03-10T00:13:52.422Z,DESKTOP-C332RF6$,SYSTEM,DESKTOP-C332RF6,Negotiate,5,LogOn,Success
2026-03-10T00:13:52.461Z,,UMFD-37,DESKTOP-C332RF6,,2,LogOff,LogOff
2026-03-10T00:13:53.718Z,DESKTOP-C332RF6$,SYSTEM,DESKTOP-C332RF6,Negotiate,5,LogOn,Success
2026-03-10T06:37:51.632Z,,DWM-37,DESKTOP-C332RF6,,2,LogOff,LogOff
2026-03-10T06:37:51.632Z,,DWM-37,DESKTOP-C332RF6,,2,LogOff,LogOff
2026-03-10T06:37:53.576Z,DESKTOP-C332RF6$,PC,DESKTOP-C332RF6,Negotiate,2,LogOn,Success
2026-03-10T06:37:53.576Z,DESKTOP-C332RF6$,PC,DESKTOP-C332RF6,Negotiate,2,LogOn,Success
2026-03-10T06:37:54.831Z,DESKTOP-C332RF6$,SYSTEM,DESKTOP-C332RF6,Negotiate,5,LogOn,Success
2026-03-10T06:37:58.522Z,DESKTOP-C332RF6$,SYSTEM,DESKTOP-C332RF6,Negotiate,5,LogOn,Success
2026-03-10T06:38:03.909Z,DESKTOP-C332RF6$,SYSTEM,DESKTOP-C332RF6,Negotiate,5,LogOn,Success
2026-03-10T06:38:54.232Z,DESKTOP-C332RF6$,SYSTEM,DESKTOP-C332RF6,Negotiate,5,LogOn,Success
2026-03-10T06:39:38.826Z,DESKTOP-C332RF6$,SYSTEM,DESKTOP-C332RF6,Negotiate,5,LogOn,Success
2026-03-10T06:39:54.919Z,DESKTOP-C332RF6$,SYSTEM,DESKTOP-C332RF6,Negotiate,5,LogOn,Success
2026-03-10T06:40:26.166Z,DESKTOP-C332RF6$,SYSTEM,DESKTOP-C332RF6,Negotiate,5,LogOn,Success
2026-03-10T06:40:26.248Z,DESKTOP-C332RF6$,SYSTEM,DESKTOP-C332RF6,Negotiate,5,LogOn,Success
2026-03-10T06:43:51.067Z,DESKTOP-C332RF6$,SYSTEM,DESKTOP-C332RF6,Negotiate,5,LogOn,Success
2026-03-10T06:43:51.115Z,DESKTOP-C332RF6$,SYSTEM,DESKTOP-C332RF6,Negotiate,5,LogOn,Success
2026-03-10T06:47:52.996Z,DESKTOP-C332RF6$,SYSTEM,DESKTOP-C332RF6,Negotiate,5,LogOn,Success
2026-03-10T06:52:55.061Z,DESKTOP-C332RF6$,SYSTEM,DESKTOP-C332RF6,Negotiate,5,LogOn,Success
2026-03-10T06:53:16.669Z,DESKTOP-C332RF6$,SYSTEM,DESKTOP-C332RF6,Negotiate,5,LogOn,Success
2026-03-10T06:59:27.372Z,DESKTOP-C332RF6$,SYSTEM,DESKTOP-C332RF6,Negotiate,5,LogOn,Success
2026-03-10T07:06:45.319Z,DESKTOP-C332RF6$,SYSTEM,DESKTOP-C332RF6,Negotiate,5,LogOn,Success
2026-03-10T07:16:29.605Z,DESKTOP-C332RF6$,SYSTEM,DESKTOP-C332RF6,Negotiate,5,LogOn,Success
2026-03-10T07:16:50.062Z,DESKTOP-C332RF6$,SYSTEM,DESKTOP-C332RF6,Negotiate,5,LogOn,Success
2026-03-10T07:16:51.040Z,DESKTOP-C332RF6$,SYSTEM,DESKTOP-C332RF6,Negotiate,5,LogOn,Success
2026-03-10T07:21:06.291Z,DESKTOP-C332RF6$,SYSTEM,DESKTOP-C332RF6,Negotiate,5,LogOn,Success
2026-03-10T07:23:14.370Z,DESKTOP-C332RF6$,SYSTEM,DESKTOP-C332RF6,Negotiate,5,LogOn,Success
2026-03-10T07:32:41.870Z,DESKTOP-C332RF6$,SYSTEM,DESKTOP-C332RF6,Negotiate,5,LogOn,Success
2026-03-10T07:35:22.238Z,DESKTOP-C332RF6$,SYSTEM,DESKTOP-C332RF6,Negotiate,5,LogOn,Success
2026-03-10T07:41:37.820Z,DESKTOP-C332RF6$,SYSTEM,DESKTOP-C332RF6,Negotiate,5,LogOn,Success
2026-03-10T07:42:32.844Z,DESKTOP-C332RF6$,SYSTEM,DESKTOP-C332RF6,Negotiate,5,LogOn,Success
2026-03-10T07:43:03.541Z,DESKTOP-C332RF6$,UMFD-39,DESKTOP-C332RF6,Negotiate,2,LogOn,Success
2026-03-10T07:43:03.569Z,DESKTOP-C332RF6$,DWM-39,DESKTOP-C332RF6,Negotiate,2,LogOn,Success
2026-03-10T07:43:03.569Z,DESKTOP-C332RF6$,DWM-39,DESKTOP-C332RF6,Negotiate,2,LogOn,Success
2026-03-10T07:43:03.634Z,DESKTOP-C332RF6$,SYSTEM,DESKTOP-C332RF6,Negotiate,5,LogOn,Success
2026-03-10T07:43:03.756Z,DESKTOP-C332RF6$,SYSTEM,DESKTOP-C332RF6,Negotiate,5,LogOn,Success
2026-03-10T07:43:08.963Z,,UMFD-38,DESKTOP-C332RF6,,2,LogOff,LogOff
2026-03-10T07:43:09.929Z,DESKTOP-C332RF6$,SYSTEM,DESKTOP-C332RF6,Negotiate,5,LogOn,Success
2026-03-10T15:19:00.507Z,,DWM-38,DESKTOP-C332RF6,,2,LogOff,LogOff
2026-03-10T15:19:00.508Z,,DWM-38,DESKTOP-C332RF6,,2,LogOff,LogOff
2026-03-10T15:19:02.422Z,DESKTOP-C332RF6$,PC,DESKTOP-C332RF6,Negotiate,2,LogOn,Success
2026-03-10T15:19:02.422Z,DESKTOP-C332RF6$,PC,DESKTOP-C332RF6,Negotiate,2,LogOn,Success
2026-03-10T15:19:04.778Z,DESKTOP-C332RF6$,SYSTEM,DESKTOP-C332RF6,Negotiate,5,LogOn,Success
2026-03-10T15:19:10.638Z,DESKTOP-C332RF6$,SYSTEM,DESKTOP-C332RF6,Negotiate,5,LogOn,Success
2026-03-10T15:20:02.108Z,DESKTOP-C332RF6$,SYSTEM,DESKTOP-C332RF6,Negotiate,5,LogOn,Success
2026-03-10T15:20:49.021Z,DESKTOP-C332RF6$,SYSTEM,DESKTOP-C332RF6,Negotiate,5,LogOn,Success
2026-03-10T15:24:01.707Z,DESKTOP-C332RF6$,SYSTEM,DESKTOP-C332RF6,Negotiate,5,LogOn,Success
2026-03-10T15:29:04.143Z,DESKTOP-C332RF6$,SYSTEM,DESKTOP-C332RF6,Negotiate,5,LogOn,Success
2026-03-10T15:29:25.419Z,DESKTOP-C332RF6$,SYSTEM,DESKTOP-C332RF6,Negotiate,5,LogOn,Success
2026-03-10T15:29:26.036Z,DESKTOP-C332RF6$,SYSTEM,DESKTOP-C332RF6,Negotiate,5,LogOn,Success
2026-03-10T15:29:26.284Z,DESKTOP-C332RF6$,SYSTEM,DESKTOP-C332RF6,Negotiate,5,LogOn,Success
2026-03-10T15:34:03.927Z,DESKTOP-C332RF6$,SYSTEM,DESKTOP-C332RF6,Negotiate,5,LogOn,Success
2026-03-10T15:34:51.970Z,DESKTOP-C332RF6$,SYSTEM,DESKTOP-C332RF6,Negotiate,5,LogOn,Success
2026-03-10T15:35:51.113Z,DESKTOP-C332RF6$,SYSTEM,DESKTOP-C332RF6,Negotiate,5,LogOn,Success
2026-03-10T15:44:26.813Z,DESKTOP-C332RF6$,SYSTEM,DESKTOP-C332RF6,Negotiate,5,LogOn,Success
2026-03-10T15:44:28.562Z,DESKTOP-C332RF6$,SYSTEM,DESKTOP-C332RF6,Negotiate,5,LogOn,Success
2026-03-10T15:52:20.938Z,DESKTOP-C332RF6$,SYSTEM,DESKTOP-C332RF6,Negotiate,5,LogOn,Success
2026-03-10T15:52:21.045Z,DESKTOP-C332RF6$,SYSTEM,DESKTOP-C332RF6,Negotiate,5,LogOn,Success
2026-03-10T15:54:17.496Z,DESKTOP-C332RF6$,SYSTEM,DESKTOP-C332RF6,Negotiate,5,LogOn,Success
2026-03-10T15:56:18.439Z,DESKTOP-C332RF6$,SYSTEM,DESKTOP-C332RF6,Negotiate,5,LogOn,Success
2026-03-10T15:59:19.125Z,DESKTOP-C332RF6$,SYSTEM,DESKTOP-C332RF6,Negotiate,5,LogOn,Success
2026-03-10T16:07:09.229Z,DESKTOP-C332RF6$,SYSTEM,DESKTOP-C332RF6,Negotiate,5,LogOn,Success
2026-03-10T16:19:43.909Z,DESKTOP-C332RF6$,SYSTEM,DESKTOP-C332RF6,Negotiate,5,LogOn,Success
2026-03-10T16:21:06.307Z,DESKTOP-C332RF6$,SYSTEM,DESKTOP-C332RF6,Negotiate,5,LogOn,Success
2026-03-10T16:27:32.784Z,DESKTOP-C332RF6$,SYSTEM,DESKTOP-C332RF6,Negotiate,5,LogOn,Success
2026-03-10T16:35:38.644Z,DESKTOP-C332RF6$,SYSTEM,DESKTOP-C332RF6,Negotiate,5,LogOn,Success
2026-03-10T16:35:39.833Z,DESKTOP-C332RF6$,SYSTEM,DESKTOP-C332RF6,Negotiate,5,LogOn,Success
2026-03-10T16:39:56.280Z,DESKTOP-C332RF6$,SYSTEM,DESKTOP-C332RF6,Negotiate,5,LogOn,Success
2026-03-10T16:45:26.311Z,DESKTOP-C332RF6$,SYSTEM,DESKTOP-C332RF6,Negotiate,5,LogOn,Success
2026-03-10T17:02:28.606Z,DESKTOP-C332RF6$,SYSTEM,DESKTOP-C332RF6,Negotiate,5,LogOn,Success
2026-03-10T17:02:30.101Z,DESKTOP-C332RF6$,SYSTEM,DESKTOP-C332RF6,Negotiate,5,LogOn,Success
2026-03-10T17:12:05.351Z,DESKTOP-C332RF6$,SYSTEM,DESKTOP-C332RF6,Negotiate,5,LogOn,Success
2026-03-10T17:16:31.379Z,DESKTOP-C332RF6$,SYSTEM,DESKTOP-C332RF6,Negotiate,5,LogOn,Success
2026-03-10T17:19:03.743Z,DESKTOP-C332RF6$,SYSTEM,DESKTOP-C332RF6,Negotiate,5,LogOn,Success
2026-03-10T17:19:03.782Z,DESKTOP-C332RF6$,SYSTEM,DESKTOP-C332RF6,Negotiate,5,LogOn,Success
2026-03-10T17:19:07.330Z,DESKTOP-C332RF6$,SYSTEM,DESKTOP-C332RF6,Negotiate,5,LogOn,Success
2026-03-10T17:21:06.304Z,DESKTOP-C332RF6$,SYSTEM,DESKTOP-C332RF6,Negotiate,5,LogOn,Success
2026-03-10T17:27:33.532Z,DESKTOP-C332RF6$,SYSTEM,DESKTOP-C332RF6,Negotiate,5,LogOn,Success
2026-03-10T17:45:26.485Z,DESKTOP-C332RF6$,SYSTEM,DESKTOP-C332RF6,Negotiate,5,LogOn,Success
2026-03-10T17:49:57.986Z,DESKTOP-C332RF6$,SYSTEM,DESKTOP-C332RF6,Negotiate,5,LogOn,Success
2026-03-10T17:54:04.755Z,DESKTOP-C332RF6$,SYSTEM,DESKTOP-C332RF6,Negotiate,5,LogOn,Success
2026-03-10T18:00:35.590Z,DESKTOP-C332RF6$,SYSTEM,DESKTOP-C332RF6,Negotiate,5,LogOn,Success
2026-03-10T18:04:41.448Z,DESKTOP-C332RF6$,SYSTEM,DESKTOP-C332RF6,Negotiate,5,LogOn,Success
2026-03-10T18:10:20.479Z,DESKTOP-C332RF6$,SYSTEM,DESKTOP-C332RF6,Negotiate,5,LogOn,Success
2026-03-10T18:10:21.616Z,DESKTOP-C332RF6$,SYSTEM,DESKTOP-C332RF6,Negotiate,5,LogOn,Success
2026-03-10T18:17:42.163Z,DESKTOP-C332RF6$,SYSTEM,DESKTOP-C332RF6,Negotiate,5,LogOn,Success
2026-03-10T18:21:06.319Z,DESKTOP-C332RF6$,SYSTEM,DESKTOP-C332RF6,Negotiate,5,LogOn,Success
2026-03-10T18:29:48.321Z,DESKTOP-C332RF6$,SYSTEM,DESKTOP-C332RF6,Negotiate,5,LogOn,Success
2026-03-10T18:31:24.479Z,DESKTOP-C332RF6$,SYSTEM,DESKTOP-C332RF6,Negotiate,5,LogOn,Success
2026-03-10T18:31:27.804Z,DESKTOP-C332RF6$,SYSTEM,DESKTOP-C332RF6,Negotiate,5,LogOn,Success
2026-03-10T18:31:28.221Z,DESKTOP-C332RF6$,SYSTEM,DESKTOP-C332RF6,Negotiate,5,LogOn,Success
2026-03-10T18:35:33.582Z,DESKTOP-C332RF6$,SYSTEM,DESKTOP-C332RF6,Negotiate,5,LogOn,Success
2026-03-10T18:36:25.769Z,DESKTOP-C332RF6$,SYSTEM,DESKTOP-C332RF6,Negotiate,5,LogOn,Success
2026-03-10T18:45:26.676Z,DESKTOP-C332RF6$,SYSTEM,DESKTOP-C332RF6,Negotiate,5,LogOn,Success
2026-03-10T18:46:24.905Z,DESKTOP-C332RF6$,SYSTEM,DESKTOP-C332RF6,Negotiate,5,LogOn,Success
2026-03-10T18:46:25.915Z,DESKTOP-C332RF6$,SYSTEM,DESKTOP-C332RF6,Negotiate,5,LogOn,Success
2026-03-10T18:52:55.128Z,DESKTOP-C332RF6$,SYSTEM,DESKTOP-C332RF6,Negotiate,5,LogOn,Success
2026-03-10T18:53:03.690Z,DESKTOP-C332RF6$,SYSTEM,DESKTOP-C332RF6,Negotiate,5,LogOn,Success
2026-03-10T18:53:03.785Z,DESKTOP-C332RF6$,SYSTEM,DESKTOP-C332RF6,Negotiate,5,LogOn,Success
2026-03-10T18:53:04.765Z,DESKTOP-C332RF6$,SYSTEM,DESKTOP-C332RF6,Negotiate,5,LogOn,Success
2026-03-10T18:53:06.010Z,DESKTOP-C332RF6$,SYSTEM,DESKTOP-C332RF6,Negotiate,5,LogOn,Success
2026-03-10T18:59:39.476Z,DESKTOP-C332RF6$,SYSTEM,DESKTOP-C332RF6,Negotiate,5,LogOn,Success
2026-03-10T19:08:03.039Z,DESKTOP-C332RF6$,SYSTEM,DESKTOP-C332RF6,Negotiate,5,LogOn,Success
2026-03-10T19:08:31.205Z,DESKTOP-C332RF6$,SYSTEM,DESKTOP-C332RF6,Negotiate,5,LogOn,Success
2026-03-10T19:08:31.329Z,DESKTOP-C332RF6$,SYSTEM,DESKTOP-C332RF6,Negotiate,5,LogOn,Success
2026-03-10T19:21:06.300Z,DESKTOP-C332RF6$,SYSTEM,DESKTOP-C332RF6,Negotiate,5,LogOn,Success
2026-03-10T19:22:43.721Z,DESKTOP-C332RF6$,SYSTEM,DESKTOP-C332RF6,Negotiate,5,LogOn,Success
2026-03-10T19:28:23.524Z,DESKTOP-C332RF6$,SYSTEM,DESKTOP-C332RF6,Negotiate,5,LogOn,Success
2026-03-10T19:29:48.665Z,DESKTOP-C332RF6$,SYSTEM,DESKTOP-C332RF6,Negotiate,5,LogOn,Success
2026-03-10T19:31:20.533Z,DESKTOP-C332RF6$,SYSTEM,DESKTOP-C332RF6,Negotiate,5,LogOn,Success
2026-03-10T19:45:11.240Z,DESKTOP-C332RF6$,SYSTEM,DESKTOP-C332RF6,Negotiate,5,LogOn,Success
2026-03-10T19:45:26.839Z,DESKTOP-C332RF6$,SYSTEM,DESKTOP-C332RF6,Negotiate,5,LogOn,Success
2026-03-10T20:09:24.050Z,DESKTOP-C332RF6$,SYSTEM,DESKTOP-C332RF6,Negotiate,5,LogOn,Success
2026-03-10T20:09:24.863Z,DESKTOP-C332RF6$,SYSTEM,DESKTOP-C332RF6,Negotiate,5,LogOn,Success
2026-03-10T20:09:25.494Z,DESKTOP-C332RF6$,SYSTEM,DESKTOP-C332RF6,Negotiate,5,LogOn,Success
2026-03-10T20:09:25.624Z,DESKTOP-C332RF6$,SYSTEM,DESKTOP-C332RF6,Negotiate,5,LogOn,Success
2026-03-10T20:09:25.856Z,DESKTOP-C332RF6$,SYSTEM,DESKTOP-C332RF6,Negotiate,5,LogOn,Success
2026-03-10T20:09:28.390Z,DESKTOP-C332RF6$,PC,DESKTOP-C332RF6,Negotiate,2,LogOn,Success
2026-03-10T20:09:28.390Z,DESKTOP-C332RF6$,PC,DESKTOP-C332RF6,Negotiate,2,LogOn,Success
2026-03-10T20:09:28.391Z,,PC,DESKTOP-C332RF6,,2,LogOff,LogOff
2026-03-10T20:09:28.391Z,,PC,DESKTOP-C332RF6,,2,LogOff,LogOff
2026-03-10T20:09:31.723Z,DESKTOP-C332RF6$,SYSTEM,DESKTOP-C332RF6,Negotiate,5,LogOn,Success
2026-03-10T20:11:14.361Z,DESKTOP-C332RF6$,SYSTEM,DESKTOP-C332RF6,Negotiate,5,LogOn,Success
2026-03-10T20:11:16.031Z,DESKTOP-C332RF6$,SYSTEM,DESKTOP-C332RF6,Negotiate,5,LogOn,Success
2026-03-10T20:11:17.015Z,DESKTOP-C332RF6$,SYSTEM,DESKTOP-C332RF6,Negotiate,5,LogOn,Success
2026-03-10T20:11:28.600Z,DESKTOP-C332RF6$,SYSTEM,DESKTOP-C332RF6,Negotiate,5,LogOn,Success
2026-03-10T20:15:53.483Z,DESKTOP-C332RF6$,SYSTEM,DESKTOP-C332RF6,Negotiate,5,LogOn,Success
2026-03-10T20:20:07.031Z,DESKTOP-C332RF6$,SYSTEM,DESKTOP-C332RF6,Negotiate,5,LogOn,Success
2026-03-10T20:26:02.647Z,DESKTOP-C332RF6$,SYSTEM,DESKTOP-C332RF6,Negotiate,5,LogOn,Success
2026-03-10T20:26:39.816Z,DESKTOP-C332RF6$,SYSTEM,DESKTOP-C332RF6,Negotiate,5,LogOn,Success
2026-03-10T20:34:56.627Z,DESKTOP-C332RF6$,SYSTEM,DESKTOP-C332RF6,Negotiate,5,LogOn,Success
2026-03-10T20:45:19.995Z,DESKTOP-C332RF6$,SYSTEM,DESKTOP-C332RF6,Negotiate,5,LogOn,Success
2026-03-10T20:52:40.467Z,DESKTOP-C332RF6$,SYSTEM,DESKTOP-C332RF6,Negotiate,5,LogOn,Success
2026-03-10T20:52:40.524Z,DESKTOP-C332RF6$,SYSTEM,DESKTOP-C332RF6,Negotiate,5,LogOn,Success
2026-03-10T21:01:05.918Z,DESKTOP-C332RF6$,SYSTEM,DESKTOP-C332RF6,Negotiate,5,LogOn,Success
2026-03-10T21:01:07.132Z,DESKTOP-C332RF6$,SYSTEM,DESKTOP-C332RF6,Negotiate,5,LogOn,Success
2026-03-10T21:09:10.235Z,DESKTOP-C332RF6$,SYSTEM,DESKTOP-C332RF6,Negotiate,5,LogOn,Success
2026-03-10T21:09:10.611Z,DESKTOP-C332RF6$,SYSTEM,DESKTOP-C332RF6,Negotiate,5,LogOn,Success
2026-03-10T21:09:10.658Z,DESKTOP-C332RF6$,SYSTEM,DESKTOP-C332RF6,Negotiate,5,LogOn,Success
2026-03-10T21:09:11.099Z,DESKTOP-C332RF6$,SYSTEM,DESKTOP-C332RF6,Negotiate,5,LogOn,Success
2026-03-10T21:09:11.582Z,DESKTOP-C332RF6$,SYSTEM,DESKTOP-C332RF6,Negotiate,5,LogOn,Success
2026-03-10T21:11:08.194Z,DESKTOP-C332RF6$,SYSTEM,DESKTOP-C332RF6,Negotiate,5,LogOn,Success
2026-03-10T21:12:09.207Z,DESKTOP-C332RF6$,SYSTEM,DESKTOP-C332RF6,Negotiate,5,LogOn,Success
2026-03-10T21:12:27.449Z,DESKTOP-C332RF6$,SYSTEM,DESKTOP-C332RF6,Negotiate,5,LogOn,Success
2026-03-10T21:21:06.301Z,DESKTOP-C332RF6$,SYSTEM,DESKTOP-C332RF6,Negotiate,5,LogOn,Success
2026-03-10T21:30:46.807Z,DESKTOP-C332RF6$,SYSTEM,DESKTOP-C332RF6,Negotiate,5,LogOn,Success
2026-03-10T21:30:47.572Z,DESKTOP-C332RF6$,SYSTEM,DESKTOP-C332RF6,Negotiate,5,LogOn,Success
2026-03-10T21:34:56.959Z,DESKTOP-C332RF6$,SYSTEM,DESKTOP-C332RF6,Negotiate,5,LogOn,Success
2026-03-10T21:43:17.504Z,DESKTOP-C332RF6$,SYSTEM,DESKTOP-C332RF6,Negotiate,5,LogOn,Success
2026-03-10T21:43:19.155Z,DESKTOP-C332RF6$,SYSTEM,DESKTOP-C332RF6,Negotiate,5,LogOn,Success
2026-03-10T22:00:21.195Z,DESKTOP-C332RF6$,SYSTEM,DESKTOP-C332RF6,Negotiate,5,LogOn,Success
2026-03-10T22:00:21.839Z,DESKTOP-C332RF6$,SYSTEM,DESKTOP-C332RF6,Negotiate,5,LogOn,Success
2026-03-10T22:08:31.197Z,DESKTOP-C332RF6$,SYSTEM,DESKTOP-C332RF6,Negotiate,5,LogOn,Success
2026-03-10T22:10:45.997Z,DESKTOP-C332RF6$,SYSTEM,DESKTOP-C332RF6,Negotiate,5,LogOn,Success
2026-03-10T22:21:06.295Z,DESKTOP-C332RF6$,SYSTEM,DESKTOP-C332RF6,Negotiate,5,LogOn,Success
2026-03-10T22:42:06.122Z,DESKTOP-C332RF6$,SYSTEM,DESKTOP-C332RF6,Negotiate,5,LogOn,Success
2026-03-10T22:42:07.182Z,DESKTOP-C332RF6$,SYSTEM,DESKTOP-C332RF6,Negotiate,5,LogOn,Success
2026-03-10T22:57:06.361Z,DESKTOP-C332RF6$,SYSTEM,DESKTOP-C332RF6,Negotiate,5,LogOn,Success
2026-03-10T23:01:01.357Z,DESKTOP-C332RF6$,SYSTEM,DESKTOP-C332RF6,Negotiate,5,LogOn,Success
2026-03-10T23:01:01.389Z,DESKTOP-C332RF6$,SYSTEM,DESKTOP-C332RF6,Negotiate,5,LogOn,Success
2026-03-10T23:18:06.190Z,DESKTOP-C332RF6$,SYSTEM,DESKTOP-C332RF6,Negotiate,5,LogOn,Success
2026-03-10T23:18:07.292Z,DESKTOP-C332RF6$,SYSTEM,DESKTOP-C332RF6,Negotiate,5,LogOn,Success
2026-03-10T23:23:13.117Z,DESKTOP-C332RF6$,SYSTEM,DESKTOP-C332RF6,Negotiate,5,LogOn,Success
2026-03-10T23:45:50.819Z,DESKTOP-C332RF6$,SYSTEM,DESKTOP-C332RF6,Negotiate,5,LogOn,Success
2026-03-10T23:51:06.285Z,DESKTOP-C332RF6$,SYSTEM,DESKTOP-C332RF6,Negotiate,5,LogOn,Success
2026-03-10T23:51:07.784Z,DESKTOP-C332RF6$,SYSTEM,DESKTOP-C332RF6,Negotiate,5,LogOn,Success
2026-03-11T00:14:33.705Z,DESKTOP-C332RF6$,SYSTEM,DESKTOP-C332RF6,Negotiate,5,LogOn,Success
2026-03-11T00:24:00.565Z,DESKTOP-C332RF6$,SYSTEM,DESKTOP-C332RF6,Negotiate,5,LogOn,Success
2026-03-11T00:24:01.908Z,DESKTOP-C332RF6$,SYSTEM,DESKTOP-C332RF6,Negotiate,5,LogOn,Success
2026-03-11T00:37:45.336Z,DESKTOP-C332RF6$,SYSTEM,DESKTOP-C332RF6,Negotiate,5,LogOn,Success
2026-03-11T00:37:50.322Z,DESKTOP-C332RF6$,SYSTEM,DESKTOP-C332RF6,Negotiate,5,LogOn,Success
2026-03-11T00:38:25.594Z,DESKTOP-C332RF6$,SYSTEM,DESKTOP-C332RF6,Negotiate,5,LogOn,Success
2026-03-11T00:38:26.511Z,DESKTOP-C332RF6$,SYSTEM,DESKTOP-C332RF6,Negotiate,5,LogOn,Success
2026-03-11T00:39:00.637Z,DESKTOP-C332RF6$,SYSTEM,DESKTOP-C332RF6,Negotiate,5,LogOn,Success
2026-03-11T00:39:36.627Z,DESKTOP-C332RF6$,SYSTEM,DESKTOP-C332RF6,Negotiate,5,LogOn,Success
2026-03-11T00:42:55.962Z,DESKTOP-C332RF6$,SYSTEM,DESKTOP-C332RF6,Negotiate,5,LogOn,Success
2026-03-11T00:42:56.781Z,DESKTOP-C332RF6$,SYSTEM,DESKTOP-C332RF6,Negotiate,5,LogOn,Success
2026-03-11T00:42:57.699Z,DESKTOP-C332RF6$,SYSTEM,DESKTOP-C332RF6,Negotiate,5,LogOn,Success
2026-03-11T00:42:57.734Z,DESKTOP-C332RF6$,SYSTEM,DESKTOP-C332RF6,Negotiate,5,LogOn,Success
2026-03-11T00:42:59.038Z,DESKTOP-C332RF6$,SYSTEM,DESKTOP-C332RF6,Negotiate,5,LogOn,Success
2026-03-11T00:43:05.736Z,DESKTOP-C332RF6$,SYSTEM,DESKTOP-C332RF6,Negotiate,5,LogOn,Success
2026-03-11T00:57:56.095Z,DESKTOP-C332RF6$,SYSTEM,DESKTOP-C332RF6,Negotiate,5,LogOn,Success
2026-03-11T00:57:57.652Z,DESKTOP-C332RF6$,SYSTEM,DESKTOP-C332RF6,Negotiate,5,LogOn,Success
2026-03-11T00:58:58.942Z,DESKTOP-C332RF6$,SYSTEM,DESKTOP-C332RF6,Negotiate,5,LogOn,Success
2026-03-11T01:05:12.806Z,DESKTOP-C332RF6$,UMFD-40,DESKTOP-C332RF6,Negotiate,2,LogOn,Success
2026-03-11T01:05:12.857Z,DESKTOP-C332RF6$,DWM-40,DESKTOP-C332RF6,Negotiate,2,LogOn,Success
2026-03-11T01:05:12.857Z,DESKTOP-C332RF6$,DWM-40,DESKTOP-C332RF6,Negotiate,2,LogOn,Success
2026-03-11T01:05:12.939Z,DESKTOP-C332RF6$,SYSTEM,DESKTOP-C332RF6,Negotiate,5,LogOn,Success
2026-03-11T01:05:14.697Z,DESKTOP-C332RF6$,SYSTEM,DESKTOP-C332RF6,Negotiate,5,LogOn,Success
2026-03-11T01:05:18.570Z,DESKTOP-C332RF6$,SYSTEM,DESKTOP-C332RF6,Negotiate,5,LogOn,Success
2026-03-11T01:05:18.677Z,,UMFD-39,DESKTOP-C332RF6,,2,LogOff,LogOff
2026-03-11T01:05:20.128Z,,DWM-39,DESKTOP-C332RF6,,2,LogOff,LogOff
2026-03-11T01:05:20.128Z,,DWM-39,DESKTOP-C332RF6,,2,LogOff,LogOff
2026-03-11T01:05:20.343Z,DESKTOP-C332RF6$,SYSTEM,DESKTOP-C332RF6,Negotiate,5,LogOn,Success
2026-03-11T05:27:59.473Z,DESKTOP-C332RF6$,PC,DESKTOP-C332RF6,Negotiate,2,LogOn,Success
2026-03-11T05:27:59.473Z,DESKTOP-C332RF6$,PC,DESKTOP-C332RF6,Negotiate,2,LogOn,Success
2026-03-11T05:28:01.861Z,DESKTOP-C332RF6$,SYSTEM,DESKTOP-C332RF6,Negotiate,5,LogOn,Success
2026-03-11T05:28:09.062Z,DESKTOP-C332RF6$,SYSTEM,DESKTOP-C332RF6,Negotiate,5,LogOn,Success
2026-03-11T05:29:05.423Z,DESKTOP-C332RF6$,SYSTEM,DESKTOP-C332RF6,Negotiate,5,LogOn,Success
2026-03-11T05:29:05.440Z,DESKTOP-C332RF6$,SYSTEM,DESKTOP-C332RF6,Negotiate,5,LogOn,Success
2026-03-11T05:29:21.001Z,DESKTOP-C332RF6$,SYSTEM,DESKTOP-C332RF6,Negotiate,5,LogOn,Success
2026-03-11T05:29:58.066Z,DESKTOP-C332RF6$,SYSTEM,DESKTOP-C332RF6,Negotiate,5,LogOn,Success
2026-03-11T05:32:57.652Z,DESKTOP-C332RF6$,SYSTEM,DESKTOP-C332RF6,Negotiate,5,LogOn,Success
2026-03-11T05:33:57.057Z,DESKTOP-C332RF6$,SYSTEM,DESKTOP-C332RF6,Negotiate,5,LogOn,Success
2026-03-11T05:33:57.103Z,DESKTOP-C332RF6$,SYSTEM,DESKTOP-C332RF6,Negotiate,5,LogOn,Success
2026-03-11T05:34:52.645Z,DESKTOP-C332RF6$,SYSTEM,DESKTOP-C332RF6,Negotiate,5,LogOn,Success
2026-03-11T05:38:04.058Z,DESKTOP-C332RF6$,SYSTEM,DESKTOP-C332RF6,Negotiate,5,LogOn,Success
2026-03-11T05:43:01.003Z,DESKTOP-C332RF6$,SYSTEM,DESKTOP-C332RF6,Negotiate,5,LogOn,Success
2026-03-11T05:43:04.833Z,DESKTOP-C332RF6$,SYSTEM,DESKTOP-C332RF6,Negotiate,5,LogOn,Success
2026-03-11T05:43:04.939Z,DESKTOP-C332RF6$,SYSTEM,DESKTOP-C332RF6,Negotiate,5,LogOn,Success
2026-03-11T05:44:07.837Z,DESKTOP-C332RF6$,SYSTEM,DESKTOP-C332RF6,Negotiate,5,LogOn,Success
2026-03-11T05:56:34.518Z,DESKTOP-C332RF6$,SYSTEM,DESKTOP-C332RF6,Negotiate,5,LogOn,Success
2026-03-11T05:56:34.595Z,DESKTOP-C332RF6$,SYSTEM,DESKTOP-C332RF6,Negotiate,5,LogOn,Success
2026-03-11T06:10:25.319Z,DESKTOP-C332RF6$,SYSTEM,DESKTOP-C332RF6,Negotiate,5,LogOn,Success
2026-03-11T06:13:06.722Z,DESKTOP-C332RF6$,SYSTEM,DESKTOP-C332RF6,Negotiate,5,LogOn,Success
2026-03-11T06:15:10.035Z,DESKTOP-C332RF6$,SYSTEM,DESKTOP-C332RF6,Negotiate,5,LogOn,Success
2026-03-11T06:25:00.707Z,DESKTOP-C332RF6$,SYSTEM,DESKTOP-C332RF6,Negotiate,5,LogOn,Success
2026-03-11T06:28:07.004Z,DESKTOP-C332RF6$,SYSTEM,DESKTOP-C332RF6,Negotiate,5,LogOn,Success
2026-03-11T06:31:56.789Z,DESKTOP-C332RF6$,SYSTEM,DESKTOP-C332RF6,Negotiate,5,LogOn,Success
2026-03-11T06:43:06.020Z,DESKTOP-C332RF6$,SYSTEM,DESKTOP-C332RF6,Negotiate,5,LogOn,Success
2026-03-11T06:43:07.061Z,DESKTOP-C332RF6$,SYSTEM,DESKTOP-C332RF6,Negotiate,5,LogOn,Success
2026-03-11T06:43:30.220Z,DESKTOP-C332RF6$,SYSTEM,DESKTOP-C332RF6,Negotiate,5,LogOn,Success
2026-03-11T06:57:13.300Z,DESKTOP-C332RF6$,SYSTEM,DESKTOP-C332RF6,Negotiate,5,LogOn,Success
2026-03-11T06:58:39.741Z,DESKTOP-C332RF6$,SYSTEM,DESKTOP-C332RF6,Negotiate,5,LogOn,Success
2026-03-11T06:58:40.808Z,DESKTOP-C332RF6$,SYSTEM,DESKTOP-C332RF6,Negotiate,5,LogOn,Success
2026-03-11T06:59:05.719Z,DESKTOP-C332RF6$,SYSTEM,DESKTOP-C332RF6,Negotiate,5,LogOn,Success
2026-03-11T07:02:18.455Z,DESKTOP-C332RF6$,SYSTEM,DESKTOP-C332RF6,Negotiate,5,LogOn,Success
2026-03-11T07:02:44.160Z,DESKTOP-C332RF6$,SYSTEM,DESKTOP-C332RF6,Negotiate,5,LogOn,Success
2026-03-11T07:10:08.055Z,DESKTOP-C332RF6$,SYSTEM,DESKTOP-C332RF6,Negotiate,5,LogOn,Success
2026-03-11T07:10:09.070Z,DESKTOP-C332RF6$,SYSTEM,DESKTOP-C332RF6,Negotiate,5,LogOn,Success
2026-03-11T07:10:09.134Z,DESKTOP-C332RF6$,SYSTEM,DESKTOP-C332RF6,Negotiate,5,LogOn,Success
2026-03-11T07:10:25.525Z,DESKTOP-C332RF6$,SYSTEM,DESKTOP-C332RF6,Negotiate,5,LogOn,Success
2026-03-11T07:24:54.830Z,DESKTOP-C332RF6$,SYSTEM,DESKTOP-C332RF6,Negotiate,5,LogOn,Success
2026-03-11T07:25:00.306Z,DESKTOP-C332RF6$,SYSTEM,DESKTOP-C332RF6,Negotiate,5,LogOn,Success
2026-03-11T07:25:46.545Z,DESKTOP-C332RF6$,SYSTEM,DESKTOP-C332RF6,Negotiate,5,LogOn,Success
2026-03-11T07:25:47.308Z,DESKTOP-C332RF6$,SYSTEM,DESKTOP-C332RF6,Negotiate,5,LogOn,Success
2026-03-11T07:25:48.274Z,DESKTOP-C332RF6$,SYSTEM,DESKTOP-C332RF6,Negotiate,5,LogOn,Success
2026-03-11T07:28:00.802Z,DESKTOP-C332RF6$,SYSTEM,DESKTOP-C332RF6,Negotiate,5,LogOn,Success
2026-03-11T07:28:00.842Z,DESKTOP-C332RF6$,SYSTEM,DESKTOP-C332RF6,Negotiate,5,LogOn,Success
2026-03-11T07:28:04.295Z,DESKTOP-C332RF6$,SYSTEM,DESKTOP-C332RF6,Negotiate,5,LogOn,Success
2026-03-11T07:28:11.157Z,DESKTOP-C332RF6$,SYSTEM,DESKTOP-C332RF6,Negotiate,5,LogOn,Success
2026-03-11T07:37:00.250Z,DESKTOP-C332RF6$,SYSTEM,DESKTOP-C332RF6,Negotiate,5,LogOn,Success
2026-03-11T07:43:09.714Z,DESKTOP-C332RF6$,SYSTEM,DESKTOP-C332RF6,Negotiate,5,LogOn,Success
2026-03-11T07:43:11.219Z,DESKTOP-C332RF6$,SYSTEM,DESKTOP-C332RF6,Negotiate,5,LogOn,Success
2026-03-11T07:45:31.481Z,DESKTOP-C332RF6$,UMFD-41,DESKTOP-C332RF6,Negotiate,2,LogOn,Success
2026-03-11T07:45:31.516Z,DESKTOP-C332RF6$,DWM-41,DESKTOP-C332RF6,Negotiate,2,LogOn,Success
2026-03-11T07:45:31.516Z,DESKTOP-C332RF6$,DWM-41,DESKTOP-C332RF6,Negotiate,2,LogOn,Success
2026-03-11T07:45:31.593Z,DESKTOP-C332RF6$,SYSTEM,DESKTOP-C332RF6,Negotiate,5,LogOn,Success
2026-03-11T07:45:31.672Z,DESKTOP-C332RF6$,SYSTEM,DESKTOP-C332RF6,Negotiate,5,LogOn,Success
2026-03-11T07:45:37.153Z,,UMFD-40,DESKTOP-C332RF6,,2,LogOff,LogOff
2026-03-11T07:45:37.219Z,DESKTOP-C332RF6$,SYSTEM,DESKTOP-C332RF6,Negotiate,5,LogOn,Success
2026-03-11T07:45:38.173Z,DESKTOP-C332RF6$,SYSTEM,DESKTOP-C332RF6,Negotiate,5,LogOn,Success
2026-03-11T15:07:16.021Z,DESKTOP-C332RF6$,SYSTEM,DESKTOP-C332RF6,Negotiate,5,LogOn,Success
2026-03-11T15:07:16.596Z,,DWM-40,DESKTOP-C332RF6,,2,LogOff,LogOff
2026-03-11T15:07:16.596Z,,DWM-40,DESKTOP-C332RF6,,2,LogOff,LogOff
2026-03-11T15:07:18.126Z,DESKTOP-C332RF6$,SYSTEM,DESKTOP-C332RF6,Negotiate,5,LogOn,Success
2026-03-11T15:07:18.328Z,DESKTOP-C332RF6$,PC,DESKTOP-C332RF6,Negotiate,2,LogOn,Success
2026-03-11T15:07:18.328Z,DESKTOP-C332RF6$,PC,DESKTOP-C332RF6,Negotiate,2,LogOn,Success
2026-03-11T15:07:21.037Z,DESKTOP-C332RF6$,SYSTEM,DESKTOP-C332RF6,Negotiate,5,LogOn,Success
2026-03-11T15:07:28.261Z,DESKTOP-C332RF6$,SYSTEM,DESKTOP-C332RF6,Negotiate,5,LogOn,Success
2026-03-11T15:07:59.948Z,DESKTOP-C332RF6$,SYSTEM,DESKTOP-C332RF6,Negotiate,5,LogOn,Success
2026-03-11T15:08:21.439Z,DESKTOP-C332RF6$,SYSTEM,DESKTOP-C332RF6,Negotiate,5,LogOn,Success
2026-03-11T15:09:06.126Z,DESKTOP-C332RF6$,SYSTEM,DESKTOP-C332RF6,Negotiate,5,LogOn,Success
2026-03-11T15:16:51.142Z,DESKTOP-C332RF6$,SYSTEM,DESKTOP-C332RF6,Negotiate,5,LogOn,Success
2026-03-11T15:17:17.457Z,DESKTOP-C332RF6$,SYSTEM,DESKTOP-C332RF6,Negotiate,5,LogOn,Success
2026-03-11T15:19:59.339Z,DESKTOP-C332RF6$,SYSTEM,DESKTOP-C332RF6,Negotiate,5,LogOn,Success
2026-03-11T15:22:19.739Z,DESKTOP-C332RF6$,SYSTEM,DESKTOP-C332RF6,Negotiate,5,LogOn,Success
2026-03-11T15:23:12.921Z,DESKTOP-C332RF6$,SYSTEM,DESKTOP-C332RF6,Negotiate,5,LogOn,Success
2026-03-11T15:23:13.032Z,DESKTOP-C332RF6$,SYSTEM,DESKTOP-C332RF6,Negotiate,5,LogOn,Success
2026-03-11T15:28:04.495Z,DESKTOP-C332RF6$,SYSTEM,DESKTOP-C332RF6,Negotiate,5,LogOn,Success
2026-03-11T15:32:09.797Z,DESKTOP-C332RF6$,SYSTEM,DESKTOP-C332RF6,Negotiate,5,LogOn,Success
2026-03-11T15:35:40.524Z,DESKTOP-C332RF6$,SYSTEM,DESKTOP-C332RF6,Negotiate,5,LogOn,Success
2026-03-11T15:35:40.751Z,DESKTOP-C332RF6$,SYSTEM,DESKTOP-C332RF6,Negotiate,5,LogOn,Success
2026-03-11T15:40:03.333Z,DESKTOP-C332RF6$,SYSTEM,DESKTOP-C332RF6,Negotiate,5,LogOn,Success
2026-03-11T15:44:28.402Z,DESKTOP-C332RF6$,SYSTEM,DESKTOP-C332RF6,Negotiate,5,LogOn,Success
2026-03-11T15:52:20.926Z,DESKTOP-C332RF6$,SYSTEM,DESKTOP-C332RF6,Negotiate,5,LogOn,Success
2026-03-11T15:52:22.139Z,DESKTOP-C332RF6$,SYSTEM,DESKTOP-C332RF6,Negotiate,5,LogOn,Success
2026-03-11T15:56:47.729Z,DESKTOP-C332RF6$,SYSTEM,DESKTOP-C332RF6,Negotiate,5,LogOn,Success
2026-03-11T15:57:39.631Z,DESKTOP-C332RF6$,SYSTEM,DESKTOP-C332RF6,Negotiate,5,LogOn,Success
2026-03-11T16:07:03.718Z,DESKTOP-C332RF6$,SYSTEM,DESKTOP-C332RF6,Negotiate,5,LogOn,Success
2026-03-11T16:08:41.876Z,DESKTOP-C332RF6$,SYSTEM,DESKTOP-C332RF6,Negotiate,5,LogOn,Success
2026-03-11T16:13:16.323Z,DESKTOP-C332RF6$,SYSTEM,DESKTOP-C332RF6,Negotiate,5,LogOn,Success
2026-03-11T16:16:52.027Z,DESKTOP-C332RF6$,SYSTEM,DESKTOP-C332RF6,Negotiate,5,LogOn,Success
2026-03-11T16:24:14.385Z,DESKTOP-C332RF6$,SYSTEM,DESKTOP-C332RF6,Negotiate,5,LogOn,Success
2026-03-11T16:24:14.903Z,DESKTOP-C332RF6$,SYSTEM,DESKTOP-C332RF6,Negotiate,5,LogOn,Success
2026-03-11T16:24:15.027Z,DESKTOP-C332RF6$,SYSTEM,DESKTOP-C332RF6,Negotiate,5,LogOn,Success
2026-03-11T16:38:12.935Z,DESKTOP-C332RF6$,SYSTEM,DESKTOP-C332RF6,Negotiate,5,LogOn,Success
2026-03-11T16:50:03.950Z,DESKTOP-C332RF6$,SYSTEM,DESKTOP-C332RF6,Negotiate,5,LogOn,Success
2026-03-11T17:01:01.422Z,DESKTOP-C332RF6$,SYSTEM,DESKTOP-C332RF6,Negotiate,5,LogOn,Success
2026-03-11T17:01:03.009Z,DESKTOP-C332RF6$,SYSTEM,DESKTOP-C332RF6,Negotiate,5,LogOn,Success
2026-03-11T17:05:13.721Z,DESKTOP-C332RF6$,SYSTEM,DESKTOP-C332RF6,Negotiate,5,LogOn,Success
2026-03-11T17:07:19.519Z,DESKTOP-C332RF6$,SYSTEM,DESKTOP-C332RF6,Negotiate,5,LogOn,Success
2026-03-11T17:07:19.559Z,DESKTOP-C332RF6$,SYSTEM,DESKTOP-C332RF6,Negotiate,5,LogOn,Success
2026-03-11T17:07:23.060Z,DESKTOP-C332RF6$,SYSTEM,DESKTOP-C332RF6,Negotiate,5,LogOn,Success
2026-03-11T17:13:15.446Z,DESKTOP-C332RF6$,SYSTEM,DESKTOP-C332RF6,Negotiate,5,LogOn,Success
2026-03-11T17:16:52.879Z,DESKTOP-C332RF6$,SYSTEM,DESKTOP-C332RF6,Negotiate,5,LogOn,Success
2026-03-11T17:22:07.586Z,DESKTOP-C332RF6$,SYSTEM,DESKTOP-C332RF6,Negotiate,5,LogOn,Success
2026-03-11T17:22:08.635Z,DESKTOP-C332RF6$,SYSTEM,DESKTOP-C332RF6,Negotiate,5,LogOn,Success
2026-03-11T17:29:24.313Z,DESKTOP-C332RF6$,SYSTEM,DESKTOP-C332RF6,Negotiate,5,LogOn,Success
2026-03-11T17:37:24.490Z,DESKTOP-C332RF6$,SYSTEM,DESKTOP-C332RF6,Negotiate,5,LogOn,Success
2026-03-11T17:40:36.613Z,DESKTOP-C332RF6$,SYSTEM,DESKTOP-C332RF6,Negotiate,5,LogOn,Success
2026-03-11T17:59:15.813Z,DESKTOP-C332RF6$,SYSTEM,DESKTOP-C332RF6,Negotiate,5,LogOn,Success
2026-03-11T17:59:17.668Z,DESKTOP-C332RF6$,SYSTEM,DESKTOP-C332RF6,Negotiate,5,LogOn,Success
2026-03-11T17:59:21.297Z,DESKTOP-C332RF6$,SYSTEM,DESKTOP-C332RF6,Negotiate,5,LogOn,Success
2026-03-11T18:03:41.550Z,DESKTOP-C332RF6$,SYSTEM,DESKTOP-C332RF6,Negotiate,5,LogOn,Success
2026-03-11T18:03:41.962Z,DESKTOP-C332RF6$,SYSTEM,DESKTOP-C332RF6,Negotiate,5,LogOn,Success
2026-03-11T18:05:29.059Z,DESKTOP-C332RF6$,SYSTEM,DESKTOP-C332RF6,Negotiate,5,LogOn,Success
2026-03-11T18:05:30.752Z,DESKTOP-C332RF6$,SYSTEM,DESKTOP-C332RF6,Negotiate,5,LogOn,Success
2026-03-11T18:08:26.493Z,DESKTOP-C332RF6$,SYSTEM,DESKTOP-C332RF6,Negotiate,5,LogOn,Success
2026-03-11T18:11:19.039Z,DESKTOP-C332RF6$,SYSTEM,DESKTOP-C332RF6,Negotiate,5,LogOn,Success
2026-03-11T18:14:41.074Z,DESKTOP-C332RF6$,SYSTEM,DESKTOP-C332RF6,Negotiate,5,LogOn,Success
2026-03-11T18:16:53.231Z,DESKTOP-C332RF6$,SYSTEM,DESKTOP-C332RF6,Negotiate,5,LogOn,Success
2026-03-11T18:23:07.993Z,DESKTOP-C332RF6$,SYSTEM,DESKTOP-C332RF6,Negotiate,5,LogOn,Success
2026-03-11T18:29:11.347Z,DESKTOP-C332RF6$,SYSTEM,DESKTOP-C332RF6,Negotiate,5,LogOn,Success
2026-03-11T18:38:21.011Z,DESKTOP-C332RF6$,SYSTEM,DESKTOP-C332RF6,Negotiate,5,LogOn,Success
2026-03-11T18:39:08.280Z,DESKTOP-C332RF6$,SYSTEM,DESKTOP-C332RF6,Negotiate,5,LogOn,Success
2026-03-11T18:50:08.422Z,DESKTOP-C332RF6$,SYSTEM,DESKTOP-C332RF6,Negotiate,5,LogOn,Success
2026-03-11T18:58:51.042Z,DESKTOP-C332RF6$,SYSTEM,DESKTOP-C332RF6,Negotiate,5,LogOn,Success
2026-03-11T18:58:52.007Z,DESKTOP-C332RF6$,SYSTEM,DESKTOP-C332RF6,Negotiate,5,LogOn,Success
2026-03-11T19:02:53.148Z,DESKTOP-C332RF6$,SYSTEM,DESKTOP-C332RF6,Negotiate,5,LogOn,Success
2026-03-11T19:03:13.817Z,DESKTOP-C332RF6$,SYSTEM,DESKTOP-C332RF6,Negotiate,5,LogOn,Success
2026-03-11T19:03:33.850Z,DESKTOP-C332RF6$,SYSTEM,DESKTOP-C332RF6,Negotiate,5,LogOn,Success
2026-03-11T19:03:33.884Z,DESKTOP-C332RF6$,SYSTEM,DESKTOP-C332RF6,Negotiate,5,LogOn,Success
2026-03-11T19:03:56.481Z,DESKTOP-C332RF6$,SYSTEM,DESKTOP-C332RF6,Negotiate,5,LogOn,Success
2026-03-11T19:17:01.109Z,DESKTOP-C332RF6$,SYSTEM,DESKTOP-C332RF6,Negotiate,5,LogOn,Success
2026-03-11T19:18:57.146Z,DESKTOP-C332RF6$,SYSTEM,DESKTOP-C332RF6,Negotiate,5,LogOn,Success
2026-03-11T19:20:21.280Z,DESKTOP-C332RF6$,SYSTEM,DESKTOP-C332RF6,Negotiate,5,LogOn,Success
2026-03-11T19:20:21.362Z,DESKTOP-C332RF6$,SYSTEM,DESKTOP-C332RF6,Negotiate,5,LogOn,Success
2026-03-11T19:20:22.993Z,DESKTOP-C332RF6$,SYSTEM,DESKTOP-C332RF6,Negotiate,5,LogOn,Success
2026-03-11T19:20:23.731Z,DESKTOP-C332RF6$,SYSTEM,DESKTOP-C332RF6,Negotiate,5,LogOn,Success
2026-03-11T19:32:01.970Z,DESKTOP-C332RF6$,SYSTEM,DESKTOP-C332RF6,Negotiate,5,LogOn,Success
2026-03-11T20:17:01.357Z,DESKTOP-C332RF6$,SYSTEM,DESKTOP-C332RF6,Negotiate,5,LogOn,Success
2026-03-11T20:32:30.884Z,DESKTOP-C332RF6$,SYSTEM,DESKTOP-C332RF6,Negotiate,5,LogOn,Success
2026-03-11T20:45:20.149Z,DESKTOP-C332RF6$,SYSTEM,DESKTOP-C332RF6,Negotiate,5,LogOn,Success
2026-03-11T21:05:12.718Z,DESKTOP-C332RF6$,SYSTEM,DESKTOP-C332RF6,Negotiate,5,LogOn,Success
2026-03-11T21:05:12.933Z,DESKTOP-C332RF6$,SYSTEM,DESKTOP-C332RF6,Negotiate,5,LogOn,Success
2026-03-11T21:05:13.000Z,DESKTOP-C332RF6$,SYSTEM,DESKTOP-C332RF6,Negotiate,5,LogOn,Success
2026-03-11T21:05:14.336Z,DESKTOP-C332RF6$,SYSTEM,DESKTOP-C332RF6,Negotiate,5,LogOn,Success
2026-03-11T21:05:14.679Z,DESKTOP-C332RF6$,SYSTEM,DESKTOP-C332RF6,Negotiate,5,LogOn,Success
2026-03-11T21:05:15.852Z,DESKTOP-C332RF6$,SYSTEM,DESKTOP-C332RF6,Negotiate,5,LogOn,Success
2026-03-11T21:05:19.761Z,DESKTOP-C332RF6$,PC,DESKTOP-C332RF6,Negotiate,2,LogOn,Success
2026-03-11T21:05:19.761Z,DESKTOP-C332RF6$,PC,DESKTOP-C332RF6,Negotiate,2,LogOn,Success
2026-03-11T21:05:19.762Z,,PC,DESKTOP-C332RF6,,2,LogOff,LogOff
2026-02-21T11:20:43.592Z,DESKTOP-C332RF6$,SYSTEM,DESKTOP-C332RF6,Negotiate,5,LogOn,Success
2026-02-21T11:29:54.050Z,DESKTOP-C332RF6$,SYSTEM,DESKTOP-C332RF6,Negotiate,5,LogOn,Success
2026-02-21T11:30:15.360Z,DESKTOP-C332RF6$,SYSTEM,DESKTOP-C332RF6,Negotiate,5,LogOn,Success
2026-02-21T11:35:53.426Z,DESKTOP-C332RF6$,SYSTEM,DESKTOP-C332RF6,Negotiate,5,LogOn,Success
2026-02-21T11:37:29.479Z,DESKTOP-C332RF6$,SYSTEM,DESKTOP-C332RF6,Negotiate,5,LogOn,Success
2026-02-21T11:38:42.966Z,DESKTOP-C332RF6$,SYSTEM,DESKTOP-C332RF6,Negotiate,5,LogOn,Success
2026-02-21T11:39:03.189Z,DESKTOP-C332RF6$,SYSTEM,DESKTOP-C332RF6,Negotiate,5,LogOn,Success
2026-02-21T11:39:03.288Z,DESKTOP-C332RF6$,SYSTEM,DESKTOP-C332RF6,Negotiate,5,LogOn,Success
2026-02-21T11:39:04.264Z,DESKTOP-C332RF6$,SYSTEM,DESKTOP-C332RF6,Negotiate,5,LogOn,Success
2026-02-21T11:39:16.769Z,DESKTOP-C332RF6$,SYSTEM,DESKTOP-C332RF6,Negotiate,5,LogOn,Success
2026-02-21T11:39:19.997Z,DESKTOP-C332RF6$,SYSTEM,DESKTOP-C332RF6,Negotiate,5,LogOn,Success
2026-02-21T11:54:22.231Z,DESKTOP-C332RF6$,SYSTEM,DESKTOP-C332RF6,Negotiate,5,LogOn,Success
2026-02-21T11:59:48.180Z,DESKTOP-C332RF6$,SYSTEM,DESKTOP-C332RF6,Negotiate,5,LogOn,Success
2026-02-21T12:02:01.153Z,DESKTOP-C332RF6$,SYSTEM,DESKTOP-C332RF6,Negotiate,5,LogOn,Success
2026-02-21T12:02:01.711Z,DESKTOP-C332RF6$,SYSTEM,DESKTOP-C332RF6,Negotiate,5,LogOn,Success
2026-02-21T12:02:02.700Z,DESKTOP-C332RF6$,SYSTEM,DESKTOP-C332RF6,Negotiate,5,LogOn,Success
2026-02-21T12:02:03.005Z,DESKTOP-C332RF6$,SYSTEM,DESKTOP-C332RF6,Negotiate,5,LogOn,Success
2026-02-19T19:57:24.449Z,DESKTOP-C332RF6$,SYSTEM,DESKTOP-C332RF6,Negotiate,5,LogOn,Success
2026-02-19T20:08:47.955Z,DESKTOP-C332RF6$,SYSTEM,DESKTOP-C332RF6,Negotiate,5,LogOn,Success
2026-02-19T20:14:16.900Z,DESKTOP-C332RF6$,SYSTEM,DESKTOP-C332RF6,Negotiate,5,LogOn,Success
2026-02-19T20:55:24.559Z,DESKTOP-C332RF6$,SYSTEM,DESKTOP-C332RF6,Negotiate,5,LogOn,Success
2026-02-19T20:55:25.271Z,DESKTOP-C332RF6$,SYSTEM,DESKTOP-C332RF6,Negotiate,5,LogOn,Success
2026-02-19T20:55:25.883Z,DESKTOP-C332RF6$,SYSTEM,DESKTOP-C332RF6,Negotiate,5,LogOn,Success
2026-02-19T20:55:25.885Z,DESKTOP-C332RF6$,SYSTEM,DESKTOP-C332RF6,Negotiate,5,LogOn,Success
2026-02-19T20:55:25.886Z,DESKTOP-C332RF6$,SYSTEM,DESKTOP-C332RF6,Negotiate,5,LogOn,Success
2026-02-19T20:55:25.889Z,DESKTOP-C332RF6$,SYSTEM,DESKTOP-C332RF6,Negotiate,5,LogOn,Success
2026-02-19T20:55:25.891Z,DESKTOP-C332RF6$,SYSTEM,DESKTOP-C332RF6,Negotiate,5,LogOn,Success
2026-02-19T20:55:28.856Z,DESKTOP-C332RF6$,SYSTEM,DESKTOP-C332RF6,Negotiate,5,LogOn,Success
2026-02-19T20:55:29.074Z,DESKTOP-C332RF6$,PC,DESKTOP-C332RF6,Negotiate,2,LogOn,Success
2026-02-19T20:55:29.074Z,DESKTOP-C332RF6$,PC,DESKTOP-C332RF6,Negotiate,2,LogOn,Success
2026-02-19T20:55:29.075Z,,PC,DESKTOP-C332RF6,,2,LogOff,LogOff
2026-02-19T20:55:29.075Z,,PC,DESKTOP-C332RF6,,2,LogOff,LogOff
2026-02-19T20:55:41.999Z,DESKTOP-C332RF6$,SYSTEM,DESKTOP-C332RF6,Negotiate,5,LogOn,Success
2026-02-19T20:55:42.728Z,DESKTOP-C332RF6$,SYSTEM,DESKTOP-C332RF6,Negotiate,5,LogOn,Success
2026-02-19T20:56:24.197Z,DESKTOP-C332RF6$,SYSTEM,DESKTOP-C332RF6,Negotiate,5,LogOn,Success
2026-02-19T20:56:44.651Z,DESKTOP-C332RF6$,SYSTEM,DESKTOP-C332RF6,Negotiate,5,LogOn,Success
2026-02-19T20:56:44.671Z,DESKTOP-C332RF6$,SYSTEM,DESKTOP-C332RF6,Negotiate,5,LogOn,Success
2026-02-19T20:56:44.799Z,DESKTOP-C332RF6$,SYSTEM,DESKTOP-C332RF6,Negotiate,5,LogOn,Success
2026-02-19T20:57:08.450Z,DESKTOP-C332RF6$,UMFD-6,DESKTOP-C332RF6,Negotiate,2,LogOn,Success
2026-02-19T20:57:08.491Z,DESKTOP-C332RF6$,DWM-6,DESKTOP-C332RF6,Negotiate,2,LogOn,Success
2026-02-19T20:57:08.491Z,DESKTOP-C332RF6$,DWM-6,DESKTOP-C332RF6,Negotiate,2,LogOn,Success
2026-02-19T20:57:08.595Z,DESKTOP-C332RF6$,SYSTEM,DESKTOP-C332RF6,Negotiate,5,LogOn,Success
2026-02-19T20:57:17.455Z,DESKTOP-C332RF6$,SYSTEM,DESKTOP-C332RF6,Negotiate,5,LogOn,Success
2026-02-19T20:57:17.762Z,,UMFD-5,DESKTOP-C332RF6,,2,LogOff,LogOff
2026-02-19T20:57:20.901Z,,DWM-5,DESKTOP-C332RF6,,2,LogOff,LogOff
2026-02-19T20:57:20.901Z,,DWM-5,DESKTOP-C332RF6,,2,LogOff,LogOff
2026-02-19T20:57:21.262Z,DESKTOP-C332RF6$,SYSTEM,DESKTOP-C332RF6,Negotiate,5,LogOn,Success
2026-02-20T11:29:55.559Z,DESKTOP-C332RF6$,PC,DESKTOP-C332RF6,Negotiate,2,LogOn,Success
2026-02-20T11:29:55.559Z,DESKTOP-C332RF6$,PC,DESKTOP-C332RF6,Negotiate,2,LogOn,Success
2026-02-20T11:30:04.781Z,DESKTOP-C332RF6$,SYSTEM,DESKTOP-C332RF6,Negotiate,5,LogOn,Success
2026-02-20T11:31:40.672Z,DESKTOP-C332RF6$,SYSTEM,DESKTOP-C332RF6,Negotiate,5,LogOn,Success
2026-02-20T11:34:16.488Z,DESKTOP-C332RF6$,SYSTEM,DESKTOP-C332RF6,Negotiate,5,LogOn,Success
2026-02-20T11:34:59.792Z,DESKTOP-C332RF6$,SYSTEM,DESKTOP-C332RF6,Negotiate,5,LogOn,Success
2026-02-20T11:35:53.319Z,DESKTOP-C332RF6$,SYSTEM,DESKTOP-C332RF6,Negotiate,5,LogOn,Success
2026-02-20T11:35:53.365Z,DESKTOP-C332RF6$,SYSTEM,DESKTOP-C332RF6,Negotiate,5,LogOn,Success
2026-02-20T11:35:53.392Z,DESKTOP-C332RF6$,SYSTEM,DESKTOP-C332RF6,Negotiate,5,LogOn,Success
2026-02-20T11:37:36.586Z,DESKTOP-C332RF6$,SYSTEM,DESKTOP-C332RF6,Negotiate,5,LogOn,Success
2026-02-20T11:40:22.277Z,DESKTOP-C332RF6$,SYSTEM,DESKTOP-C332RF6,Negotiate,5,LogOn,Success
2026-02-20T11:42:47.134Z,DESKTOP-C332RF6$,SYSTEM,DESKTOP-C332RF6,Negotiate,5,LogOn,Success
2026-02-20T11:42:50.435Z,DESKTOP-C332RF6$,SYSTEM,DESKTOP-C332RF6,Negotiate,5,LogOn,Success
2026-02-20T11:44:56.954Z,DESKTOP-C332RF6$,SYSTEM,DESKTOP-C332RF6,Negotiate,5,LogOn,Success
2026-02-20T11:45:06.463Z,DESKTOP-C332RF6$,SYSTEM,DESKTOP-C332RF6,Negotiate,5,LogOn,Success
2026-02-20T11:45:06.802Z,DESKTOP-C332RF6$,SYSTEM,DESKTOP-C332RF6,Negotiate,5,LogOn,Success
2026-02-20T11:45:16.704Z,DESKTOP-C332RF6$,SYSTEM,DESKTOP-C332RF6,Negotiate,5,LogOn,Success
2026-02-20T11:47:12.966Z,DESKTOP-C332RF6$,SYSTEM,DESKTOP-C332RF6,Negotiate,5,LogOn,Success
2026-02-20T11:57:14.975Z,DESKTOP-C332RF6$,SYSTEM,DESKTOP-C332RF6,Negotiate,5,LogOn,Success
2026-02-20T12:01:02.721Z,DESKTOP-C332RF6$,SYSTEM,DESKTOP-C332RF6,Negotiate,5,LogOn,Success
2026-02-20T12:02:16.643Z,DESKTOP-C332RF6$,SYSTEM,DESKTOP-C332RF6,Negotiate,5,LogOn,Success
2026-02-20T12:18:45.958Z,DESKTOP-C332RF6$,SYSTEM,DESKTOP-C332RF6,Negotiate,5,LogOn,Success
2026-02-20T12:34:17.156Z,DESKTOP-C332RF6$,SYSTEM,DESKTOP-C332RF6,Negotiate,5,LogOn,Success
2026-02-20T12:35:53.315Z,DESKTOP-C332RF6$,SYSTEM,DESKTOP-C332RF6,Negotiate,5,LogOn,Success
2026-02-20T12:42:35.763Z,DESKTOP-C332RF6$,SYSTEM,DESKTOP-C332RF6,Negotiate,5,LogOn,Success
2026-02-20T12:47:24.359Z,DESKTOP-C332RF6$,SYSTEM,DESKTOP-C332RF6,Negotiate,5,LogOn,Success
2026-02-20T13:08:45.180Z,DESKTOP-C332RF6$,SYSTEM,DESKTOP-C332RF6,Negotiate,5,LogOn,Success
2026-02-20T13:08:46.767Z,DESKTOP-C332RF6$,SYSTEM,DESKTOP-C332RF6,Negotiate,5,LogOn,Success
2026-02-20T13:08:56.944Z,DESKTOP-C332RF6$,SYSTEM,DESKTOP-C332RF6,Negotiate,5,LogOn,Success
2026-02-20T13:08:57.937Z,DESKTOP-C332RF6$,SYSTEM,DESKTOP-C332RF6,Negotiate,5,LogOn,Success
2026-02-20T13:11:45.846Z,DESKTOP-C332RF6$,SYSTEM,DESKTOP-C332RF6,Negotiate,5,LogOn,Success
2026-02-20T13:15:18.095Z,DESKTOP-C332RF6$,SYSTEM,DESKTOP-C332RF6,Negotiate,5,LogOn,Success
2026-02-20T13:19:39.395Z,DESKTOP-C332RF6$,SYSTEM,DESKTOP-C332RF6,Negotiate,5,LogOn,Success
2026-02-20T13:20:10.810Z,DESKTOP-C332RF6$,SYSTEM,DESKTOP-C332RF6,Negotiate,5,LogOn,Success
2026-02-20T13:23:24.455Z,DESKTOP-C332RF6$,SYSTEM,DESKTOP-C332RF6,Negotiate,5,LogOn,Success
2026-02-20T13:23:27.691Z,DESKTOP-C332RF6$,SYSTEM,DESKTOP-C332RF6,Negotiate,5,LogOn,Success
2026-02-20T13:26:27.662Z,DESKTOP-C332RF6$,SYSTEM,DESKTOP-C332RF6,Negotiate,5,LogOn,Success
2026-02-20T13:29:56.813Z,DESKTOP-C332RF6$,SYSTEM,DESKTOP-C332RF6,Negotiate,5,LogOn,Success
2026-02-20T13:29:56.855Z,DESKTOP-C332RF6$,SYSTEM,DESKTOP-C332RF6,Negotiate,5,LogOn,Success
2026-02-20T13:30:00.425Z,DESKTOP-C332RF6$,SYSTEM,DESKTOP-C332RF6,Negotiate,5,LogOn,Success
2026-02-20T13:32:06.813Z,DESKTOP-C332RF6$,SYSTEM,DESKTOP-C332RF6,Negotiate,5,LogOn,Success
2026-02-20T13:32:06.859Z,DESKTOP-C332RF6$,SYSTEM,DESKTOP-C332RF6,Negotiate,5,LogOn,Success
2026-02-20T13:32:57.541Z,DESKTOP-C332RF6$,SYSTEM,DESKTOP-C332RF6,Negotiate,5,LogOn,Success
2026-02-20T13:45:47.665Z,DESKTOP-C332RF6$,SYSTEM,DESKTOP-C332RF6,Negotiate,5,LogOn,Success
2026-02-20T13:45:49.699Z,DESKTOP-C332RF6$,SYSTEM,DESKTOP-C332RF6,Negotiate,5,LogOn,Success
2026-02-20T13:46:14.467Z,DESKTOP-C332RF6$,SYSTEM,DESKTOP-C332RF6,Negotiate,5,LogOn,Success
2026-02-20T13:51:16.790Z,DESKTOP-C332RF6$,SYSTEM,DESKTOP-C332RF6,Negotiate,5,LogOn,Success
2026-02-20T14:01:23.256Z,DESKTOP-C332RF6$,SYSTEM,DESKTOP-C332RF6,Negotiate,5,LogOn,Success
2026-02-20T14:01:24.851Z,DESKTOP-C332RF6$,SYSTEM,DESKTOP-C332RF6,Negotiate,5,LogOn,Success
2026-02-20T14:08:55.454Z,DESKTOP-C332RF6$,SYSTEM,DESKTOP-C332RF6,Negotiate,5,LogOn,Success
2026-02-20T14:18:45.788Z,DESKTOP-C332RF6$,SYSTEM,DESKTOP-C332RF6,Negotiate,5,LogOn,Success
2026-02-20T14:21:00.223Z,DESKTOP-C332RF6$,SYSTEM,DESKTOP-C332RF6,Negotiate,5,LogOn,Success
2026-02-20T14:25:17.087Z,DESKTOP-C332RF6$,SYSTEM,DESKTOP-C332RF6,Negotiate,5,LogOn,Success
2026-02-20T14:25:36.598Z,DESKTOP-C332RF6$,UMFD-7,DESKTOP-C332RF6,Negotiate,2,LogOn,Success
2026-02-20T14:25:36.638Z,DESKTOP-C332RF6$,DWM-7,DESKTOP-C332RF6,Negotiate,2,LogOn,Success
2026-02-20T14:25:36.638Z,DESKTOP-C332RF6$,DWM-7,DESKTOP-C332RF6,Negotiate,2,LogOn,Success
2026-02-20T14:25:36.642Z,DESKTOP-C332RF6$,SYSTEM,DESKTOP-C332RF6,Negotiate,5,LogOn,Success
2026-02-20T14:25:36.720Z,DESKTOP-C332RF6$,SYSTEM,DESKTOP-C332RF6,Negotiate,5,LogOn,Success
2026-02-20T14:25:41.561Z,,UMFD-6,DESKTOP-C332RF6,,2,LogOff,LogOff
2026-02-20T14:25:41.627Z,DESKTOP-C332RF6$,SYSTEM,DESKTOP-C332RF6,Negotiate,5,LogOn,Success
2026-02-20T14:25:42.698Z,DESKTOP-C332RF6$,SYSTEM,DESKTOP-C332RF6,Negotiate,5,LogOn,Success
2026-02-20T16:48:22.643Z,,DWM-6,DESKTOP-C332RF6,,2,LogOff,LogOff
2026-02-20T16:48:22.644Z,,DWM-6,DESKTOP-C332RF6,,2,LogOff,LogOff
2026-02-20T16:48:25.486Z,DESKTOP-C332RF6$,PC,DESKTOP-C332RF6,Negotiate,2,LogOn,Success
2026-02-20T16:48:25.486Z,DESKTOP-C332RF6$,PC,DESKTOP-C332RF6,Negotiate,2,LogOn,Success
2026-02-20T16:48:29.311Z,DESKTOP-C332RF6$,SYSTEM,DESKTOP-C332RF6,Negotiate,5,LogOn,Success
2026-02-20T16:48:30.425Z,DESKTOP-C332RF6$,SYSTEM,DESKTOP-C332RF6,Negotiate,5,LogOn,Success
2026-02-20T16:48:37.416Z,DESKTOP-C332RF6$,SYSTEM,DESKTOP-C332RF6,Negotiate,5,LogOn,Success
2026-02-20T16:49:34.839Z,DESKTOP-C332RF6$,SYSTEM,DESKTOP-C332RF6,Negotiate,5,LogOn,Success
2026-02-20T16:50:08.722Z,DESKTOP-C332RF6$,SYSTEM,DESKTOP-C332RF6,Negotiate,5,LogOn,Success
2026-02-20T16:52:54.128Z,DESKTOP-C332RF6$,SYSTEM,DESKTOP-C332RF6,Negotiate,5,LogOn,Success
2026-02-20T16:55:06.789Z,DESKTOP-C332RF6$,SYSTEM,DESKTOP-C332RF6,Negotiate,5,LogOn,Success
2026-02-20T16:55:06.861Z,DESKTOP-C332RF6$,SYSTEM,DESKTOP-C332RF6,Negotiate,5,LogOn,Success
2026-02-20T16:55:07.850Z,DESKTOP-C332RF6$,SYSTEM,DESKTOP-C332RF6,Negotiate,5,LogOn,Success
2026-02-20T16:55:40.357Z,DESKTOP-C332RF6$,SYSTEM,DESKTOP-C332RF6,Negotiate,5,LogOn,Success
2026-02-20T16:59:42.320Z,DESKTOP-C332RF6$,SYSTEM,DESKTOP-C332RF6,Negotiate,5,LogOn,Success
2026-02-20T17:03:26.967Z,DESKTOP-C332RF6$,SYSTEM,DESKTOP-C332RF6,Negotiate,5,LogOn,Success
2026-02-20T17:03:27.566Z,DESKTOP-C332RF6$,SYSTEM,DESKTOP-C332RF6,Negotiate,5,LogOn,Success
2026-02-20T17:03:28.055Z,DESKTOP-C332RF6$,SYSTEM,DESKTOP-C332RF6,Negotiate,5,LogOn,Success
2026-02-20T17:03:30.801Z,DESKTOP-C332RF6$,SYSTEM,DESKTOP-C332RF6,Negotiate,5,LogOn,Success
2026-02-20T17:03:53.660Z,DESKTOP-C332RF6$,SYSTEM,DESKTOP-C332RF6,Negotiate,5,LogOn,Success
2026-02-20T17:04:01.216Z,DESKTOP-C332RF6$,SYSTEM,DESKTOP-C332RF6,Negotiate,5,LogOn,Success
2026-02-20T17:17:45.157Z,DESKTOP-C332RF6$,SYSTEM,DESKTOP-C332RF6,Negotiate,5,LogOn,Success
2026-02-20T17:17:50.169Z,DESKTOP-C332RF6$,SYSTEM,DESKTOP-C332RF6,Negotiate,5,LogOn,Success
2026-02-20T17:17:50.256Z,DESKTOP-C332RF6$,SYSTEM,DESKTOP-C332RF6,Negotiate,5,LogOn,Success
2026-02-20T17:18:09.140Z,DESKTOP-C332RF6$,SYSTEM,DESKTOP-C332RF6,Negotiate,5,LogOn,Success
2026-02-20T17:18:10.115Z,DESKTOP-C332RF6$,SYSTEM,DESKTOP-C332RF6,Negotiate,5,LogOn,Success
2026-02-20T17:27:27.026Z,DESKTOP-C332RF6$,SYSTEM,DESKTOP-C332RF6,Negotiate,5,LogOn,Success
2026-02-20T17:27:47.775Z,DESKTOP-C332RF6$,SYSTEM,DESKTOP-C332RF6,Negotiate,5,LogOn,Success
2026-02-20T17:27:48.747Z,DESKTOP-C332RF6$,SYSTEM,DESKTOP-C332RF6,Negotiate,5,LogOn,Success
2026-02-20T17:31:20.661Z,DESKTOP-C332RF6$,SYSTEM,DESKTOP-C332RF6,Negotiate,5,LogOn,Success
2026-02-20T17:32:25.625Z,DESKTOP-C332RF6$,SYSTEM,DESKTOP-C332RF6,Negotiate,5,LogOn,Success
2026-02-20T17:42:35.757Z,DESKTOP-C332RF6$,SYSTEM,DESKTOP-C332RF6,Negotiate,5,LogOn,Success
2026-02-20T17:53:00.919Z,DESKTOP-C332RF6$,SYSTEM,DESKTOP-C332RF6,Negotiate,5,LogOn,Success
2026-02-20T17:59:55.712Z,DESKTOP-C332RF6$,SYSTEM,DESKTOP-C332RF6,Negotiate,5,LogOn,Success
2026-02-20T18:03:27.427Z,DESKTOP-C332RF6$,SYSTEM,DESKTOP-C332RF6,Negotiate,5,LogOn,Success
2026-02-20T18:03:27.895Z,DESKTOP-C332RF6$,SYSTEM,DESKTOP-C332RF6,Negotiate,5,LogOn,Success
2026-02-20T18:03:28.880Z,DESKTOP-C332RF6$,SYSTEM,DESKTOP-C332RF6,Negotiate,5,LogOn,Success
2026-02-20T18:03:31.083Z,DESKTOP-C332RF6$,SYSTEM,DESKTOP-C332RF6,Negotiate,5,LogOn,Success
2026-02-20T18:09:27.730Z,DESKTOP-C332RF6$,SYSTEM,DESKTOP-C332RF6,Negotiate,5,LogOn,Success
2026-02-20T18:52:59.993Z,DESKTOP-C332RF6$,SYSTEM,DESKTOP-C332RF6,Negotiate,5,LogOn,Success
2026-02-20T18:55:22.239Z,DESKTOP-C332RF6$,SYSTEM,DESKTOP-C332RF6,Negotiate,5,LogOn,Success
2026-02-20T18:55:22.664Z,DESKTOP-C332RF6$,SYSTEM,DESKTOP-C332RF6,Negotiate,5,LogOn,Success
2026-02-20T18:55:23.641Z,DESKTOP-C332RF6$,SYSTEM,DESKTOP-C332RF6,Negotiate,5,LogOn,Success
2026-02-20T18:55:23.642Z,DESKTOP-C332RF6$,SYSTEM,DESKTOP-C332RF6,Negotiate,5,LogOn,Success
2026-02-20T18:55:23.808Z,DESKTOP-C332RF6$,SYSTEM,DESKTOP-C332RF6,Negotiate,5,LogOn,Success
2026-02-20T18:55:23.893Z,DESKTOP-C332RF6$,SYSTEM,DESKTOP-C332RF6,Negotiate,5,LogOn,Success
2026-02-20T18:55:25.506Z,DESKTOP-C332RF6$,SYSTEM,DESKTOP-C332RF6,Negotiate,5,LogOn,Success
2026-02-20T18:55:28.451Z,DESKTOP-C332RF6$,SYSTEM,DESKTOP-C332RF6,Negotiate,5,LogOn,Success
2026-02-20T19:09:31.039Z,DESKTOP-C332RF6$,SYSTEM,DESKTOP-C332RF6,Negotiate,5,LogOn,Success
2026-02-20T19:53:03.778Z,DESKTOP-C332RF6$,SYSTEM,DESKTOP-C332RF6,Negotiate,5,LogOn,Success
2026-02-20T19:53:04.170Z,DESKTOP-C332RF6$,SYSTEM,DESKTOP-C332RF6,Negotiate,5,LogOn,Success
2026-02-20T19:53:06.506Z,DESKTOP-C332RF6$,SYSTEM,DESKTOP-C332RF6,Negotiate,5,LogOn,Success
2026-02-20T19:53:06.951Z,DESKTOP-C332RF6$,SYSTEM,DESKTOP-C332RF6,Negotiate,5,LogOn,Success
2026-02-20T19:53:13.694Z,DESKTOP-C332RF6$,SYSTEM,DESKTOP-C332RF6,Negotiate,5,LogOn,Success
2026-02-20T20:09:31.781Z,DESKTOP-C332RF6$,SYSTEM,DESKTOP-C332RF6,Negotiate,5,LogOn,Success
2026-02-20T20:53:01.647Z,DESKTOP-C332RF6$,SYSTEM,DESKTOP-C332RF6,Negotiate,5,LogOn,Success
2026-02-20T21:06:27.270Z,DESKTOP-C332RF6$,SYSTEM,DESKTOP-C332RF6,Negotiate,5,LogOn,Success
2026-02-20T21:09:48.498Z,DESKTOP-C332RF6$,SYSTEM,DESKTOP-C332RF6,Negotiate,5,LogOn,Success
2026-02-20T21:53:05.052Z,DESKTOP-C332RF6$,SYSTEM,DESKTOP-C332RF6,Negotiate,5,LogOn,Success
2026-02-20T22:10:16.728Z,DESKTOP-C332RF6$,SYSTEM,DESKTOP-C332RF6,Negotiate,5,LogOn,Success
2026-02-20T22:16:39.504Z,DESKTOP-C332RF6$,SYSTEM,DESKTOP-C332RF6,Negotiate,5,LogOn,Success
2026-02-20T22:16:39.758Z,DESKTOP-C332RF6$,SYSTEM,DESKTOP-C332RF6,Negotiate,5,LogOn,Success
2026-02-20T22:16:39.799Z,DESKTOP-C332RF6$,SYSTEM,DESKTOP-C332RF6,Negotiate,5,LogOn,Success
2026-02-20T22:16:39.884Z,DESKTOP-C332RF6$,SYSTEM,DESKTOP-C332RF6,Negotiate,5,LogOn,Success
2026-02-20T22:16:40.104Z,DESKTOP-C332RF6$,SYSTEM,DESKTOP-C332RF6,Negotiate,5,LogOn,Success
2026-02-20T22:16:40.614Z,DESKTOP-C332RF6$,SYSTEM,DESKTOP-C332RF6,Negotiate,5,LogOn,Success
2026-02-20T22:16:40.826Z,DESKTOP-C332RF6$,SYSTEM,DESKTOP-C332RF6,Negotiate,5,LogOn,Success
2026-02-20T22:16:41.061Z,DESKTOP-C332RF6$,SYSTEM,DESKTOP-C332RF6,Negotiate,5,LogOn,Success
2026-02-20T22:16:41.255Z,DESKTOP-C332RF6$,SYSTEM,DESKTOP-C332RF6,Negotiate,5,LogOn,Success
2026-02-20T22:16:43.505Z,DESKTOP-C332RF6$,PC,DESKTOP-C332RF6,Negotiate,2,LogOn,Success
2026-02-20T22:16:43.505Z,DESKTOP-C332RF6$,PC,DESKTOP-C332RF6,Negotiate,2,LogOn,Success
2026-02-20T22:16:43.506Z,,PC,DESKTOP-C332RF6,,2,LogOff,LogOff
2026-02-20T22:16:43.507Z,,PC,DESKTOP-C332RF6,,2,LogOff,LogOff
2026-02-20T22:16:49.955Z,DESKTOP-C332RF6$,UMFD-8,DESKTOP-C332RF6,Negotiate,2,LogOn,Success
2026-02-20T22:16:49.988Z,DESKTOP-C332RF6$,DWM-8,DESKTOP-C332RF6,Negotiate,2,LogOn,Success
2026-02-20T22:16:49.988Z,DESKTOP-C332RF6$,DWM-8,DESKTOP-C332RF6,Negotiate,2,LogOn,Success
2026-02-20T22:16:50.006Z,DESKTOP-C332RF6$,SYSTEM,DESKTOP-C332RF6,Negotiate,5,LogOn,Success
2026-02-20T22:16:50.874Z,DESKTOP-C332RF6$,SYSTEM,DESKTOP-C332RF6,Negotiate,5,LogOn,Success
2026-02-20T22:16:51.257Z,DESKTOP-C332RF6$,SYSTEM,DESKTOP-C332RF6,Negotiate,5,LogOn,Success
2026-02-20T22:16:54.596Z,DESKTOP-C332RF6$,SYSTEM,DESKTOP-C332RF6,Negotiate,5,LogOn,Success
2026-02-20T22:16:59.483Z,,UMFD-7,DESKTOP-C332RF6,,2,LogOff,LogOff
2026-02-20T22:17:00.723Z,,DWM-7,DESKTOP-C332RF6,,2,LogOff,LogOff
2026-02-20T22:17:00.723Z,,DWM-7,DESKTOP-C332RF6,,2,LogOff,LogOff
2026-02-21T10:06:36.549Z,DESKTOP-C332RF6$,PC,DESKTOP-C332RF6,Negotiate,2,LogOn,Success
2026-02-21T10:06:36.549Z,DESKTOP-C332RF6$,PC,DESKTOP-C332RF6,Negotiate,2,LogOn,Success
2026-02-21T10:06:44.087Z,DESKTOP-C332RF6$,SYSTEM,DESKTOP-C332RF6,Negotiate,5,LogOn,Success
2026-02-21T10:06:47.192Z,DESKTOP-C332RF6$,SYSTEM,DESKTOP-C332RF6,Negotiate,5,LogOn,Success
2026-02-21T10:06:47.633Z,DESKTOP-C332RF6$,SYSTEM,DESKTOP-C332RF6,Negotiate,5,LogOn,Success
2026-02-21T10:06:53.740Z,DESKTOP-C332RF6$,SYSTEM,DESKTOP-C332RF6,Negotiate,5,LogOn,Success
2026-02-21T10:10:57.256Z,DESKTOP-C332RF6$,SYSTEM,DESKTOP-C332RF6,Negotiate,5,LogOn,Success
2026-02-21T10:12:07.959Z,DESKTOP-C332RF6$,SYSTEM,DESKTOP-C332RF6,Negotiate,5,LogOn,Success
2026-02-21T10:12:11.344Z,DESKTOP-C332RF6$,SYSTEM,DESKTOP-C332RF6,Negotiate,5,LogOn,Success
2026-02-21T10:12:33.717Z,DESKTOP-C332RF6$,SYSTEM,DESKTOP-C332RF6,Negotiate,5,LogOn,Success
2026-02-21T10:12:34.365Z,DESKTOP-C332RF6$,SYSTEM,DESKTOP-C332RF6,Negotiate,5,LogOn,Success
2026-02-21T10:12:34.412Z,DESKTOP-C332RF6$,SYSTEM,DESKTOP-C332RF6,Negotiate,5,LogOn,Success
2026-02-21T10:13:41.088Z,DESKTOP-C332RF6$,SYSTEM,DESKTOP-C332RF6,Negotiate,5,LogOn,Success
2026-02-21T10:16:38.585Z,DESKTOP-C332RF6$,SYSTEM,DESKTOP-C332RF6,Negotiate,5,LogOn,Success
2026-02-21T10:16:58.035Z,DESKTOP-C332RF6$,SYSTEM,DESKTOP-C332RF6,Negotiate,5,LogOn,Success
2026-02-21T10:17:05.163Z,DESKTOP-C332RF6$,SYSTEM,DESKTOP-C332RF6,Negotiate,5,LogOn,Success
2026-02-21T10:20:19.129Z,DESKTOP-C332RF6$,SYSTEM,DESKTOP-C332RF6,Negotiate,5,LogOn,Success
2026-02-21T10:20:20.158Z,DESKTOP-C332RF6$,SYSTEM,DESKTOP-C332RF6,Negotiate,5,LogOn,Success
2026-02-21T10:21:20.953Z,DESKTOP-C332RF6$,SYSTEM,DESKTOP-C332RF6,Negotiate,5,LogOn,Success
2026-02-21T10:21:37.785Z,DESKTOP-C332RF6$,SYSTEM,DESKTOP-C332RF6,Negotiate,5,LogOn,Success
2026-02-21T10:21:40.515Z,DESKTOP-C332RF6$,SYSTEM,DESKTOP-C332RF6,Negotiate,5,LogOn,Success
2026-02-21T10:22:01.072Z,DESKTOP-C332RF6$,SYSTEM,DESKTOP-C332RF6,Negotiate,5,LogOn,Success
2026-02-21T10:28:29.826Z,DESKTOP-C332RF6$,SYSTEM,DESKTOP-C332RF6,Negotiate,5,LogOn,Success
2026-02-21T10:29:20.171Z,DESKTOP-C332RF6$,SYSTEM,DESKTOP-C332RF6,Negotiate,5,LogOn,Success
2026-02-21T10:29:22.785Z,DESKTOP-C332RF6$,SYSTEM,DESKTOP-C332RF6,Negotiate,5,LogOn,Success
2026-02-21T10:32:59.815Z,DESKTOP-C332RF6$,SYSTEM,DESKTOP-C332RF6,Negotiate,5,LogOn,Success
2026-02-21T10:33:01.468Z,DESKTOP-C332RF6$,SYSTEM,DESKTOP-C332RF6,Negotiate,5,LogOn,Success
2026-02-21T10:33:01.514Z,DESKTOP-C332RF6$,SYSTEM,DESKTOP-C332RF6,Negotiate,5,LogOn,Success
2026-02-21T10:34:47.986Z,DESKTOP-C332RF6$,SYSTEM,DESKTOP-C332RF6,Negotiate,5,LogOn,Success
2026-02-21T10:40:43.785Z,DESKTOP-C332RF6$,SYSTEM,DESKTOP-C332RF6,Negotiate,5,LogOn,Success
2026-02-21T10:42:48.658Z,DESKTOP-C332RF6$,SYSTEM,DESKTOP-C332RF6,Negotiate,5,LogOn,Success
2026-02-21T10:42:51.586Z,DESKTOP-C332RF6$,SYSTEM,DESKTOP-C332RF6,Negotiate,5,LogOn,Success
2026-02-21T10:43:01.393Z,DESKTOP-C332RF6$,SYSTEM,DESKTOP-C332RF6,Negotiate,5,LogOn,Success
2026-02-21T10:43:59.112Z,DESKTOP-C332RF6$,SYSTEM,DESKTOP-C332RF6,Negotiate,5,LogOn,Success
2026-02-21T10:44:23.609Z,DESKTOP-C332RF6$,SYSTEM,DESKTOP-C332RF6,Negotiate,5,LogOn,Success
2026-02-21T10:47:40.251Z,DESKTOP-C332RF6$,SYSTEM,DESKTOP-C332RF6,Negotiate,5,LogOn,Success
2026-02-21T10:47:47.071Z,DESKTOP-C332RF6$,SYSTEM,DESKTOP-C332RF6,Negotiate,5,LogOn,Success
2026-02-21T10:47:49.117Z,DESKTOP-C332RF6$,SYSTEM,DESKTOP-C332RF6,Negotiate,5,LogOn,Success
2026-02-21T10:47:50.816Z,DESKTOP-C332RF6$,SYSTEM,DESKTOP-C332RF6,Negotiate,5,LogOn,Success
2026-02-21T10:47:50.988Z,DESKTOP-C332RF6$,SYSTEM,DESKTOP-C332RF6,Negotiate,5,LogOn,Success
2026-02-21T10:47:51.309Z,DESKTOP-C332RF6$,SYSTEM,DESKTOP-C332RF6,Negotiate,5,LogOn,Success
2026-02-21T10:48:02.450Z,DESKTOP-C332RF6$,SYSTEM,DESKTOP-C332RF6,Negotiate,5,LogOn,Success
2026-02-21T10:48:05.422Z,DESKTOP-C332RF6$,SYSTEM,DESKTOP-C332RF6,Negotiate,5,LogOn,Success
2026-02-21T10:51:59.321Z,DESKTOP-C332RF6$,SYSTEM,DESKTOP-C332RF6,Negotiate,5,LogOn,Success
2026-02-21T10:57:50.828Z,DESKTOP-C332RF6$,SYSTEM,DESKTOP-C332RF6,Negotiate,5,LogOn,Success
2026-02-21T10:59:47.988Z,DESKTOP-C332RF6$,SYSTEM,DESKTOP-C332RF6,Negotiate,5,LogOn,Success
2026-02-21T11:00:43.962Z,DESKTOP-C332RF6$,SYSTEM,DESKTOP-C332RF6,Negotiate,5,LogOn,Success
2026-02-21T11:07:08.285Z,DESKTOP-C332RF6$,SYSTEM,DESKTOP-C332RF6,Negotiate,5,LogOn,Success
2026-02-21T11:07:09.608Z,DESKTOP-C332RF6$,SYSTEM,DESKTOP-C332RF6,Negotiate,5,LogOn,Success
2026-02-21T11:18:45.667Z,DESKTOP-C332RF6$,SYSTEM,DESKTOP-C332RF6,Negotiate,5,LogOn,Success
2026-02-21T11:20:36.482Z,DESKTOP-C332RF6$,SYSTEM,DESKTOP-C332RF6,Negotiate,5,LogOn,Success
2026-02-21T11:20:38.377Z,DESKTOP-C332RF6$,SYSTEM,DESKTOP-C332RF6,Negotiate,5,LogOn,Success
2026-02-26T11:50:32.132Z,DESKTOP-C332RF6$,SYSTEM,DESKTOP-C332RF6,Negotiate,5,LogOn,Success
2026-02-26T11:51:01.230Z,DESKTOP-C332RF6$,SYSTEM,DESKTOP-C332RF6,Negotiate,5,LogOn,Success
2026-02-26T11:59:43.498Z,DESKTOP-C332RF6$,SYSTEM,DESKTOP-C332RF6,Negotiate,5,LogOn,Success
2026-02-26T11:59:45.765Z,DESKTOP-C332RF6$,SYSTEM,DESKTOP-C332RF6,Negotiate,5,LogOn,Success
2026-02-26T12:03:43.405Z,DESKTOP-C332RF6$,SYSTEM,DESKTOP-C332RF6,Negotiate,5,LogOn,Success
2026-02-26T12:10:40.617Z,DESKTOP-C332RF6$,SYSTEM,DESKTOP-C332RF6,Negotiate,5,LogOn,Success
2026-02-26T12:41:28.286Z,DESKTOP-C332RF6$,SYSTEM,DESKTOP-C332RF6,Negotiate,5,LogOn,Success
2026-02-26T12:43:50.834Z,DESKTOP-C332RF6$,SYSTEM,DESKTOP-C332RF6,Negotiate,5,LogOn,Success
2026-02-26T12:44:04.156Z,DESKTOP-C332RF6$,SYSTEM,DESKTOP-C332RF6,Negotiate,5,LogOn,Success
2026-02-26T12:44:04.303Z,DESKTOP-C332RF6$,SYSTEM,DESKTOP-C332RF6,Negotiate,5,LogOn,Success
2026-02-26T12:44:05.278Z,DESKTOP-C332RF6$,SYSTEM,DESKTOP-C332RF6,Negotiate,5,LogOn,Success
2026-02-26T12:44:08.588Z,DESKTOP-C332RF6$,SYSTEM,DESKTOP-C332RF6,Negotiate,5,LogOn,Success
2026-02-26T12:54:16.277Z,DESKTOP-C332RF6$,SYSTEM,DESKTOP-C332RF6,Negotiate,5,LogOn,Success
2026-02-26T12:54:16.673Z,DESKTOP-C332RF6$,SYSTEM,DESKTOP-C332RF6,Negotiate,5,LogOn,Success
2026-02-26T12:54:18.291Z,DESKTOP-C332RF6$,SYSTEM,DESKTOP-C332RF6,Negotiate,5,LogOn,Success
2026-02-26T12:54:18.768Z,DESKTOP-C332RF6$,SYSTEM,DESKTOP-C332RF6,Negotiate,5,LogOn,Success
2026-02-26T12:59:11.091Z,DESKTOP-C332RF6$,SYSTEM,DESKTOP-C332RF6,Negotiate,5,LogOn,Success
2026-02-26T13:05:42.286Z,DESKTOP-C332RF6$,SYSTEM,DESKTOP-C332RF6,Negotiate,5,LogOn,Success
2026-02-26T13:05:43.559Z,DESKTOP-C332RF6$,SYSTEM,DESKTOP-C332RF6,Negotiate,5,LogOn,Success
2026-02-26T13:20:43.940Z,DESKTOP-C332RF6$,SYSTEM,DESKTOP-C332RF6,Negotiate,5,LogOn,Success
2026-02-26T13:35:31.845Z,DESKTOP-C332RF6$,SYSTEM,DESKTOP-C332RF6,Negotiate,5,LogOn,Success
2026-02-26T13:35:31.883Z,DESKTOP-C332RF6$,SYSTEM,DESKTOP-C332RF6,Negotiate,5,LogOn,Success
2026-02-26T13:35:35.282Z,DESKTOP-C332RF6$,SYSTEM,DESKTOP-C332RF6,Negotiate,5,LogOn,Success
2026-02-26T13:35:42.509Z,DESKTOP-C332RF6$,SYSTEM,DESKTOP-C332RF6,Negotiate,5,LogOn,Success
2026-02-26T13:35:44.152Z,DESKTOP-C332RF6$,SYSTEM,DESKTOP-C332RF6,Negotiate,5,LogOn,Success
2026-02-26T13:41:28.274Z,DESKTOP-C332RF6$,SYSTEM,DESKTOP-C332RF6,Negotiate,5,LogOn,Success
2026-02-26T13:50:42.609Z,DESKTOP-C332RF6$,SYSTEM,DESKTOP-C332RF6,Negotiate,5,LogOn,Success
2026-02-26T13:50:44.222Z,DESKTOP-C332RF6$,SYSTEM,DESKTOP-C332RF6,Negotiate,5,LogOn,Success
2026-02-26T13:51:45.165Z,DESKTOP-C332RF6$,SYSTEM,DESKTOP-C332RF6,Negotiate,5,LogOn,Success
2026-02-26T13:59:11.288Z,DESKTOP-C332RF6$,SYSTEM,DESKTOP-C332RF6,Negotiate,5,LogOn,Success
2026-02-26T14:05:42.705Z,DESKTOP-C332RF6$,SYSTEM,DESKTOP-C332RF6,Negotiate,5,LogOn,Success
2026-02-26T14:05:44.283Z,DESKTOP-C332RF6$,SYSTEM,DESKTOP-C332RF6,Negotiate,5,LogOn,Success
2026-02-26T14:20:44.343Z,DESKTOP-C332RF6$,SYSTEM,DESKTOP-C332RF6,Negotiate,5,LogOn,Success
2026-02-26T14:21:56.132Z,DESKTOP-C332RF6$,SYSTEM,DESKTOP-C332RF6,Negotiate,5,LogOn,Success
2026-02-26T14:41:28.273Z,DESKTOP-C332RF6$,SYSTEM,DESKTOP-C332RF6,Negotiate,5,LogOn,Success
2026-02-26T14:48:08.534Z,DESKTOP-C332RF6$,SYSTEM,DESKTOP-C332RF6,Negotiate,5,LogOn,Success
2026-02-26T14:48:09.591Z,DESKTOP-C332RF6$,SYSTEM,DESKTOP-C332RF6,Negotiate,5,LogOn,Success
2026-02-26T14:48:26.988Z,DESKTOP-C332RF6$,SYSTEM,DESKTOP-C332RF6,Negotiate,5,LogOn,Success
2026-02-26T14:48:52.333Z,DESKTOP-C332RF6$,SYSTEM,DESKTOP-C332RF6,Negotiate,5,LogOn,Success
2026-02-26T14:59:11.316Z,DESKTOP-C332RF6$,SYSTEM,DESKTOP-C332RF6,Negotiate,5,LogOn,Success
2026-02-26T15:05:43.138Z,DESKTOP-C332RF6$,SYSTEM,DESKTOP-C332RF6,Negotiate,5,LogOn,Success
2026-02-26T15:05:44.440Z,DESKTOP-C332RF6$,SYSTEM,DESKTOP-C332RF6,Negotiate,5,LogOn,Success
2026-02-26T15:12:20.241Z,DESKTOP-C332RF6$,SYSTEM,DESKTOP-C332RF6,Negotiate,5,LogOn,Success
2026-02-26T15:20:46.507Z,DESKTOP-C332RF6$,SYSTEM,DESKTOP-C332RF6,Negotiate,5,LogOn,Success
2026-02-26T15:25:18.306Z,DESKTOP-C332RF6$,SYSTEM,DESKTOP-C332RF6,Negotiate,5,LogOn,Success
2026-02-26T15:32:21.368Z,DESKTOP-C332RF6$,SYSTEM,DESKTOP-C332RF6,Negotiate,5,LogOn,Success
2026-02-26T15:35:43.328Z,DESKTOP-C332RF6$,SYSTEM,DESKTOP-C332RF6,Negotiate,5,LogOn,Success
2026-02-26T15:35:46.570Z,DESKTOP-C332RF6$,SYSTEM,DESKTOP-C332RF6,Negotiate,5,LogOn,Success
2026-02-26T15:41:28.291Z,DESKTOP-C332RF6$,SYSTEM,DESKTOP-C332RF6,Negotiate,5,LogOn,Success
2026-02-26T15:41:52.441Z,DESKTOP-C332RF6$,SYSTEM,DESKTOP-C332RF6,Negotiate,5,LogOn,Success
2026-02-26T15:49:08.472Z,DESKTOP-C332RF6$,SYSTEM,DESKTOP-C332RF6,Negotiate,5,LogOn,Success
2026-02-26T15:50:43.444Z,DESKTOP-C332RF6$,SYSTEM,DESKTOP-C332RF6,Negotiate,5,LogOn,Success
2026-02-26T15:50:46.622Z,DESKTOP-C332RF6$,SYSTEM,DESKTOP-C332RF6,Negotiate,5,LogOn,Success
2026-02-26T15:57:28.826Z,DESKTOP-C332RF6$,SYSTEM,DESKTOP-C332RF6,Negotiate,5,LogOn,Success
2026-02-26T15:59:11.294Z,DESKTOP-C332RF6$,SYSTEM,DESKTOP-C332RF6,Negotiate,5,LogOn,Success
2026-02-26T16:05:43.586Z,DESKTOP-C332RF6$,SYSTEM,DESKTOP-C332RF6,Negotiate,5,LogOn,Success
2026-02-26T16:05:46.679Z,DESKTOP-C332RF6$,SYSTEM,DESKTOP-C332RF6,Negotiate,5,LogOn,Success
2026-02-26T16:09:41.179Z,DESKTOP-C332RF6$,SYSTEM,DESKTOP-C332RF6,Negotiate,5,LogOn,Success
2026-02-26T16:09:59.939Z,DESKTOP-C332RF6$,SYSTEM,DESKTOP-C332RF6,Negotiate,5,LogOn,Success
2026-02-26T16:10:03.836Z,DESKTOP-C332RF6$,SYSTEM,DESKTOP-C332RF6,Negotiate,5,LogOn,Success
2026-02-26T16:10:03.861Z,DESKTOP-C332RF6$,SYSTEM,DESKTOP-C332RF6,Negotiate,5,LogOn,Success
2026-02-26T16:14:46.007Z,DESKTOP-C332RF6$,SYSTEM,DESKTOP-C332RF6,Negotiate,5,LogOn,Success
2026-02-26T16:17:49.299Z,DESKTOP-C332RF6$,SYSTEM,DESKTOP-C332RF6,Negotiate,5,LogOn,Success
2026-02-26T16:20:46.733Z,DESKTOP-C332RF6$,SYSTEM,DESKTOP-C332RF6,Negotiate,5,LogOn,Success
2026-02-26T16:26:50.234Z,DESKTOP-C332RF6$,SYSTEM,DESKTOP-C332RF6,Negotiate,5,LogOn,Success
2026-02-26T16:41:28.316Z,DESKTOP-C332RF6$,SYSTEM,DESKTOP-C332RF6,Negotiate,5,LogOn,Success
2026-02-26T16:46:08.417Z,DESKTOP-C332RF6$,SYSTEM,DESKTOP-C332RF6,Negotiate,5,LogOn,Success
2026-02-26T16:59:11.268Z,DESKTOP-C332RF6$,SYSTEM,DESKTOP-C332RF6,Negotiate,5,LogOn,Success
2026-02-26T16:59:25.893Z,DESKTOP-C332RF6$,SYSTEM,DESKTOP-C332RF6,Negotiate,5,LogOn,Success
2026-02-26T17:02:54.445Z,DESKTOP-C332RF6$,SYSTEM,DESKTOP-C332RF6,Negotiate,5,LogOn,Success
2026-02-26T17:02:54.509Z,DESKTOP-C332RF6$,SYSTEM,DESKTOP-C332RF6,Negotiate,5,LogOn,Success
2026-02-26T17:03:58.549Z,DESKTOP-C332RF6$,SYSTEM,DESKTOP-C332RF6,Negotiate,5,LogOn,Success
2026-02-26T17:05:44.047Z,DESKTOP-C332RF6$,SYSTEM,DESKTOP-C332RF6,Negotiate,5,LogOn,Success
2026-02-26T17:07:06.716Z,DESKTOP-C332RF6$,SYSTEM,DESKTOP-C332RF6,Negotiate,5,LogOn,Success
2026-02-26T17:19:06.825Z,DESKTOP-C332RF6$,SYSTEM,DESKTOP-C332RF6,Negotiate,5,LogOn,Success
2026-02-26T17:20:57.471Z,DESKTOP-C332RF6$,SYSTEM,DESKTOP-C332RF6,Negotiate,5,LogOn,Success
2026-02-26T17:26:59.484Z,DESKTOP-C332RF6$,SYSTEM,DESKTOP-C332RF6,Negotiate,5,LogOn,Success
2026-02-26T17:26:59.577Z,DESKTOP-C332RF6$,SYSTEM,DESKTOP-C332RF6,Negotiate,5,LogOn,Success
2026-02-26T17:27:01.964Z,DESKTOP-C332RF6$,UMFD-17,DESKTOP-C332RF6,Negotiate,2,LogOn,Success
2026-02-26T17:27:02.002Z,DESKTOP-C332RF6$,DWM-17,DESKTOP-C332RF6,Negotiate,2,LogOn,Success
2026-02-26T17:27:02.002Z,DESKTOP-C332RF6$,DWM-17,DESKTOP-C332RF6,Negotiate,2,LogOn,Success
2026-02-26T17:27:02.068Z,DESKTOP-C332RF6$,SYSTEM,DESKTOP-C332RF6,Negotiate,5,LogOn,Success
2026-02-26T17:27:10.874Z,DESKTOP-C332RF6$,SYSTEM,DESKTOP-C332RF6,Negotiate,5,LogOn,Success
2026-02-26T17:27:11.177Z,,UMFD-16,DESKTOP-C332RF6,,2,LogOff,LogOff
2026-02-26T17:27:12.476Z,DESKTOP-C332RF6$,SYSTEM,DESKTOP-C332RF6,Negotiate,5,LogOn,Success
2026-02-27T11:07:06.515Z,,DWM-16,DESKTOP-C332RF6,,2,LogOff,LogOff
2026-02-27T11:07:06.515Z,,DWM-16,DESKTOP-C332RF6,,2,LogOff,LogOff
2026-02-27T11:07:09.374Z,DESKTOP-C332RF6$,PC,DESKTOP-C332RF6,Negotiate,2,LogOn,Success
2026-02-27T11:07:09.374Z,DESKTOP-C332RF6$,PC,DESKTOP-C332RF6,Negotiate,2,LogOn,Success
2026-02-27T11:07:13.044Z,DESKTOP-C332RF6$,SYSTEM,DESKTOP-C332RF6,Negotiate,5,LogOn,Success
2026-02-27T11:07:23.149Z,DESKTOP-C332RF6$,SYSTEM,DESKTOP-C332RF6,Negotiate,5,LogOn,Success
2026-02-27T11:13:06.710Z,DESKTOP-C332RF6$,SYSTEM,DESKTOP-C332RF6,Negotiate,5,LogOn,Success
2026-02-27T11:13:06.772Z,DESKTOP-C332RF6$,SYSTEM,DESKTOP-C332RF6,Negotiate,5,LogOn,Success
2026-02-27T11:13:56.318Z,DESKTOP-C332RF6$,SYSTEM,DESKTOP-C332RF6,Negotiate,5,LogOn,Success
2026-02-27T11:16:08.588Z,DESKTOP-C332RF6$,SYSTEM,DESKTOP-C332RF6,Negotiate,5,LogOn,Success
2026-02-27T11:19:26.352Z,DESKTOP-C332RF6$,SYSTEM,DESKTOP-C332RF6,Negotiate,5,LogOn,Success
2026-02-27T11:20:01.186Z,DESKTOP-C332RF6$,SYSTEM,DESKTOP-C332RF6,Negotiate,5,LogOn,Success
2026-02-27T11:22:10.725Z,DESKTOP-C332RF6$,SYSTEM,DESKTOP-C332RF6,Negotiate,5,LogOn,Success
2026-02-27T11:23:12.923Z,DESKTOP-C332RF6$,SYSTEM,DESKTOP-C332RF6,Negotiate,5,LogOn,Success
2026-02-27T11:25:53.031Z,DESKTOP-C332RF6$,SYSTEM,DESKTOP-C332RF6,Negotiate,5,LogOn,Success
2026-02-27T11:35:46.371Z,DESKTOP-C332RF6$,SYSTEM,DESKTOP-C332RF6,Negotiate,5,LogOn,Success
2026-02-27T11:35:46.458Z,DESKTOP-C332RF6$,SYSTEM,DESKTOP-C332RF6,Negotiate,5,LogOn,Success
2026-02-27T11:35:47.443Z,DESKTOP-C332RF6$,SYSTEM,DESKTOP-C332RF6,Negotiate,5,LogOn,Success
2026-02-27T11:35:54.706Z,DESKTOP-C332RF6$,SYSTEM,DESKTOP-C332RF6,Negotiate,5,LogOn,Success
2026-02-27T11:41:29.166Z,DESKTOP-C332RF6$,SYSTEM,DESKTOP-C332RF6,Negotiate,5,LogOn,Success
2026-02-27T11:41:29.225Z,DESKTOP-C332RF6$,SYSTEM,DESKTOP-C332RF6,Negotiate,5,LogOn,Success
2026-02-27T11:52:06.210Z,DESKTOP-C332RF6$,SYSTEM,DESKTOP-C332RF6,Negotiate,5,LogOn,Success
2026-02-27T11:52:20.920Z,DESKTOP-C332RF6$,SYSTEM,DESKTOP-C332RF6,Negotiate,5,LogOn,Success
2026-02-27T11:53:05.971Z,DESKTOP-C332RF6$,SYSTEM,DESKTOP-C332RF6,Negotiate,5,LogOn,Success
2026-02-27T11:58:32.071Z,DESKTOP-C332RF6$,SYSTEM,DESKTOP-C332RF6,Negotiate,5,LogOn,Success
2026-02-27T12:00:28.794Z,DESKTOP-C332RF6$,SYSTEM,DESKTOP-C332RF6,Negotiate,5,LogOn,Success
2026-02-27T12:00:50.180Z,DESKTOP-C332RF6$,SYSTEM,DESKTOP-C332RF6,Negotiate,5,LogOn,Success
2026-02-27T12:04:32.242Z,DESKTOP-C332RF6$,SYSTEM,DESKTOP-C332RF6,Negotiate,5,LogOn,Success
2026-02-27T12:06:03.215Z,DESKTOP-C332RF6$,SYSTEM,DESKTOP-C332RF6,Negotiate,5,LogOn,Success
2026-02-27T12:06:05.032Z,DESKTOP-C332RF6$,SYSTEM,DESKTOP-C332RF6,Negotiate,5,LogOn,Success
2026-02-27T12:06:42.026Z,DESKTOP-C332RF6$,SYSTEM,DESKTOP-C332RF6,Negotiate,5,LogOn,Success
2026-02-27T12:21:25.662Z,DESKTOP-C332RF6$,SYSTEM,DESKTOP-C332RF6,Negotiate,5,LogOn,Success
2026-02-27T12:35:42.152Z,DESKTOP-C332RF6$,SYSTEM,DESKTOP-C332RF6,Negotiate,5,LogOn,Success
2026-02-27T12:35:42.176Z,DESKTOP-C332RF6$,SYSTEM,DESKTOP-C332RF6,Negotiate,5,LogOn,Success
2026-02-27T12:35:42.618Z,DESKTOP-C332RF6$,SYSTEM,DESKTOP-C332RF6,Negotiate,5,LogOn,Success
2026-02-27T12:35:43.607Z,DESKTOP-C332RF6$,SYSTEM,DESKTOP-C332RF6,Negotiate,5,LogOn,Success
2026-02-27T12:35:43.933Z,DESKTOP-C332RF6$,SYSTEM,DESKTOP-C332RF6,Negotiate,5,LogOn,Success
2026-02-27T12:50:31.601Z,DESKTOP-C332RF6$,SYSTEM,DESKTOP-C332RF6,Negotiate,5,LogOn,Success
2026-02-27T12:52:11.795Z,DESKTOP-C332RF6$,SYSTEM,DESKTOP-C332RF6,Negotiate,5,LogOn,Success
2026-02-27T13:04:47.772Z,DESKTOP-C332RF6$,SYSTEM,DESKTOP-C332RF6,Negotiate,5,LogOn,Success
2026-02-27T13:04:48.599Z,DESKTOP-C332RF6$,SYSTEM,DESKTOP-C332RF6,Negotiate,5,LogOn,Success
2026-02-27T13:04:49.369Z,DESKTOP-C332RF6$,SYSTEM,DESKTOP-C332RF6,Negotiate,5,LogOn,Success
2026-02-27T13:04:49.456Z,DESKTOP-C332RF6$,SYSTEM,DESKTOP-C332RF6,Negotiate,5,LogOn,Success
2026-02-27T13:04:49.527Z,DESKTOP-C332RF6$,SYSTEM,DESKTOP-C332RF6,Negotiate,5,LogOn,Success
2026-02-27T13:04:49.590Z,DESKTOP-C332RF6$,SYSTEM,DESKTOP-C332RF6,Negotiate,5,LogOn,Success
2026-02-27T13:04:55.006Z,DESKTOP-C332RF6$,PC,DESKTOP-C332RF6,Negotiate,2,LogOn,Success
2026-02-27T13:04:55.006Z,DESKTOP-C332RF6$,PC,DESKTOP-C332RF6,Negotiate,2,LogOn,Success
2026-02-27T13:04:55.007Z,,PC,DESKTOP-C332RF6,,2,LogOff,LogOff
2026-02-27T13:04:55.007Z,,PC,DESKTOP-C332RF6,,2,LogOff,LogOff
2026-02-27T13:06:58.136Z,DESKTOP-C332RF6$,SYSTEM,DESKTOP-C332RF6,Negotiate,5,LogOn,Success
2026-02-27T13:07:10.520Z,DESKTOP-C332RF6$,SYSTEM,DESKTOP-C332RF6,Negotiate,5,LogOn,Success
2026-02-27T13:07:10.561Z,DESKTOP-C332RF6$,SYSTEM,DESKTOP-C332RF6,Negotiate,5,LogOn,Success
2026-02-27T13:07:13.949Z,DESKTOP-C332RF6$,SYSTEM,DESKTOP-C332RF6,Negotiate,5,LogOn,Success
2026-02-27T13:13:03.331Z,DESKTOP-C332RF6$,SYSTEM,DESKTOP-C332RF6,Negotiate,5,LogOn,Success
2026-02-27T13:14:19.417Z,DESKTOP-C332RF6$,SYSTEM,DESKTOP-C332RF6,Negotiate,5,LogOn,Success
2026-02-27T13:19:39.868Z,DESKTOP-C332RF6$,SYSTEM,DESKTOP-C332RF6,Negotiate,5,LogOn,Success
2026-02-27T13:23:13.985Z,DESKTOP-C332RF6$,SYSTEM,DESKTOP-C332RF6,Negotiate,5,LogOn,Success
2026-02-27T13:31:11.841Z,DESKTOP-C332RF6$,SYSTEM,DESKTOP-C332RF6,Negotiate,5,LogOn,Success
2026-02-27T13:31:11.981Z,DESKTOP-C332RF6$,SYSTEM,DESKTOP-C332RF6,Negotiate,5,LogOn,Success
2026-02-27T13:36:43.136Z,DESKTOP-C332RF6$,SYSTEM,DESKTOP-C332RF6,Negotiate,5,LogOn,Success
2026-02-27T13:36:43.197Z,DESKTOP-C332RF6$,SYSTEM,DESKTOP-C332RF6,Negotiate,5,LogOn,Success
2026-02-27T13:43:05.704Z,DESKTOP-C332RF6$,SYSTEM,DESKTOP-C332RF6,Negotiate,5,LogOn,Success
2026-02-27T13:46:27.192Z,DESKTOP-C332RF6$,SYSTEM,DESKTOP-C332RF6,Negotiate,5,LogOn,Success
2026-02-27T14:08:31.201Z,DESKTOP-C332RF6$,SYSTEM,DESKTOP-C332RF6,Negotiate,5,LogOn,Success
2026-02-27T14:08:32.309Z,DESKTOP-C332RF6$,SYSTEM,DESKTOP-C332RF6,Negotiate,5,LogOn,Success
2026-02-27T14:25:26.872Z,DESKTOP-C332RF6$,SYSTEM,DESKTOP-C332RF6,Negotiate,5,LogOn,Success
2026-02-27T14:25:27.309Z,DESKTOP-C332RF6$,SYSTEM,DESKTOP-C332RF6,Negotiate,5,LogOn,Success
2026-02-27T14:25:29.875Z,DESKTOP-C332RF6$,SYSTEM,DESKTOP-C332RF6,Negotiate,5,LogOn,Success
2026-02-27T14:25:30.386Z,DESKTOP-C332RF6$,SYSTEM,DESKTOP-C332RF6,Negotiate,5,LogOn,Success
2026-02-27T14:35:25.871Z,DESKTOP-C332RF6$,SYSTEM,DESKTOP-C332RF6,Negotiate,5,LogOn,Success
2026-02-27T14:38:01.206Z,DESKTOP-C332RF6$,SYSTEM,DESKTOP-C332RF6,Negotiate,5,LogOn,Success
2026-02-27T14:38:02.650Z,DESKTOP-C332RF6$,SYSTEM,DESKTOP-C332RF6,Negotiate,5,LogOn,Success
2026-02-27T14:50:39.469Z,DESKTOP-C332RF6$,SYSTEM,DESKTOP-C332RF6,Negotiate,5,LogOn,Success
2026-02-27T14:50:44.092Z,DESKTOP-C332RF6$,SYSTEM,DESKTOP-C332RF6,Negotiate,5,LogOn,Success
2026-02-27T14:50:44.164Z,DESKTOP-C332RF6$,SYSTEM,DESKTOP-C332RF6,Negotiate,5,LogOn,Success
2026-02-27T14:50:45.632Z,DESKTOP-C332RF6$,UMFD-18,DESKTOP-C332RF6,Negotiate,2,LogOn,Success
2026-02-27T14:50:45.672Z,DESKTOP-C332RF6$,SYSTEM,DESKTOP-C332RF6,Negotiate,5,LogOn,Success
2026-02-27T14:50:45.686Z,DESKTOP-C332RF6$,DWM-18,DESKTOP-C332RF6,Negotiate,2,LogOn,Success
2026-02-27T14:50:45.686Z,DESKTOP-C332RF6$,DWM-18,DESKTOP-C332RF6,Negotiate,2,LogOn,Success
2026-02-27T14:50:45.759Z,DESKTOP-C332RF6$,SYSTEM,DESKTOP-C332RF6,Negotiate,5,LogOn,Success
2026-02-27T14:50:54.438Z,DESKTOP-C332RF6$,SYSTEM,DESKTOP-C332RF6,Negotiate,5,LogOn,Success
2026-02-27T14:50:54.762Z,,UMFD-17,DESKTOP-C332RF6,,2,LogOff,LogOff
2026-02-27T14:50:55.962Z,DESKTOP-C332RF6$,SYSTEM,DESKTOP-C332RF6,Negotiate,5,LogOn,Success
2026-02-27T15:57:21.547Z,,DWM-17,DESKTOP-C332RF6,,2,LogOff,LogOff
2026-02-27T15:57:21.547Z,,DWM-17,DESKTOP-C332RF6,,2,LogOff,LogOff
2026-02-27T15:57:23.753Z,DESKTOP-C332RF6$,PC,DESKTOP-C332RF6,Negotiate,2,LogOn,Success
2026-02-27T15:57:23.753Z,DESKTOP-C332RF6$,PC,DESKTOP-C332RF6,Negotiate,2,LogOn,Success
2026-02-27T15:57:26.306Z,DESKTOP-C332RF6$,SYSTEM,DESKTOP-C332RF6,Negotiate,5,LogOn,Success
2026-02-27T15:57:33.201Z,DESKTOP-C332RF6$,SYSTEM,DESKTOP-C332RF6,Negotiate,5,LogOn,Success
2026-02-27T15:59:08.768Z,DESKTOP-C332RF6$,SYSTEM,DESKTOP-C332RF6,Negotiate,5,LogOn,Success
2026-02-27T16:01:43.090Z,DESKTOP-C332RF6$,SYSTEM,DESKTOP-C332RF6,Negotiate,5,LogOn,Success
2026-02-27T16:05:21.478Z,DESKTOP-C332RF6$,SYSTEM,DESKTOP-C332RF6,Negotiate,5,LogOn,Success
2026-02-27T16:12:25.579Z,DESKTOP-C332RF6$,SYSTEM,DESKTOP-C332RF6,Negotiate,5,LogOn,Success
2026-02-27T16:12:27.416Z,DESKTOP-C332RF6$,SYSTEM,DESKTOP-C332RF6,Negotiate,5,LogOn,Success
2026-02-27T16:13:03.089Z,DESKTOP-C332RF6$,SYSTEM,DESKTOP-C332RF6,Negotiate,5,LogOn,Success
2026-02-27T16:27:27.476Z,DESKTOP-C332RF6$,SYSTEM,DESKTOP-C332RF6,Negotiate,5,LogOn,Success
2026-02-27T16:36:55.629Z,DESKTOP-C332RF6$,SYSTEM,DESKTOP-C332RF6,Negotiate,5,LogOn,Success
2026-02-27T16:37:27.761Z,DESKTOP-C332RF6$,SYSTEM,DESKTOP-C332RF6,Negotiate,5,LogOn,Success
2026-02-27T16:42:38.581Z,DESKTOP-C332RF6$,SYSTEM,DESKTOP-C332RF6,Negotiate,5,LogOn,Success
2026-02-27T16:44:12.434Z,DESKTOP-C332RF6$,SYSTEM,DESKTOP-C332RF6,Negotiate,5,LogOn,Success
2026-02-27T16:57:06.103Z,DESKTOP-C332RF6$,SYSTEM,DESKTOP-C332RF6,Negotiate,5,LogOn,Success
2026-02-27T16:57:34.466Z,DESKTOP-C332RF6$,SYSTEM,DESKTOP-C332RF6,Negotiate,5,LogOn,Success
2026-02-27T17:00:37.082Z,DESKTOP-C332RF6$,SYSTEM,DESKTOP-C332RF6,Negotiate,5,LogOn,Success
2026-02-27T17:01:44.233Z,DESKTOP-C332RF6$,SYSTEM,DESKTOP-C332RF6,Negotiate,5,LogOn,Success
2026-02-27T17:05:36.649Z,DESKTOP-C332RF6$,SYSTEM,DESKTOP-C332RF6,Negotiate,5,LogOn,Success
2026-02-27T17:05:37.941Z,DESKTOP-C332RF6$,SYSTEM,DESKTOP-C332RF6,Negotiate,5,LogOn,Success
2026-02-27T17:05:38.027Z,DESKTOP-C332RF6$,SYSTEM,DESKTOP-C332RF6,Negotiate,5,LogOn,Success
2026-02-27T17:05:39.001Z,DESKTOP-C332RF6$,SYSTEM,DESKTOP-C332RF6,Negotiate,5,LogOn,Success
2026-02-27T17:05:42.880Z,DESKTOP-C332RF6$,SYSTEM,DESKTOP-C332RF6,Negotiate,5,LogOn,Success
2026-02-27T17:06:42.200Z,DESKTOP-C332RF6$,SYSTEM,DESKTOP-C332RF6,Negotiate,5,LogOn,Success
2026-02-27T17:11:56.163Z,DESKTOP-C332RF6$,SYSTEM,DESKTOP-C332RF6,Negotiate,5,LogOn,Success
2026-02-27T17:13:03.322Z,DESKTOP-C332RF6$,SYSTEM,DESKTOP-C332RF6,Negotiate,5,LogOn,Success
2026-02-27T17:17:07.755Z,DESKTOP-C332RF6$,SYSTEM,DESKTOP-C332RF6,Negotiate,5,LogOn,Success
2026-02-27T17:21:31.316Z,DESKTOP-C332RF6$,SYSTEM,DESKTOP-C332RF6,Negotiate,5,LogOn,Success
2026-02-27T17:22:40.247Z,DESKTOP-C332RF6$,SYSTEM,DESKTOP-C332RF6,Negotiate,5,LogOn,Success
2026-02-27T17:22:46.935Z,DESKTOP-C332RF6$,SYSTEM,DESKTOP-C332RF6,Negotiate,5,LogOn,Success
2026-02-27T17:41:28.291Z,DESKTOP-C332RF6$,SYSTEM,DESKTOP-C332RF6,Negotiate,5,LogOn,Success
2026-02-27T17:41:34.141Z,DESKTOP-C332RF6$,SYSTEM,DESKTOP-C332RF6,Negotiate,5,LogOn,Success
2026-02-27T17:44:51.597Z,DESKTOP-C332RF6$,SYSTEM,DESKTOP-C332RF6,Negotiate,5,LogOn,Success
2026-02-27T17:44:53.418Z,DESKTOP-C332RF6$,SYSTEM,DESKTOP-C332RF6,Negotiate,5,LogOn,Success
2026-02-27T17:45:53.849Z,DESKTOP-C332RF6$,SYSTEM,DESKTOP-C332RF6,Negotiate,5,LogOn,Success
2026-02-27T17:57:06.290Z,DESKTOP-C332RF6$,SYSTEM,DESKTOP-C332RF6,Negotiate,5,LogOn,Success
2026-02-27T17:59:58.845Z,DESKTOP-C332RF6$,SYSTEM,DESKTOP-C332RF6,Negotiate,5,LogOn,Success
2026-02-27T18:01:55.180Z,DESKTOP-C332RF6$,SYSTEM,DESKTOP-C332RF6,Negotiate,5,LogOn,Success
2026-02-27T18:27:59.879Z,DESKTOP-C332RF6$,SYSTEM,DESKTOP-C332RF6,Negotiate,5,LogOn,Success
2026-02-27T18:45:29.487Z,DESKTOP-C332RF6$,SYSTEM,DESKTOP-C332RF6,Negotiate,5,LogOn,Success
2026-02-27T18:45:30.015Z,DESKTOP-C332RF6$,SYSTEM,DESKTOP-C332RF6,Negotiate,5,LogOn,Success
2026-02-27T18:45:31.007Z,DESKTOP-C332RF6$,SYSTEM,DESKTOP-C332RF6,Negotiate,5,LogOn,Success
2026-02-27T18:45:31.031Z,DESKTOP-C332RF6$,SYSTEM,DESKTOP-C332RF6,Negotiate,5,LogOn,Success
2026-02-27T18:45:31.099Z,DESKTOP-C332RF6$,SYSTEM,DESKTOP-C332RF6,Negotiate,5,LogOn,Success
2026-02-27T18:45:31.224Z,DESKTOP-C332RF6$,SYSTEM,DESKTOP-C332RF6,Negotiate,5,LogOn,Success
2026-02-27T18:45:31.368Z,DESKTOP-C332RF6$,SYSTEM,DESKTOP-C332RF6,Negotiate,5,LogOn,Success
2026-02-27T18:45:32.598Z,DESKTOP-C332RF6$,SYSTEM,DESKTOP-C332RF6,Negotiate,5,LogOn,Success
2026-02-27T18:45:47.561Z,DESKTOP-C332RF6$,SYSTEM,DESKTOP-C332RF6,Negotiate,5,LogOn,Success
2026-02-27T18:45:47.594Z,DESKTOP-C332RF6$,SYSTEM,DESKTOP-C332RF6,Negotiate,5,LogOn,Success
2026-02-27T18:57:24.806Z,DESKTOP-C332RF6$,SYSTEM,DESKTOP-C332RF6,Negotiate,5,LogOn,Success
2026-02-27T19:02:04.493Z,DESKTOP-C332RF6$,SYSTEM,DESKTOP-C332RF6,Negotiate,5,LogOn,Success
2026-02-27T19:57:34.177Z,DESKTOP-C332RF6$,SYSTEM,DESKTOP-C332RF6,Negotiate,5,LogOn,Success
2026-02-27T20:02:04.741Z,DESKTOP-C332RF6$,SYSTEM,DESKTOP-C332RF6,Negotiate,5,LogOn,Success
2026-02-27T20:57:34.581Z,DESKTOP-C332RF6$,SYSTEM,DESKTOP-C332RF6,Negotiate,5,LogOn,Success
2026-02-27T20:57:41.977Z,DESKTOP-C332RF6$,SYSTEM,DESKTOP-C332RF6,Negotiate,5,LogOn,Success
2026-02-27T20:57:42.081Z,DESKTOP-C332RF6$,SYSTEM,DESKTOP-C332RF6,Negotiate,5,LogOn,Success
2026-02-27T20:57:42.812Z,DESKTOP-C332RF6$,SYSTEM,DESKTOP-C332RF6,Negotiate,5,LogOn,Success
2026-02-27T20:57:43.788Z,DESKTOP-C332RF6$,SYSTEM,DESKTOP-C332RF6,Negotiate,5,LogOn,Success
2026-02-27T20:57:45.495Z,DESKTOP-C332RF6$,PC,DESKTOP-C332RF6,Negotiate,2,LogOn,Success
2026-02-27T20:57:45.495Z,DESKTOP-C332RF6$,PC,DESKTOP-C332RF6,Negotiate,2,LogOn,Success
2026-02-27T20:57:45.495Z,,PC,DESKTOP-C332RF6,,2,LogOff,LogOff
2026-02-27T20:57:45.495Z,,PC,DESKTOP-C332RF6,,2,LogOff,LogOff
2026-02-27T20:57:50.378Z,DESKTOP-C332RF6$,UMFD-19,DESKTOP-C332RF6,Negotiate,2,LogOn,Success
2026-02-27T20:57:50.416Z,DESKTOP-C332RF6$,DWM-19,DESKTOP-C332RF6,Negotiate,2,LogOn,Success
2026-02-27T20:57:50.416Z,DESKTOP-C332RF6$,DWM-19,DESKTOP-C332RF6,Negotiate,2,LogOn,Success
2026-02-27T20:57:50.425Z,DESKTOP-C332RF6$,SYSTEM,DESKTOP-C332RF6,Negotiate,5,LogOn,Success
2026-02-27T20:57:50.731Z,DESKTOP-C332RF6$,SYSTEM,DESKTOP-C332RF6,Negotiate,5,LogOn,Success
2026-02-27T20:57:55.868Z,DESKTOP-C332RF6$,SYSTEM,DESKTOP-C332RF6,Negotiate,5,LogOn,Success
2026-02-27T20:57:55.922Z,,UMFD-18,DESKTOP-C332RF6,,2,LogOff,LogOff
2026-02-28T13:46:39.647Z,,DWM-18,DESKTOP-C332RF6,,2,LogOff,LogOff
2026-02-28T13:46:39.649Z,,DWM-18,DESKTOP-C332RF6,,2,LogOff,LogOff
2026-02-28T13:46:40.909Z,DESKTOP-C332RF6$,SYSTEM,DESKTOP-C332RF6,Negotiate,5,LogOn,Success
2026-02-28T13:46:41.692Z,DESKTOP-C332RF6$,PC,DESKTOP-C332RF6,Negotiate,2,LogOn,Success
2026-02-28T13:46:41.692Z,DESKTOP-C332RF6$,PC,DESKTOP-C332RF6,Negotiate,2,LogOn,Success
2026-02-28T13:46:44.091Z,DESKTOP-C332RF6$,SYSTEM,DESKTOP-C332RF6,Negotiate,5,LogOn,Success
2026-02-28T13:46:44.499Z,DESKTOP-C332RF6$,SYSTEM,DESKTOP-C332RF6,Negotiate,5,LogOn,Success
2026-02-28T13:46:51.965Z,DESKTOP-C332RF6$,SYSTEM,DESKTOP-C332RF6,Negotiate,5,LogOn,Success
2026-02-28T13:46:52.635Z,DESKTOP-C332RF6$,SYSTEM,DESKTOP-C332RF6,Negotiate,5,LogOn,Success
2026-02-28T13:48:27.151Z,DESKTOP-C332RF6$,SYSTEM,DESKTOP-C332RF6,Negotiate,5,LogOn,Success
2026-02-28T13:52:38.704Z,DESKTOP-C332RF6$,SYSTEM,DESKTOP-C332RF6,Negotiate,5,LogOn,Success
2026-02-28T13:52:39.499Z,DESKTOP-C332RF6$,SYSTEM,DESKTOP-C332RF6,Negotiate,5,LogOn,Success
2026-02-28T13:52:39.562Z,DESKTOP-C332RF6$,SYSTEM,DESKTOP-C332RF6,Negotiate,5,LogOn,Success
2026-02-28T13:56:38.756Z,DESKTOP-C332RF6$,SYSTEM,DESKTOP-C332RF6,Negotiate,5,LogOn,Success
2026-02-28T13:56:43.422Z,DESKTOP-C332RF6$,SYSTEM,DESKTOP-C332RF6,Negotiate,5,LogOn,Success
2026-02-28T13:57:09.456Z,DESKTOP-C332RF6$,SYSTEM,DESKTOP-C332RF6,Negotiate,5,LogOn,Success
2026-02-28T13:58:33.971Z,DESKTOP-C332RF6$,SYSTEM,DESKTOP-C332RF6,Negotiate,5,LogOn,Success
2026-02-28T14:01:43.415Z,DESKTOP-C332RF6$,SYSTEM,DESKTOP-C332RF6,Negotiate,5,LogOn,Success
2026-02-28T14:03:53.717Z,DESKTOP-C332RF6$,SYSTEM,DESKTOP-C332RF6,Negotiate,5,LogOn,Success
2026-02-28T14:04:26.987Z,DESKTOP-C332RF6$,SYSTEM,DESKTOP-C332RF6,Negotiate,5,LogOn,Success
2026-02-28T14:04:34.901Z,DESKTOP-C332RF6$,SYSTEM,DESKTOP-C332RF6,Negotiate,5,LogOn,Success
2026-02-28T14:06:06.706Z,DESKTOP-C332RF6$,SYSTEM,DESKTOP-C332RF6,Negotiate,5,LogOn,Success
2026-02-28T14:06:06.913Z,DESKTOP-C332RF6$,SYSTEM,DESKTOP-C332RF6,Negotiate,5,LogOn,Success
2026-02-28T14:06:07.817Z,DESKTOP-C332RF6$,SYSTEM,DESKTOP-C332RF6,Negotiate,5,LogOn,Success
2026-02-28T14:06:46.877Z,DESKTOP-C332RF6$,SYSTEM,DESKTOP-C332RF6,Negotiate,5,LogOn,Success
2026-02-28T14:06:57.477Z,DESKTOP-C332RF6$,SYSTEM,DESKTOP-C332RF6,Negotiate,5,LogOn,Success
2026-02-28T14:07:08.437Z,DESKTOP-C332RF6$,SYSTEM,DESKTOP-C332RF6,Negotiate,5,LogOn,Success
2026-02-28T14:08:51.455Z,DESKTOP-C332RF6$,SYSTEM,DESKTOP-C332RF6,Negotiate,5,LogOn,Success
2026-02-28T14:08:52.373Z,DESKTOP-C332RF6$,SYSTEM,DESKTOP-C332RF6,Negotiate,5,LogOn,Success
2026-02-28T14:08:53.378Z,DESKTOP-C332RF6$,SYSTEM,DESKTOP-C332RF6,Negotiate,5,LogOn,Success
2026-02-28T14:12:07.749Z,DESKTOP-C332RF6$,SYSTEM,DESKTOP-C332RF6,Negotiate,5,LogOn,Success
2026-02-28T14:12:12.266Z,DESKTOP-C332RF6$,UMFD-20,DESKTOP-C332RF6,Negotiate,2,LogOn,Success
2026-02-28T14:12:12.315Z,DESKTOP-C332RF6$,DWM-20,DESKTOP-C332RF6,Negotiate,2,LogOn,Success
2026-02-28T14:12:12.315Z,DESKTOP-C332RF6$,DWM-20,DESKTOP-C332RF6,Negotiate,2,LogOn,Success
2026-02-28T14:12:12.423Z,DESKTOP-C332RF6$,SYSTEM,DESKTOP-C332RF6,Negotiate,5,LogOn,Success
2026-02-28T14:12:21.700Z,DESKTOP-C332RF6$,SYSTEM,DESKTOP-C332RF6,Negotiate,5,LogOn,Success
2026-02-28T14:12:22.173Z,,UMFD-19,DESKTOP-C332RF6,,2,LogOff,LogOff
2026-02-28T14:12:23.430Z,,DWM-19,DESKTOP-C332RF6,,2,LogOff,LogOff
2026-02-28T14:12:23.430Z,,DWM-19,DESKTOP-C332RF6,,2,LogOff,LogOff
2026-02-28T14:12:23.725Z,DESKTOP-C332RF6$,SYSTEM,DESKTOP-C332RF6,Negotiate,5,LogOn,Success
2026-02-28T14:46:06.043Z,DESKTOP-C332RF6$,SYSTEM,DESKTOP-C332RF6,Negotiate,5,LogOn,Success
2026-02-28T14:46:06.315Z,DESKTOP-C332RF6$,PC,DESKTOP-C332RF6,Negotiate,2,LogOn,Success
2026-02-28T14:46:06.315Z,DESKTOP-C332RF6$,PC,DESKTOP-C332RF6,Negotiate,2,LogOn,Success
2026-02-28T14:46:07.289Z,DESKTOP-C332RF6$,SYSTEM,DESKTOP-C332RF6,Negotiate,5,LogOn,Success
2026-02-28T14:46:14.235Z,DESKTOP-C332RF6$,SYSTEM,DESKTOP-C332RF6,Negotiate,5,LogOn,Success
2026-02-28T14:47:13.190Z,DESKTOP-C332RF6$,SYSTEM,DESKTOP-C332RF6,Negotiate,5,LogOn,Success
2026-02-28T14:47:50.046Z,DESKTOP-C332RF6$,SYSTEM,DESKTOP-C332RF6,Negotiate,5,LogOn,Success
2026-02-28T14:51:02.817Z,DESKTOP-C332RF6$,SYSTEM,DESKTOP-C332RF6,Negotiate,5,LogOn,Success
2026-02-28T14:51:03.127Z,DESKTOP-C332RF6$,SYSTEM,DESKTOP-C332RF6,Negotiate,5,LogOn,Success
2026-02-28T14:53:09.948Z,DESKTOP-C332RF6$,SYSTEM,DESKTOP-C332RF6,Negotiate,5,LogOn,Success
2026-02-28T14:54:51.363Z,DESKTOP-C332RF6$,SYSTEM,DESKTOP-C332RF6,Negotiate,5,LogOn,Success
2026-02-28T14:58:32.565Z,DESKTOP-C332RF6$,SYSTEM,DESKTOP-C332RF6,Negotiate,5,LogOn,Success
2026-02-28T15:01:07.417Z,DESKTOP-C332RF6$,SYSTEM,DESKTOP-C332RF6,Negotiate,5,LogOn,Success
2026-02-28T15:01:10.129Z,DESKTOP-C332RF6$,SYSTEM,DESKTOP-C332RF6,Negotiate,5,LogOn,Success
2026-02-28T15:01:10.543Z,DESKTOP-C332RF6$,SYSTEM,DESKTOP-C332RF6,Negotiate,5,LogOn,Success
2026-02-28T15:01:30.642Z,DESKTOP-C332RF6$,SYSTEM,DESKTOP-C332RF6,Negotiate,5,LogOn,Success
2026-02-28T15:01:50.719Z,DESKTOP-C332RF6$,UMFD-21,DESKTOP-C332RF6,Negotiate,2,LogOn,Success
2026-02-28T15:01:50.756Z,DESKTOP-C332RF6$,DWM-21,DESKTOP-C332RF6,Negotiate,2,LogOn,Success
2026-02-28T15:01:50.756Z,DESKTOP-C332RF6$,DWM-21,DESKTOP-C332RF6,Negotiate,2,LogOn,Success
2026-02-28T15:01:50.833Z,DESKTOP-C332RF6$,SYSTEM,DESKTOP-C332RF6,Negotiate,5,LogOn,Success
2026-02-28T15:01:56.187Z,,UMFD-20,DESKTOP-C332RF6,,2,LogOff,LogOff
2026-02-28T15:01:57.218Z,DESKTOP-C332RF6$,SYSTEM,DESKTOP-C332RF6,Negotiate,5,LogOn,Success
2026-02-28T18:30:23.508Z,,DWM-20,DESKTOP-C332RF6,,2,LogOff,LogOff
2026-02-28T18:30:23.508Z,,DWM-20,DESKTOP-C332RF6,,2,LogOff,LogOff
2026-02-28T18:30:26.364Z,DESKTOP-C332RF6$,PC,DESKTOP-C332RF6,Negotiate,2,LogOn,Success
2026-02-28T18:30:26.364Z,DESKTOP-C332RF6$,PC,DESKTOP-C332RF6,Negotiate,2,LogOn,Success
2026-02-28T18:30:27.782Z,DESKTOP-C332RF6$,SYSTEM,DESKTOP-C332RF6,Negotiate,5,LogOn,Success
2026-02-28T18:30:34.987Z,DESKTOP-C332RF6$,SYSTEM,DESKTOP-C332RF6,Negotiate,5,LogOn,Success
2026-02-28T18:30:56.099Z,DESKTOP-C332RF6$,SYSTEM,DESKTOP-C332RF6,Negotiate,5,LogOn,Success
2026-02-28T18:31:25.666Z,DESKTOP-C332RF6$,SYSTEM,DESKTOP-C332RF6,Negotiate,5,LogOn,Success
2026-02-28T18:32:13.623Z,DESKTOP-C332RF6$,SYSTEM,DESKTOP-C332RF6,Negotiate,5,LogOn,Success
2026-02-28T18:39:57.988Z,DESKTOP-C332RF6$,SYSTEM,DESKTOP-C332RF6,Negotiate,5,LogOn,Success
2026-02-28T18:45:27.463Z,DESKTOP-C332RF6$,SYSTEM,DESKTOP-C332RF6,Negotiate,5,LogOn,Success
2026-02-28T18:45:30.960Z,DESKTOP-C332RF6$,SYSTEM,DESKTOP-C332RF6,Negotiate,5,LogOn,Success
2026-02-28T18:46:07.278Z,DESKTOP-C332RF6$,SYSTEM,DESKTOP-C332RF6,Negotiate,5,LogOn,Success
2026-02-28T18:53:21.413Z,DESKTOP-C332RF6$,SYSTEM,DESKTOP-C332RF6,Negotiate,5,LogOn,Success
2026-02-28T18:58:31.194Z,DESKTOP-C332RF6$,SYSTEM,DESKTOP-C332RF6,Negotiate,5,LogOn,Success
2026-02-28T18:58:31.293Z,DESKTOP-C332RF6$,SYSTEM,DESKTOP-C332RF6,Negotiate,5,LogOn,Success
2026-02-28T18:58:51.612Z,DESKTOP-C332RF6$,SYSTEM,DESKTOP-C332RF6,Negotiate,5,LogOn,Success
2026-02-28T18:59:10.601Z,DESKTOP-C332RF6$,SYSTEM,DESKTOP-C332RF6,Negotiate,5,LogOn,Success
2026-02-28T19:02:51.489Z,DESKTOP-C332RF6$,SYSTEM,DESKTOP-C332RF6,Negotiate,5,LogOn,Success
2026-02-28T19:02:52.476Z,DESKTOP-C332RF6$,SYSTEM,DESKTOP-C332RF6,Negotiate,5,LogOn,Success
2026-02-28T19:09:08.867Z,DESKTOP-C332RF6$,SYSTEM,DESKTOP-C332RF6,Negotiate,5,LogOn,Success
2026-02-28T19:13:06.273Z,DESKTOP-C332RF6$,SYSTEM,DESKTOP-C332RF6,Negotiate,5,LogOn,Success
2026-02-28T19:15:31.024Z,DESKTOP-C332RF6$,SYSTEM,DESKTOP-C332RF6,Negotiate,5,LogOn,Success
2026-02-28T19:30:31.083Z,DESKTOP-C332RF6$,SYSTEM,DESKTOP-C332RF6,Negotiate,5,LogOn,Success
2026-02-28T19:39:59.020Z,DESKTOP-C332RF6$,SYSTEM,DESKTOP-C332RF6,Negotiate,5,LogOn,Success
2026-02-28T19:41:28.283Z,DESKTOP-C332RF6$,SYSTEM,DESKTOP-C332RF6,Negotiate,5,LogOn,Success
2026-02-28T19:45:31.150Z,DESKTOP-C332RF6$,SYSTEM,DESKTOP-C332RF6,Negotiate,5,LogOn,Success
2026-02-28T19:48:24.237Z,DESKTOP-C332RF6$,SYSTEM,DESKTOP-C332RF6,Negotiate,5,LogOn,Success
2026-02-28T20:00:31.212Z,DESKTOP-C332RF6$,SYSTEM,DESKTOP-C332RF6,Negotiate,5,LogOn,Success
2026-02-28T20:13:06.276Z,DESKTOP-C332RF6$,SYSTEM,DESKTOP-C332RF6,Negotiate,5,LogOn,Success
2026-02-28T20:15:31.278Z,DESKTOP-C332RF6$,SYSTEM,DESKTOP-C332RF6,Negotiate,5,LogOn,Success
2026-02-28T20:24:27.864Z,DESKTOP-C332RF6$,UMFD-22,DESKTOP-C332RF6,Negotiate,2,LogOn,Success
2026-02-28T20:24:27.900Z,DESKTOP-C332RF6$,DWM-22,DESKTOP-C332RF6,Negotiate,2,LogOn,Success
2026-02-28T20:24:27.900Z,DESKTOP-C332RF6$,DWM-22,DESKTOP-C332RF6,Negotiate,2,LogOn,Success
2026-02-28T20:24:27.972Z,DESKTOP-C332RF6$,SYSTEM,DESKTOP-C332RF6,Negotiate,5,LogOn,Success
2026-02-28T20:24:29.729Z,DESKTOP-C332RF6$,SYSTEM,DESKTOP-C332RF6,Negotiate,5,LogOn,Success
2026-02-28T20:24:33.280Z,DESKTOP-C332RF6$,SYSTEM,DESKTOP-C332RF6,Negotiate,5,LogOn,Success
2026-02-28T20:24:33.319Z,,UMFD-21,DESKTOP-C332RF6,,2,LogOff,LogOff
2026-02-28T20:24:34.461Z,DESKTOP-C332RF6$,SYSTEM,DESKTOP-C332RF6,Negotiate,5,LogOn,Success
2026-03-01T08:53:37.539Z,,DWM-21,DESKTOP-C332RF6,,2,LogOff,LogOff
2026-03-01T08:53:37.540Z,,DWM-21,DESKTOP-C332RF6,,2,LogOff,LogOff
2026-03-01T08:53:39.938Z,DESKTOP-C332RF6$,PC,DESKTOP-C332RF6,Negotiate,2,LogOn,Success
2026-03-01T08:53:39.938Z,DESKTOP-C332RF6$,PC,DESKTOP-C332RF6,Negotiate,2,LogOn,Success
2026-03-01T08:53:42.172Z,DESKTOP-C332RF6$,SYSTEM,DESKTOP-C332RF6,Negotiate,5,LogOn,Success
2026-03-01T08:53:42.581Z,DESKTOP-C332RF6$,SYSTEM,DESKTOP-C332RF6,Negotiate,5,LogOn,Success
2026-03-01T08:53:48.136Z,DESKTOP-C332RF6$,SYSTEM,DESKTOP-C332RF6,Negotiate,5,LogOn,Success
2026-03-01T08:59:13.371Z,DESKTOP-C332RF6$,SYSTEM,DESKTOP-C332RF6,Negotiate,5,LogOn,Success
2026-03-01T08:59:37.538Z,DESKTOP-C332RF6$,SYSTEM,DESKTOP-C332RF6,Negotiate,5,LogOn,Success
2026-03-01T08:59:37.615Z,DESKTOP-C332RF6$,SYSTEM,DESKTOP-C332RF6,Negotiate,5,LogOn,Success
2026-03-01T09:02:12.828Z,DESKTOP-C332RF6$,SYSTEM,DESKTOP-C332RF6,Negotiate,5,LogOn,Success
2026-03-01T09:17:19.667Z,DESKTOP-C332RF6$,SYSTEM,DESKTOP-C332RF6,Negotiate,5,LogOn,Success
2026-03-01T09:17:24.847Z,DESKTOP-C332RF6$,SYSTEM,DESKTOP-C332RF6,Negotiate,5,LogOn,Success
2026-03-01T10:02:13.193Z,DESKTOP-C332RF6$,SYSTEM,DESKTOP-C332RF6,Negotiate,5,LogOn,Success
2026-03-01T10:02:14.988Z,DESKTOP-C332RF6$,SYSTEM,DESKTOP-C332RF6,Negotiate,5,LogOn,Success
2026-03-01T10:02:22.142Z,DESKTOP-C332RF6$,SYSTEM,DESKTOP-C332RF6,Negotiate,5,LogOn,Success
2026-03-01T10:12:52.994Z,DESKTOP-C332RF6$,SYSTEM,DESKTOP-C332RF6,Negotiate,5,LogOn,Success
2026-03-01T10:12:54.335Z,DESKTOP-C332RF6$,SYSTEM,DESKTOP-C332RF6,Negotiate,5,LogOn,Success
2026-03-01T10:13:01.828Z,DESKTOP-C332RF6$,PC,DESKTOP-C332RF6,Negotiate,2,LogOn,Success
2026-03-01T10:13:01.828Z,DESKTOP-C332RF6$,PC,DESKTOP-C332RF6,Negotiate,2,LogOn,Success
2026-03-01T10:13:01.829Z,,PC,DESKTOP-C332RF6,,2,LogOff,LogOff
2026-03-01T10:13:01.830Z,,PC,DESKTOP-C332RF6,,2,LogOff,LogOff
2026-03-01T10:14:27.936Z,DESKTOP-C332RF6$,SYSTEM,DESKTOP-C332RF6,Negotiate,5,LogOn,Success
2026-03-01T10:15:22.435Z,DESKTOP-C332RF6$,SYSTEM,DESKTOP-C332RF6,Negotiate,5,LogOn,Success
2026-03-01T10:27:55.690Z,DESKTOP-C332RF6$,SYSTEM,DESKTOP-C332RF6,Negotiate,5,LogOn,Success
2026-03-01T10:38:58.745Z,DESKTOP-C332RF6$,SYSTEM,DESKTOP-C332RF6,Negotiate,5,LogOn,Success
2026-03-01T10:41:33.210Z,DESKTOP-C332RF6$,SYSTEM,DESKTOP-C332RF6,Negotiate,5,LogOn,Success
2026-03-01T10:44:14.483Z,DESKTOP-C332RF6$,SYSTEM,DESKTOP-C332RF6,Negotiate,5,LogOn,Success
2026-03-01T10:52:39.485Z,DESKTOP-C332RF6$,SYSTEM,DESKTOP-C332RF6,Negotiate,5,LogOn,Success
2026-03-01T10:53:12.381Z,DESKTOP-C332RF6$,SYSTEM,DESKTOP-C332RF6,Negotiate,5,LogOn,Success
2026-03-01T10:53:59.429Z,DESKTOP-C332RF6$,SYSTEM,DESKTOP-C332RF6,Negotiate,5,LogOn,Success
2026-03-01T10:56:57.466Z,DESKTOP-C332RF6$,SYSTEM,DESKTOP-C332RF6,Negotiate,5,LogOn,Success
2026-03-01T10:57:26.671Z,DESKTOP-C332RF6$,SYSTEM,DESKTOP-C332RF6,Negotiate,5,LogOn,Success
2026-03-01T10:57:26.777Z,DESKTOP-C332RF6$,SYSTEM,DESKTOP-C332RF6,Negotiate,5,LogOn,Success
2026-03-01T11:02:50.630Z,DESKTOP-C332RF6$,SYSTEM,DESKTOP-C332RF6,Negotiate,5,LogOn,Success
2026-03-01T11:04:01.404Z,DESKTOP-C332RF6$,SYSTEM,DESKTOP-C332RF6,Negotiate,5,LogOn,Success
2026-03-01T11:04:01.763Z,DESKTOP-C332RF6$,SYSTEM,DESKTOP-C332RF6,Negotiate,5,LogOn,Success
2026-03-01T11:04:05.515Z,DESKTOP-C332RF6$,SYSTEM,DESKTOP-C332RF6,Negotiate,5,LogOn,Success
2026-03-01T11:05:07.323Z,DESKTOP-C332RF6$,SYSTEM,DESKTOP-C332RF6,Negotiate,5,LogOn,Success
2026-03-01T11:08:22.320Z,DESKTOP-C332RF6$,SYSTEM,DESKTOP-C332RF6,Negotiate,5,LogOn,Success
2026-03-01T11:10:01.220Z,DESKTOP-C332RF6$,SYSTEM,DESKTOP-C332RF6,Negotiate,5,LogOn,Success
2026-03-01T11:23:58.962Z,DESKTOP-C332RF6$,SYSTEM,DESKTOP-C332RF6,Negotiate,5,LogOn,Success
2026-03-01T11:24:30.418Z,DESKTOP-C332RF6$,SYSTEM,DESKTOP-C332RF6,Negotiate,5,LogOn,Success
2026-03-01T11:28:26.418Z,DESKTOP-C332RF6$,SYSTEM,DESKTOP-C332RF6,Negotiate,5,LogOn,Success
2026-03-01T11:29:12.051Z,DESKTOP-C332RF6$,SYSTEM,DESKTOP-C332RF6,Negotiate,5,LogOn,Success
2026-03-01T11:43:27.900Z,DESKTOP-C332RF6$,SYSTEM,DESKTOP-C332RF6,Negotiate,5,LogOn,Success
2026-03-01T11:43:29.928Z,DESKTOP-C332RF6$,SYSTEM,DESKTOP-C332RF6,Negotiate,5,LogOn,Success
2026-03-01T11:43:30.544Z,DESKTOP-C332RF6$,SYSTEM,DESKTOP-C332RF6,Negotiate,5,LogOn,Success
2026-03-01T11:44:17.634Z,DESKTOP-C332RF6$,SYSTEM,DESKTOP-C332RF6,Negotiate,5,LogOn,Success
2026-03-01T11:44:45.571Z,DESKTOP-C332RF6$,SYSTEM,DESKTOP-C332RF6,Negotiate,5,LogOn,Success
2026-03-01T11:45:51.765Z,DESKTOP-C332RF6$,SYSTEM,DESKTOP-C332RF6,Negotiate,5,LogOn,Success
2026-03-01T11:46:21.553Z,DESKTOP-C332RF6$,PC,DESKTOP-C332RF6,Negotiate,2,LogOn,Success
2026-03-01T11:46:21.553Z,DESKTOP-C332RF6$,PC,DESKTOP-C332RF6,Negotiate,2,LogOn,Success
2026-03-01T11:46:21.555Z,,PC,DESKTOP-C332RF6,,2,LogOff,LogOff
2026-03-01T11:46:21.555Z,,PC,DESKTOP-C332RF6,,2,LogOff,LogOff
2026-03-01T11:46:21.665Z,DESKTOP-C332RF6$,SYSTEM,DESKTOP-C332RF6,Negotiate,5,LogOn,Success
2026-03-01T11:49:59.843Z,DESKTOP-C332RF6$,SYSTEM,DESKTOP-C332RF6,Negotiate,5,LogOn,Success
2026-03-01T12:10:02.708Z,DESKTOP-C332RF6$,SYSTEM,DESKTOP-C332RF6,Negotiate,5,LogOn,Success
2026-03-01T12:10:02.785Z,DESKTOP-C332RF6$,SYSTEM,DESKTOP-C332RF6,Negotiate,5,LogOn,Success
2026-03-01T12:11:31.217Z,DESKTOP-C332RF6$,SYSTEM,DESKTOP-C332RF6,Negotiate,5,LogOn,Success
2026-03-01T12:23:34.591Z,DESKTOP-C332RF6$,SYSTEM,DESKTOP-C332RF6,Negotiate,5,LogOn,Success
2026-03-01T12:26:31.268Z,DESKTOP-C332RF6$,SYSTEM,DESKTOP-C332RF6,Negotiate,5,LogOn,Success
2026-03-01T12:26:32.738Z,DESKTOP-C332RF6$,SYSTEM,DESKTOP-C332RF6,Negotiate,5,LogOn,Success
2026-03-01T12:29:15.967Z,DESKTOP-C332RF6$,SYSTEM,DESKTOP-C332RF6,Negotiate,5,LogOn,Success
2026-03-01T12:33:45.015Z,DESKTOP-C332RF6$,SYSTEM,DESKTOP-C332RF6,Negotiate,5,LogOn,Success
2026-03-01T12:46:20.381Z,DESKTOP-C332RF6$,SYSTEM,DESKTOP-C332RF6,Negotiate,5,LogOn,Success
2026-03-01T12:46:25.323Z,DESKTOP-C332RF6$,SYSTEM,DESKTOP-C332RF6,Negotiate,5,LogOn,Success
2026-03-01T12:46:26.373Z,DESKTOP-C332RF6$,SYSTEM,DESKTOP-C332RF6,Negotiate,5,LogOn,Success
2026-03-01T12:58:44.774Z,DESKTOP-C332RF6$,SYSTEM,DESKTOP-C332RF6,Negotiate,5,LogOn,Success
2026-03-01T12:58:44.808Z,DESKTOP-C332RF6$,SYSTEM,DESKTOP-C332RF6,Negotiate,5,LogOn,Success
2026-03-01T12:58:55.649Z,DESKTOP-C332RF6$,SYSTEM,DESKTOP-C332RF6,Negotiate,5,LogOn,Success
2026-03-01T12:59:54.744Z,DESKTOP-C332RF6$,SYSTEM,DESKTOP-C332RF6,Negotiate,5,LogOn,Success
2026-03-01T13:03:41.694Z,DESKTOP-C332RF6$,SYSTEM,DESKTOP-C332RF6,Negotiate,5,LogOn,Success
2026-03-01T13:13:06.306Z,DESKTOP-C332RF6$,SYSTEM,DESKTOP-C332RF6,Negotiate,5,LogOn,Success
2026-03-01T13:19:35.960Z,DESKTOP-C332RF6$,SYSTEM,DESKTOP-C332RF6,Negotiate,5,LogOn,Success
2026-03-01T13:19:50.096Z,DESKTOP-C332RF6$,SYSTEM,DESKTOP-C332RF6,Negotiate,5,LogOn,Success
2026-03-01T13:21:33.555Z,DESKTOP-C332RF6$,SYSTEM,DESKTOP-C332RF6,Negotiate,5,LogOn,Success
2026-03-01T13:21:53.750Z,DESKTOP-C332RF6$,SYSTEM,DESKTOP-C332RF6,Negotiate,5,LogOn,Success
2026-03-01T13:22:54.608Z,DESKTOP-C332RF6$,SYSTEM,DESKTOP-C332RF6,Negotiate,5,LogOn,Success
2026-03-01T13:23:22.973Z,DESKTOP-C332RF6$,SYSTEM,DESKTOP-C332RF6,Negotiate,5,LogOn,Success
2026-03-01T13:29:18.059Z,DESKTOP-C332RF6$,SYSTEM,DESKTOP-C332RF6,Negotiate,5,LogOn,Success
2026-03-01T13:37:32.379Z,DESKTOP-C332RF6$,SYSTEM,DESKTOP-C332RF6,Negotiate,5,LogOn,Success
2026-03-01T13:39:36.467Z,DESKTOP-C332RF6$,SYSTEM,DESKTOP-C332RF6,Negotiate,5,LogOn,Success
2026-03-01T13:39:37.570Z,DESKTOP-C332RF6$,SYSTEM,DESKTOP-C332RF6,Negotiate,5,LogOn,Success
2026-03-01T13:46:51.223Z,DESKTOP-C332RF6$,SYSTEM,DESKTOP-C332RF6,Negotiate,5,LogOn,Success
2026-03-01T13:50:23.553Z,DESKTOP-C332RF6$,SYSTEM,DESKTOP-C332RF6,Negotiate,5,LogOn,Success
2026-03-01T13:52:41.298Z,DESKTOP-C332RF6$,SYSTEM,DESKTOP-C332RF6,Negotiate,5,LogOn,Success
2026-03-01T13:52:41.364Z,DESKTOP-C332RF6$,SYSTEM,DESKTOP-C332RF6,Negotiate,5,LogOn,Success
2026-03-01T13:53:20.161Z,DESKTOP-C332RF6$,SYSTEM,DESKTOP-C332RF6,Negotiate,5,LogOn,Success
2026-03-01T14:01:41.059Z,DESKTOP-C332RF6$,SYSTEM,DESKTOP-C332RF6,Negotiate,5,LogOn,Success
2026-03-01T14:02:23.752Z,DESKTOP-C332RF6$,SYSTEM,DESKTOP-C332RF6,Negotiate,5,LogOn,Success
2026-03-01T14:04:26.235Z,DESKTOP-C332RF6$,UMFD-23,DESKTOP-C332RF6,Negotiate,2,LogOn,Success
2026-03-01T14:04:26.272Z,DESKTOP-C332RF6$,DWM-23,DESKTOP-C332RF6,Negotiate,2,LogOn,Success
2026-03-01T14:04:26.272Z,DESKTOP-C332RF6$,DWM-23,DESKTOP-C332RF6,Negotiate,2,LogOn,Success
2026-03-01T14:04:26.343Z,DESKTOP-C332RF6$,SYSTEM,DESKTOP-C332RF6,Negotiate,5,LogOn,Success
2026-03-01T14:04:31.874Z,DESKTOP-C332RF6$,SYSTEM,DESKTOP-C332RF6,Negotiate,5,LogOn,Success
2026-03-01T14:04:31.877Z,,UMFD-22,DESKTOP-C332RF6,,2,LogOff,LogOff
2026-03-01T14:04:33.130Z,,DWM-22,DESKTOP-C332RF6,,2,LogOff,LogOff
2026-03-01T14:04:33.130Z,,DWM-22,DESKTOP-C332RF6,,2,LogOff,LogOff
2026-03-01T14:04:34.473Z,DESKTOP-C332RF6$,SYSTEM,DESKTOP-C332RF6,Negotiate,5,LogOn,Success
2026-03-02T07:42:16.796Z,DESKTOP-C332RF6$,PC,DESKTOP-C332RF6,Negotiate,2,LogOn,Success
2026-03-02T07:42:16.796Z,DESKTOP-C332RF6$,PC,DESKTOP-C332RF6,Negotiate,2,LogOn,Success
2026-03-02T07:42:21.345Z,DESKTOP-C332RF6$,SYSTEM,DESKTOP-C332RF6,Negotiate,5,LogOn,Success
2026-03-02T07:42:21.883Z,DESKTOP-C332RF6$,SYSTEM,DESKTOP-C332RF6,Negotiate,5,LogOn,Success
2026-03-02T07:42:28.173Z,DESKTOP-C332RF6$,SYSTEM,DESKTOP-C332RF6,Negotiate,5,LogOn,Success
2026-03-02T07:44:04.527Z,DESKTOP-C332RF6$,SYSTEM,DESKTOP-C332RF6,Negotiate,5,LogOn,Success
2026-03-02T07:48:14.428Z,DESKTOP-C332RF6$,SYSTEM,DESKTOP-C332RF6,Negotiate,5,LogOn,Success
2026-03-02T07:48:14.490Z,DESKTOP-C332RF6$,SYSTEM,DESKTOP-C332RF6,Negotiate,5,LogOn,Success
2026-03-02T07:48:45.652Z,DESKTOP-C332RF6$,SYSTEM,DESKTOP-C332RF6,Negotiate,5,LogOn,Success
2026-03-02T07:48:45.966Z,DESKTOP-C332RF6$,SYSTEM,DESKTOP-C332RF6,Negotiate,5,LogOn,Success
2026-03-02T07:49:10.028Z,DESKTOP-C332RF6$,SYSTEM,DESKTOP-C332RF6,Negotiate,5,LogOn,Success
2026-03-02T07:51:11.155Z,DESKTOP-C332RF6$,SYSTEM,DESKTOP-C332RF6,Negotiate,5,LogOn,Success
2026-03-02T07:51:11.600Z,DESKTOP-C332RF6$,SYSTEM,DESKTOP-C332RF6,Negotiate,5,LogOn,Success
2026-03-02T07:52:16.219Z,DESKTOP-C332RF6$,SYSTEM,DESKTOP-C332RF6,Negotiate,5,LogOn,Success
2026-03-02T07:52:24.839Z,DESKTOP-C332RF6$,SYSTEM,DESKTOP-C332RF6,Negotiate,5,LogOn,Success
2026-03-02T07:57:19.103Z,DESKTOP-C332RF6$,SYSTEM,DESKTOP-C332RF6,Negotiate,5,LogOn,Success
2026-03-02T07:57:22.819Z,DESKTOP-C332RF6$,SYSTEM,DESKTOP-C332RF6,Negotiate,5,LogOn,Success
2026-03-02T07:57:23.562Z,DESKTOP-C332RF6$,SYSTEM,DESKTOP-C332RF6,Negotiate,5,LogOn,Success
2026-03-02T07:58:57.578Z,DESKTOP-C332RF6$,SYSTEM,DESKTOP-C332RF6,Negotiate,5,LogOn,Success
2026-03-02T08:05:31.799Z,DESKTOP-C332RF6$,SYSTEM,DESKTOP-C332RF6,Negotiate,5,LogOn,Success
2026-03-02T08:06:22.604Z,DESKTOP-C332RF6$,SYSTEM,DESKTOP-C332RF6,Negotiate,5,LogOn,Success
2026-03-02T08:06:24.879Z,DESKTOP-C332RF6$,SYSTEM,DESKTOP-C332RF6,Negotiate,5,LogOn,Success
2026-03-02T08:08:24.077Z,DESKTOP-C332RF6$,SYSTEM,DESKTOP-C332RF6,Negotiate,5,LogOn,Success
2026-03-02T08:09:04.670Z,DESKTOP-C332RF6$,SYSTEM,DESKTOP-C332RF6,Negotiate,5,LogOn,Success
2026-03-02T08:09:09.040Z,DESKTOP-C332RF6$,SYSTEM,DESKTOP-C332RF6,Negotiate,5,LogOn,Success
2026-03-02T08:11:10.201Z,DESKTOP-C332RF6$,SYSTEM,DESKTOP-C332RF6,Negotiate,5,LogOn,Success
2026-03-02T08:11:10.618Z,DESKTOP-C332RF6$,SYSTEM,DESKTOP-C332RF6,Negotiate,5,LogOn,Success
2026-03-02T08:20:47.615Z,DESKTOP-C332RF6$,SYSTEM,DESKTOP-C332RF6,Negotiate,5,LogOn,Success
2026-03-02T08:21:22.718Z,DESKTOP-C332RF6$,SYSTEM,DESKTOP-C332RF6,Negotiate,5,LogOn,Success
2026-03-02T08:28:36.518Z,DESKTOP-C332RF6$,SYSTEM,DESKTOP-C332RF6,Negotiate,5,LogOn,Success
2026-03-02T08:30:50.454Z,DESKTOP-C332RF6$,SYSTEM,DESKTOP-C332RF6,Negotiate,5,LogOn,Success
2026-03-02T08:30:51.042Z,DESKTOP-C332RF6$,SYSTEM,DESKTOP-C332RF6,Negotiate,5,LogOn,Success
2026-03-02T08:30:54.889Z,DESKTOP-C332RF6$,SYSTEM,DESKTOP-C332RF6,Negotiate,5,LogOn,Success
2026-03-02T08:30:59.186Z,DESKTOP-C332RF6$,SYSTEM,DESKTOP-C332RF6,Negotiate,5,LogOn,Success
2026-03-02T08:33:00.224Z,DESKTOP-C332RF6$,SYSTEM,DESKTOP-C332RF6,Negotiate,5,LogOn,Success
2026-03-02T08:33:00.691Z,DESKTOP-C332RF6$,SYSTEM,DESKTOP-C332RF6,Negotiate,5,LogOn,Success
2026-03-02T08:42:46.870Z,DESKTOP-C332RF6$,SYSTEM,DESKTOP-C332RF6,Negotiate,5,LogOn,Success
2026-03-02T08:42:48.344Z,DESKTOP-C332RF6$,SYSTEM,DESKTOP-C332RF6,Negotiate,5,LogOn,Success
2026-03-02T08:43:48.619Z,DESKTOP-C332RF6$,SYSTEM,DESKTOP-C332RF6,Negotiate,5,LogOn,Success
2026-03-02T08:53:59.984Z,DESKTOP-C332RF6$,SYSTEM,DESKTOP-C332RF6,Negotiate,5,LogOn,Success
2026-03-02T08:58:56.433Z,DESKTOP-C332RF6$,SYSTEM,DESKTOP-C332RF6,Negotiate,5,LogOn,Success
2026-03-02T08:59:40.282Z,DESKTOP-C332RF6$,SYSTEM,DESKTOP-C332RF6,Negotiate,5,LogOn,Success
2026-03-02T08:59:41.159Z,DESKTOP-C332RF6$,SYSTEM,DESKTOP-C332RF6,Negotiate,5,LogOn,Success
2026-03-02T08:59:41.179Z,DESKTOP-C332RF6$,SYSTEM,DESKTOP-C332RF6,Negotiate,5,LogOn,Success
2026-03-02T08:59:41.607Z,DESKTOP-C332RF6$,SYSTEM,DESKTOP-C332RF6,Negotiate,5,LogOn,Success
2026-03-02T08:59:42.373Z,DESKTOP-C332RF6$,SYSTEM,DESKTOP-C332RF6,Negotiate,5,LogOn,Success
2026-03-02T08:59:44.284Z,DESKTOP-C332RF6$,SYSTEM,DESKTOP-C332RF6,Negotiate,5,LogOn,Success
2026-03-02T08:59:44.988Z,DESKTOP-C332RF6$,SYSTEM,DESKTOP-C332RF6,Negotiate,5,LogOn,Success
2026-03-02T08:59:48.504Z,DESKTOP-C332RF6$,SYSTEM,DESKTOP-C332RF6,Negotiate,5,LogOn,Success
2026-03-02T08:59:54.704Z,DESKTOP-C332RF6$,PC,DESKTOP-C332RF6,Negotiate,2,LogOn,Success
2026-03-02T08:59:54.704Z,DESKTOP-C332RF6$,PC,DESKTOP-C332RF6,Negotiate,2,LogOn,Success
2026-03-02T08:59:54.705Z,,PC,DESKTOP-C332RF6,,2,LogOff,LogOff
2026-03-02T08:59:54.705Z,,PC,DESKTOP-C332RF6,,2,LogOff,LogOff
2026-03-02T09:01:50.513Z,DESKTOP-C332RF6$,SYSTEM,DESKTOP-C332RF6,Negotiate,5,LogOn,Success
2026-03-02T09:01:50.761Z,DESKTOP-C332RF6$,SYSTEM,DESKTOP-C332RF6,Negotiate,5,LogOn,Success
2026-03-02T09:03:56.603Z,DESKTOP-C332RF6$,SYSTEM,DESKTOP-C332RF6,Negotiate,5,LogOn,Success
2026-03-02T09:03:59.556Z,DESKTOP-C332RF6$,SYSTEM,DESKTOP-C332RF6,Negotiate,5,LogOn,Success
2026-03-02T09:04:58.304Z,DESKTOP-C332RF6$,SYSTEM,DESKTOP-C332RF6,Negotiate,5,LogOn,Success
2026-03-02T09:09:55.099Z,DESKTOP-C332RF6$,SYSTEM,DESKTOP-C332RF6,Negotiate,5,LogOn,Success
2026-03-02T09:09:55.480Z,DESKTOP-C332RF6$,SYSTEM,DESKTOP-C332RF6,Negotiate,5,LogOn,Success
2026-03-02T09:10:01.928Z,DESKTOP-C332RF6$,PC,DESKTOP-C332RF6,Negotiate,2,LogOn,Success
2026-03-02T09:10:01.928Z,DESKTOP-C332RF6$,PC,DESKTOP-C332RF6,Negotiate,2,LogOn,Success
2026-03-02T09:10:01.930Z,,PC,DESKTOP-C332RF6,,2,LogOff,LogOff
2026-03-02T09:10:01.930Z,,PC,DESKTOP-C332RF6,,2,LogOff,LogOff
2026-03-02T09:16:02.263Z,DESKTOP-C332RF6$,SYSTEM,DESKTOP-C332RF6,Negotiate,5,LogOn,Success
2026-03-02T09:16:03.544Z,DESKTOP-C332RF6$,SYSTEM,DESKTOP-C332RF6,Negotiate,5,LogOn,Success
2026-03-02T09:16:07.892Z,DESKTOP-C332RF6$,SYSTEM,DESKTOP-C332RF6,Negotiate,5,LogOn,Success
2026-03-02T09:17:04.078Z,DESKTOP-C332RF6$,SYSTEM,DESKTOP-C332RF6,Negotiate,5,LogOn,Success
2026-03-02T09:18:08.948Z,DESKTOP-C332RF6$,SYSTEM,DESKTOP-C332RF6,Negotiate,5,LogOn,Success
2026-03-02T09:18:09.379Z,DESKTOP-C332RF6$,SYSTEM,DESKTOP-C332RF6,Negotiate,5,LogOn,Success
2026-03-02T09:20:42.346Z,DESKTOP-C332RF6$,SYSTEM,DESKTOP-C332RF6,Negotiate,5,LogOn,Success
2026-03-02T09:20:42.480Z,DESKTOP-C332RF6$,SYSTEM,DESKTOP-C332RF6,Negotiate,5,LogOn,Success
2026-03-02T09:20:43.410Z,DESKTOP-C332RF6$,SYSTEM,DESKTOP-C332RF6,Negotiate,5,LogOn,Success
2026-03-02T09:23:15.462Z,DESKTOP-C332RF6$,SYSTEM,DESKTOP-C332RF6,Negotiate,5,LogOn,Success
2026-03-02T09:25:46.676Z,DESKTOP-C332RF6$,SYSTEM,DESKTOP-C332RF6,Negotiate,5,LogOn,Success
2026-03-02T09:28:59.144Z,DESKTOP-C332RF6$,SYSTEM,DESKTOP-C332RF6,Negotiate,5,LogOn,Success
2026-03-02T09:29:00.294Z,DESKTOP-C332RF6$,SYSTEM,DESKTOP-C332RF6,Negotiate,5,LogOn,Success
2026-03-02T09:29:05.881Z,DESKTOP-C332RF6$,SYSTEM,DESKTOP-C332RF6,Negotiate,5,LogOn,Success
2026-03-02T09:31:08.312Z,DESKTOP-C332RF6$,SYSTEM,DESKTOP-C332RF6,Negotiate,5,LogOn,Success
2026-03-02T09:33:25.763Z,DESKTOP-C332RF6$,SYSTEM,DESKTOP-C332RF6,Negotiate,5,LogOn,Success
2026-03-02T09:36:04.516Z,DESKTOP-C332RF6$,SYSTEM,DESKTOP-C332RF6,Negotiate,5,LogOn,Success
2026-03-02T09:36:08.848Z,DESKTOP-C332RF6$,SYSTEM,DESKTOP-C332RF6,Negotiate,5,LogOn,Success
2026-03-02T09:38:04.918Z,DESKTOP-C332RF6$,SYSTEM,DESKTOP-C332RF6,Negotiate,5,LogOn,Success
2026-03-02T09:38:09.980Z,DESKTOP-C332RF6$,SYSTEM,DESKTOP-C332RF6,Negotiate,5,LogOn,Success
2026-03-02T09:38:10.492Z,DESKTOP-C332RF6$,SYSTEM,DESKTOP-C332RF6,Negotiate,5,LogOn,Success
2026-03-02T09:49:59.713Z,DESKTOP-C332RF6$,SYSTEM,DESKTOP-C332RF6,Negotiate,5,LogOn,Success
2026-03-02T09:50:09.560Z,DESKTOP-C332RF6$,SYSTEM,DESKTOP-C332RF6,Negotiate,5,LogOn,Success
2026-03-02T09:50:10.781Z,DESKTOP-C332RF6$,SYSTEM,DESKTOP-C332RF6,Negotiate,5,LogOn,Success
2026-03-02T09:56:04.619Z,DESKTOP-C332RF6$,SYSTEM,DESKTOP-C332RF6,Negotiate,5,LogOn,Success
2026-03-02T09:56:08.928Z,DESKTOP-C332RF6$,SYSTEM,DESKTOP-C332RF6,Negotiate,5,LogOn,Success
2026-03-02T09:58:09.956Z,DESKTOP-C332RF6$,SYSTEM,DESKTOP-C332RF6,Negotiate,5,LogOn,Success
2026-03-02T09:58:10.413Z,DESKTOP-C332RF6$,SYSTEM,DESKTOP-C332RF6,Negotiate,5,LogOn,Success
2026-03-02T10:11:45.724Z,DESKTOP-C332RF6$,SYSTEM,DESKTOP-C332RF6,Negotiate,5,LogOn,Success
2026-03-02T10:13:26.669Z,DESKTOP-C332RF6$,SYSTEM,DESKTOP-C332RF6,Negotiate,5,LogOn,Success
2026-03-02T10:15:10.097Z,DESKTOP-C332RF6$,SYSTEM,DESKTOP-C332RF6,Negotiate,5,LogOn,Success
2026-03-02T10:15:13.990Z,DESKTOP-C332RF6$,SYSTEM,DESKTOP-C332RF6,Negotiate,5,LogOn,Success
2026-03-02T10:15:14.360Z,DESKTOP-C332RF6$,SYSTEM,DESKTOP-C332RF6,Negotiate,5,LogOn,Success
2026-03-02T10:16:04.602Z,DESKTOP-C332RF6$,SYSTEM,DESKTOP-C332RF6,Negotiate,5,LogOn,Success
2026-03-02T10:16:08.942Z,DESKTOP-C332RF6$,SYSTEM,DESKTOP-C332RF6,Negotiate,5,LogOn,Success
2026-03-02T10:18:10.182Z,DESKTOP-C332RF6$,SYSTEM,DESKTOP-C332RF6,Negotiate,5,LogOn,Success
2026-03-02T10:18:10.612Z,DESKTOP-C332RF6$,SYSTEM,DESKTOP-C332RF6,Negotiate,5,LogOn,Success
2026-03-02T10:21:38.155Z,DESKTOP-C332RF6$,SYSTEM,DESKTOP-C332RF6,Negotiate,5,LogOn,Success
2026-03-02T10:29:09.261Z,DESKTOP-C332RF6$,SYSTEM,DESKTOP-C332RF6,Negotiate,5,LogOn,Success
2026-03-02T10:29:09.853Z,DESKTOP-C332RF6$,SYSTEM,DESKTOP-C332RF6,Negotiate,5,LogOn,Success
2026-03-02T10:35:11.686Z,DESKTOP-C332RF6$,SYSTEM,DESKTOP-C332RF6,Negotiate,5,LogOn,Success
2026-03-02T10:41:03.996Z,DESKTOP-C332RF6$,SYSTEM,DESKTOP-C332RF6,Negotiate,5,LogOn,Success
2026-03-02T10:41:08.333Z,DESKTOP-C332RF6$,SYSTEM,DESKTOP-C332RF6,Negotiate,5,LogOn,Success
2026-03-02T10:42:48.610Z,DESKTOP-C332RF6$,SYSTEM,DESKTOP-C332RF6,Negotiate,5,LogOn,Success
2026-03-02T10:43:09.468Z,DESKTOP-C332RF6$,SYSTEM,DESKTOP-C332RF6,Negotiate,5,LogOn,Success
2026-03-02T10:43:09.872Z,DESKTOP-C332RF6$,SYSTEM,DESKTOP-C332RF6,Negotiate,5,LogOn,Success
2026-03-02T10:44:57.292Z,DESKTOP-C332RF6$,SYSTEM,DESKTOP-C332RF6,Negotiate,5,LogOn,Success
2026-03-02T10:45:24.365Z,DESKTOP-C332RF6$,SYSTEM,DESKTOP-C332RF6,Negotiate,5,LogOn,Success
2026-03-02T10:49:54.397Z,DESKTOP-C332RF6$,SYSTEM,DESKTOP-C332RF6,Negotiate,5,LogOn,Success
2026-03-02T10:52:55.254Z,DESKTOP-C332RF6$,SYSTEM,DESKTOP-C332RF6,Negotiate,5,LogOn,Success
2026-03-02T10:53:32.402Z,DESKTOP-C332RF6$,SYSTEM,DESKTOP-C332RF6,Negotiate,5,LogOn,Success
2026-03-02T10:53:40.206Z,DESKTOP-C332RF6$,SYSTEM,DESKTOP-C332RF6,Negotiate,5,LogOn,Success
2026-03-02T10:53:40.801Z,DESKTOP-C332RF6$,SYSTEM,DESKTOP-C332RF6,Negotiate,5,LogOn,Success
2026-03-02T11:01:28.088Z,DESKTOP-C332RF6$,SYSTEM,DESKTOP-C332RF6,Negotiate,5,LogOn,Success
2026-03-02T11:05:04.886Z,DESKTOP-C332RF6$,SYSTEM,DESKTOP-C332RF6,Negotiate,5,LogOn,Success
2026-03-02T11:05:09.192Z,DESKTOP-C332RF6$,SYSTEM,DESKTOP-C332RF6,Negotiate,5,LogOn,Success
2026-03-02T11:07:10.337Z,DESKTOP-C332RF6$,SYSTEM,DESKTOP-C332RF6,Negotiate,5,LogOn,Success
2026-03-02T11:07:10.787Z,DESKTOP-C332RF6$,SYSTEM,DESKTOP-C332RF6,Negotiate,5,LogOn,Success
2026-03-02T11:08:14.367Z,DESKTOP-C332RF6$,SYSTEM,DESKTOP-C332RF6,Negotiate,5,LogOn,Success
2026-03-02T11:08:19.235Z,DESKTOP-C332RF6$,SYSTEM,DESKTOP-C332RF6,Negotiate,5,LogOn,Success
2026-03-02T11:08:21.230Z,DESKTOP-C332RF6$,SYSTEM,DESKTOP-C332RF6,Negotiate,5,LogOn,Success
2026-03-02T11:16:50.188Z,DESKTOP-C332RF6$,SYSTEM,DESKTOP-C332RF6,Negotiate,5,LogOn,Success
2026-03-02T11:18:35.914Z,DESKTOP-C332RF6$,SYSTEM,DESKTOP-C332RF6,Negotiate,5,LogOn,Success
2026-03-02T11:18:36.517Z,DESKTOP-C332RF6$,SYSTEM,DESKTOP-C332RF6,Negotiate,5,LogOn,Success
2026-03-02T11:19:03.934Z,DESKTOP-C332RF6$,UMFD-24,DESKTOP-C332RF6,Negotiate,2,LogOn,Success
2026-03-02T11:19:03.986Z,DESKTOP-C332RF6$,SYSTEM,DESKTOP-C332RF6,Negotiate,5,LogOn,Success
2026-03-02T11:19:03.992Z,DESKTOP-C332RF6$,DWM-24,DESKTOP-C332RF6,Negotiate,2,LogOn,Success
2026-03-02T11:19:03.992Z,DESKTOP-C332RF6$,DWM-24,DESKTOP-C332RF6,Negotiate,2,LogOn,Success
2026-03-02T11:19:05.349Z,DESKTOP-C332RF6$,SYSTEM,DESKTOP-C332RF6,Negotiate,5,LogOn,Success
2026-03-02T11:19:06.471Z,DESKTOP-C332RF6$,SYSTEM,DESKTOP-C332RF6,Negotiate,5,LogOn,Success
2026-03-02T11:19:09.918Z,DESKTOP-C332RF6$,SYSTEM,DESKTOP-C332RF6,Negotiate,5,LogOn,Success
2026-03-02T11:19:09.924Z,,UMFD-23,DESKTOP-C332RF6,,2,LogOff,LogOff
2026-03-02T11:19:11.173Z,,DWM-23,DESKTOP-C332RF6,,2,LogOff,LogOff
2026-03-02T11:19:11.173Z,,DWM-23,DESKTOP-C332RF6,,2,LogOff,LogOff
2026-03-02T11:19:14.635Z,DESKTOP-C332RF6$,SYSTEM,DESKTOP-C332RF6,Negotiate,5,LogOn,Success
2026-03-02T21:39:20.807Z,DESKTOP-C332RF6$,PC,DESKTOP-C332RF6,Negotiate,2,LogOn,Success
2026-03-02T21:39:20.807Z,DESKTOP-C332RF6$,PC,DESKTOP-C332RF6,Negotiate,2,LogOn,Success
2026-03-02T21:39:25.215Z,DESKTOP-C332RF6$,SYSTEM,DESKTOP-C332RF6,Negotiate,5,LogOn,Success
2026-03-02T21:39:35.227Z,DESKTOP-C332RF6$,SYSTEM,DESKTOP-C332RF6,Negotiate,5,LogOn,Success
2026-03-02T21:41:06.565Z,DESKTOP-C332RF6$,SYSTEM,DESKTOP-C332RF6,Negotiate,5,LogOn,Success
2026-03-02T21:41:32.690Z,DESKTOP-C332RF6$,SYSTEM,DESKTOP-C332RF6,Negotiate,5,LogOn,Success
2026-03-02T21:43:48.019Z,DESKTOP-C332RF6$,SYSTEM,DESKTOP-C332RF6,Negotiate,5,LogOn,Success
2026-03-02T21:45:17.550Z,DESKTOP-C332RF6$,SYSTEM,DESKTOP-C332RF6,Negotiate,5,LogOn,Success
2026-03-02T21:45:17.774Z,DESKTOP-C332RF6$,SYSTEM,DESKTOP-C332RF6,Negotiate,5,LogOn,Success
2026-03-02T21:46:03.054Z,DESKTOP-C332RF6$,SYSTEM,DESKTOP-C332RF6,Negotiate,5,LogOn,Success
2026-03-02T21:46:07.273Z,DESKTOP-C332RF6$,SYSTEM,DESKTOP-C332RF6,Negotiate,5,LogOn,Success
2026-03-02T21:47:08.856Z,DESKTOP-C332RF6$,SYSTEM,DESKTOP-C332RF6,Negotiate,5,LogOn,Success
2026-03-02T21:48:07.668Z,DESKTOP-C332RF6$,SYSTEM,DESKTOP-C332RF6,Negotiate,5,LogOn,Success
2026-03-02T21:48:07.852Z,DESKTOP-C332RF6$,SYSTEM,DESKTOP-C332RF6,Negotiate,5,LogOn,Success
2026-03-02T21:50:53.071Z,DESKTOP-C332RF6$,SYSTEM,DESKTOP-C332RF6,Negotiate,5,LogOn,Success
2026-03-02T21:50:53.367Z,DESKTOP-C332RF6$,SYSTEM,DESKTOP-C332RF6,Negotiate,5,LogOn,Success
2026-03-02T21:50:56.996Z,DESKTOP-C332RF6$,SYSTEM,DESKTOP-C332RF6,Negotiate,5,LogOn,Success
2026-03-02T21:51:09.400Z,DESKTOP-C332RF6$,SYSTEM,DESKTOP-C332RF6,Negotiate,5,LogOn,Success
2026-03-02T21:51:09.429Z,DESKTOP-C332RF6$,SYSTEM,DESKTOP-C332RF6,Negotiate,5,LogOn,Success
2026-03-02T21:53:53.744Z,DESKTOP-C332RF6$,SYSTEM,DESKTOP-C332RF6,Negotiate,5,LogOn,Success
2026-03-02T21:54:23.262Z,DESKTOP-C332RF6$,SYSTEM,DESKTOP-C332RF6,Negotiate,5,LogOn,Success
2026-03-02T21:54:26.472Z,DESKTOP-C332RF6$,SYSTEM,DESKTOP-C332RF6,Negotiate,5,LogOn,Success
2026-03-02T21:54:26.545Z,DESKTOP-C332RF6$,SYSTEM,DESKTOP-C332RF6,Negotiate,5,LogOn,Success
2026-03-02T21:54:27.527Z,DESKTOP-C332RF6$,SYSTEM,DESKTOP-C332RF6,Negotiate,5,LogOn,Success
2026-03-02T21:55:42.147Z,DESKTOP-C332RF6$,SYSTEM,DESKTOP-C332RF6,Negotiate,5,LogOn,Success
2026-03-02T22:02:03.401Z,DESKTOP-C332RF6$,SYSTEM,DESKTOP-C332RF6,Negotiate,5,LogOn,Success
2026-03-02T22:06:03.522Z,DESKTOP-C332RF6$,SYSTEM,DESKTOP-C332RF6,Negotiate,5,LogOn,Success
2026-03-02T22:06:07.758Z,DESKTOP-C332RF6$,SYSTEM,DESKTOP-C332RF6,Negotiate,5,LogOn,Success
2026-03-02T22:08:08.214Z,DESKTOP-C332RF6$,SYSTEM,DESKTOP-C332RF6,Negotiate,5,LogOn,Success
2026-03-02T22:08:08.436Z,DESKTOP-C332RF6$,SYSTEM,DESKTOP-C332RF6,Negotiate,5,LogOn,Success
2026-03-02T22:09:27.095Z,DESKTOP-C332RF6$,SYSTEM,DESKTOP-C332RF6,Negotiate,5,LogOn,Success
2026-03-02T22:14:25.378Z,DESKTOP-C332RF6$,SYSTEM,DESKTOP-C332RF6,Negotiate,5,LogOn,Success
2026-03-02T22:21:02.080Z,DESKTOP-C332RF6$,SYSTEM,DESKTOP-C332RF6,Negotiate,5,LogOn,Success
2026-03-02T22:24:27.149Z,DESKTOP-C332RF6$,SYSTEM,DESKTOP-C332RF6,Negotiate,5,LogOn,Success
2026-03-02T22:25:36.022Z,DESKTOP-C332RF6$,SYSTEM,DESKTOP-C332RF6,Negotiate,5,LogOn,Success
2026-03-02T22:26:03.526Z,DESKTOP-C332RF6$,SYSTEM,DESKTOP-C332RF6,Negotiate,5,LogOn,Success
2026-03-02T22:26:07.726Z,DESKTOP-C332RF6$,SYSTEM,DESKTOP-C332RF6,Negotiate,5,LogOn,Success
2026-03-02T22:28:08.247Z,DESKTOP-C332RF6$,SYSTEM,DESKTOP-C332RF6,Negotiate,5,LogOn,Success
2026-03-02T22:28:08.454Z,DESKTOP-C332RF6$,SYSTEM,DESKTOP-C332RF6,Negotiate,5,LogOn,Success
2026-03-02T22:39:27.207Z,DESKTOP-C332RF6$,SYSTEM,DESKTOP-C332RF6,Negotiate,5,LogOn,Success
2026-03-02T22:39:49.292Z,DESKTOP-C332RF6$,SYSTEM,DESKTOP-C332RF6,Negotiate,5,LogOn,Success
2026-03-02T22:46:04.133Z,DESKTOP-C332RF6$,SYSTEM,DESKTOP-C332RF6,Negotiate,5,LogOn,Success
2026-03-02T22:46:08.350Z,DESKTOP-C332RF6$,SYSTEM,DESKTOP-C332RF6,Negotiate,5,LogOn,Success
2026-03-02T22:48:08.910Z,DESKTOP-C332RF6$,SYSTEM,DESKTOP-C332RF6,Negotiate,5,LogOn,Success
2026-03-02T22:48:09.120Z,DESKTOP-C332RF6$,SYSTEM,DESKTOP-C332RF6,Negotiate,5,LogOn,Success
2026-03-02T22:48:14.308Z,DESKTOP-C332RF6$,SYSTEM,DESKTOP-C332RF6,Negotiate,5,LogOn,Success
2026-03-02T22:54:27.271Z,DESKTOP-C332RF6$,SYSTEM,DESKTOP-C332RF6,Negotiate,5,LogOn,Success
2026-03-02T22:56:31.662Z,DESKTOP-C332RF6$,SYSTEM,DESKTOP-C332RF6,Negotiate,5,LogOn,Success
2026-03-02T22:59:37.312Z,DESKTOP-C332RF6$,SYSTEM,DESKTOP-C332RF6,Negotiate,5,LogOn,Success
2026-03-02T23:02:04.051Z,DESKTOP-C332RF6$,SYSTEM,DESKTOP-C332RF6,Negotiate,5,LogOn,Success
2026-03-02T23:09:27.333Z,DESKTOP-C332RF6$,SYSTEM,DESKTOP-C332RF6,Negotiate,5,LogOn,Success
2026-03-02T23:13:09.989Z,DESKTOP-C332RF6$,SYSTEM,DESKTOP-C332RF6,Negotiate,5,LogOn,Success
2026-03-02T23:14:45.161Z,DESKTOP-C332RF6$,SYSTEM,DESKTOP-C332RF6,Negotiate,5,LogOn,Success
2026-03-02T23:14:55.691Z,DESKTOP-C332RF6$,SYSTEM,DESKTOP-C332RF6,Negotiate,5,LogOn,Success
2026-03-02T23:19:52.414Z,DESKTOP-C332RF6$,SYSTEM,DESKTOP-C332RF6,Negotiate,5,LogOn,Success
2026-03-02T23:19:53.233Z,DESKTOP-C332RF6$,SYSTEM,DESKTOP-C332RF6,Negotiate,5,LogOn,Success
2026-03-02T23:19:53.849Z,DESKTOP-C332RF6$,SYSTEM,DESKTOP-C332RF6,Negotiate,5,LogOn,Success
2026-03-02T23:19:54.221Z,DESKTOP-C332RF6$,SYSTEM,DESKTOP-C332RF6,Negotiate,5,LogOn,Success
2026-03-02T23:19:59.183Z,DESKTOP-C332RF6$,SYSTEM,DESKTOP-C332RF6,Negotiate,5,LogOn,Success
2026-03-02T23:20:07.361Z,DESKTOP-C332RF6$,UMFD-25,DESKTOP-C332RF6,Negotiate,2,LogOn,Success
2026-03-02T23:20:07.389Z,DESKTOP-C332RF6$,DWM-25,DESKTOP-C332RF6,Negotiate,2,LogOn,Success
2026-03-02T23:20:07.389Z,DESKTOP-C332RF6$,DWM-25,DESKTOP-C332RF6,Negotiate,2,LogOn,Success
2026-03-02T23:20:09.162Z,DESKTOP-C332RF6$,SYSTEM,DESKTOP-C332RF6,Negotiate,5,LogOn,Success
2026-03-02T23:20:12.872Z,,UMFD-24,DESKTOP-C332RF6,,2,LogOff,LogOff
2026-03-02T23:20:12.947Z,DESKTOP-C332RF6$,SYSTEM,DESKTOP-C332RF6,Negotiate,5,LogOn,Success
2026-03-03T04:39:33.545Z,,DWM-24,DESKTOP-C332RF6,,2,LogOff,LogOff
2026-03-03T04:39:33.545Z,,DWM-24,DESKTOP-C332RF6,,2,LogOff,LogOff
2026-03-03T04:39:35.699Z,DESKTOP-C332RF6$,PC,DESKTOP-C332RF6,Negotiate,2,LogOn,Success
2026-03-03T04:39:35.699Z,DESKTOP-C332RF6$,PC,DESKTOP-C332RF6,Negotiate,2,LogOn,Success
2026-03-03T04:39:38.740Z,DESKTOP-C332RF6$,SYSTEM,DESKTOP-C332RF6,Negotiate,5,LogOn,Success
2026-03-03T04:39:46.626Z,DESKTOP-C332RF6$,SYSTEM,DESKTOP-C332RF6,Negotiate,5,LogOn,Success
2026-03-03T04:39:51.013Z,DESKTOP-C332RF6$,SYSTEM,DESKTOP-C332RF6,Negotiate,5,LogOn,Success
2026-03-03T04:40:40.008Z,DESKTOP-C332RF6$,UMFD-26,DESKTOP-C332RF6,Negotiate,2,LogOn,Success
2026-03-03T04:40:40.049Z,DESKTOP-C332RF6$,DWM-26,DESKTOP-C332RF6,Negotiate,2,LogOn,Success
2026-03-03T04:40:40.049Z,DESKTOP-C332RF6$,DWM-26,DESKTOP-C332RF6,Negotiate,2,LogOn,Success
2026-03-03T04:40:40.153Z,DESKTOP-C332RF6$,SYSTEM,DESKTOP-C332RF6,Negotiate,5,LogOn,Success
2026-03-03T04:40:49.193Z,DESKTOP-C332RF6$,SYSTEM,DESKTOP-C332RF6,Negotiate,5,LogOn,Success
2026-03-03T04:40:49.594Z,,UMFD-25,DESKTOP-C332RF6,,2,LogOff,LogOff
2026-03-03T04:40:50.139Z,DESKTOP-C332RF6$,SYSTEM,DESKTOP-C332RF6,Negotiate,5,LogOn,Success
2026-03-03T07:47:43.633Z,,DWM-25,DESKTOP-C332RF6,,2,LogOff,LogOff
2026-03-03T07:47:43.633Z,,DWM-25,DESKTOP-C332RF6,,2,LogOff,LogOff
2026-03-03T07:47:45.543Z,DESKTOP-C332RF6$,PC,DESKTOP-C332RF6,Negotiate,2,LogOn,Success
2026-03-03T07:47:45.543Z,DESKTOP-C332RF6$,PC,DESKTOP-C332RF6,Negotiate,2,LogOn,Success
2026-03-03T07:47:46.409Z,DESKTOP-C332RF6$,SYSTEM,DESKTOP-C332RF6,Negotiate,5,LogOn,Success
2026-03-03T07:50:00.570Z,DESKTOP-C332RF6$,SYSTEM,DESKTOP-C332RF6,Negotiate,5,LogOn,Success
2026-03-03T07:53:44.856Z,DESKTOP-C332RF6$,SYSTEM,DESKTOP-C332RF6,Negotiate,5,LogOn,Success
2026-03-03T07:53:44.918Z,DESKTOP-C332RF6$,SYSTEM,DESKTOP-C332RF6,Negotiate,5,LogOn,Success
2026-03-03T07:54:01.852Z,DESKTOP-C332RF6$,SYSTEM,DESKTOP-C332RF6,Negotiate,5,LogOn,Success
2026-03-03T07:56:32.344Z,DESKTOP-C332RF6$,SYSTEM,DESKTOP-C332RF6,Negotiate,5,LogOn,Success
2026-03-03T08:02:36.803Z,DESKTOP-C332RF6$,SYSTEM,DESKTOP-C332RF6,Negotiate,5,LogOn,Success
2026-03-03T08:02:46.843Z,DESKTOP-C332RF6$,SYSTEM,DESKTOP-C332RF6,Negotiate,5,LogOn,Success
2026-03-03T08:02:47.513Z,DESKTOP-C332RF6$,SYSTEM,DESKTOP-C332RF6,Negotiate,5,LogOn,Success
2026-03-03T08:03:02.385Z,DESKTOP-C332RF6$,SYSTEM,DESKTOP-C332RF6,Negotiate,5,LogOn,Success
2026-03-03T08:06:01.368Z,DESKTOP-C332RF6$,SYSTEM,DESKTOP-C332RF6,Negotiate,5,LogOn,Success
2026-03-03T08:12:23.378Z,DESKTOP-C332RF6$,SYSTEM,DESKTOP-C332RF6,Negotiate,5,LogOn,Success
2026-03-03T08:18:53.232Z,DESKTOP-C332RF6$,SYSTEM,DESKTOP-C332RF6,Negotiate,5,LogOn,Success
2026-03-03T08:26:32.444Z,DESKTOP-C332RF6$,SYSTEM,DESKTOP-C332RF6,Negotiate,5,LogOn,Success
2026-03-03T08:33:05.655Z,DESKTOP-C332RF6$,SYSTEM,DESKTOP-C332RF6,Negotiate,5,LogOn,Success
2026-03-03T08:39:22.715Z,DESKTOP-C332RF6$,SYSTEM,DESKTOP-C332RF6,Negotiate,5,LogOn,Success
2026-03-03T08:39:27.822Z,DESKTOP-C332RF6$,SYSTEM,DESKTOP-C332RF6,Negotiate,5,LogOn,Success
2026-03-03T08:51:43.858Z,DESKTOP-C332RF6$,SYSTEM,DESKTOP-C332RF6,Negotiate,5,LogOn,Success
2026-03-03T08:52:13.002Z,DESKTOP-C332RF6$,SYSTEM,DESKTOP-C332RF6,Negotiate,5,LogOn,Success
2026-03-03T08:54:30.343Z,DESKTOP-C332RF6$,SYSTEM,DESKTOP-C332RF6,Negotiate,5,LogOn,Success
2026-03-03T08:58:14.936Z,DESKTOP-C332RF6$,SYSTEM,DESKTOP-C332RF6,Negotiate,5,LogOn,Success
2026-03-03T08:58:15.031Z,DESKTOP-C332RF6$,SYSTEM,DESKTOP-C332RF6,Negotiate,5,LogOn,Success
2026-03-03T08:58:18.963Z,DESKTOP-C332RF6$,SYSTEM,DESKTOP-C332RF6,Negotiate,5,LogOn,Success
2026-03-03T08:58:19.019Z,DESKTOP-C332RF6$,PC,DESKTOP-C332RF6,Negotiate,2,LogOn,Success
2026-03-03T08:58:19.019Z,DESKTOP-C332RF6$,PC,DESKTOP-C332RF6,Negotiate,2,LogOn,Success
2026-03-03T08:58:19.022Z,,PC,DESKTOP-C332RF6,,2,LogOff,LogOff
2026-03-03T08:58:19.022Z,,PC,DESKTOP-C332RF6,,2,LogOff,LogOff
2026-03-03T08:59:43.706Z,DESKTOP-C332RF6$,SYSTEM,DESKTOP-C332RF6,Negotiate,5,LogOn,Success
2026-03-03T09:13:17.373Z,DESKTOP-C332RF6$,SYSTEM,DESKTOP-C332RF6,Negotiate,5,LogOn,Success
2026-03-03T09:19:00.012Z,DESKTOP-C332RF6$,SYSTEM,DESKTOP-C332RF6,Negotiate,5,LogOn,Success
2026-03-03T09:19:01.451Z,DESKTOP-C332RF6$,SYSTEM,DESKTOP-C332RF6,Negotiate,5,LogOn,Success
2026-03-03T09:23:46.086Z,DESKTOP-C332RF6$,SYSTEM,DESKTOP-C332RF6,Negotiate,5,LogOn,Success
2026-03-03T09:27:07.050Z,DESKTOP-C332RF6$,SYSTEM,DESKTOP-C332RF6,Negotiate,5,LogOn,Success
2026-03-03T09:29:01.034Z,DESKTOP-C332RF6$,SYSTEM,DESKTOP-C332RF6,Negotiate,5,LogOn,Success
2026-03-03T09:34:08.620Z,DESKTOP-C332RF6$,SYSTEM,DESKTOP-C332RF6,Negotiate,5,LogOn,Success
2026-03-03T09:34:12.251Z,DESKTOP-C332RF6$,SYSTEM,DESKTOP-C332RF6,Negotiate,5,LogOn,Success
2026-03-03T09:43:17.474Z,DESKTOP-C332RF6$,SYSTEM,DESKTOP-C332RF6,Negotiate,5,LogOn,Success
2026-03-03T09:48:14.104Z,DESKTOP-C332RF6$,SYSTEM,DESKTOP-C332RF6,Negotiate,5,LogOn,Success
2026-03-03T09:50:00.963Z,DESKTOP-C332RF6$,SYSTEM,DESKTOP-C332RF6,Negotiate,5,LogOn,Success
2026-03-03T10:01:53.093Z,DESKTOP-C332RF6$,SYSTEM,DESKTOP-C332RF6,Negotiate,5,LogOn,Success
2026-03-03T10:01:53.527Z,DESKTOP-C332RF6$,SYSTEM,DESKTOP-C332RF6,Negotiate,5,LogOn,Success
2026-03-03T10:01:53.693Z,DESKTOP-C332RF6$,SYSTEM,DESKTOP-C332RF6,Negotiate,5,LogOn,Success
2026-03-03T10:01:53.804Z,DESKTOP-C332RF6$,SYSTEM,DESKTOP-C332RF6,Negotiate,5,LogOn,Success
2026-03-03T10:01:55.155Z,DESKTOP-C332RF6$,SYSTEM,DESKTOP-C332RF6,Negotiate,5,LogOn,Success
2026-03-03T10:05:31.212Z,DESKTOP-C332RF6$,UMFD-27,DESKTOP-C332RF6,Negotiate,2,LogOn,Success
2026-03-03T10:05:31.265Z,DESKTOP-C332RF6$,DWM-27,DESKTOP-C332RF6,Negotiate,2,LogOn,Success
2026-03-03T10:05:31.265Z,DESKTOP-C332RF6$,DWM-27,DESKTOP-C332RF6,Negotiate,2,LogOn,Success
2026-03-03T10:05:31.357Z,DESKTOP-C332RF6$,SYSTEM,DESKTOP-C332RF6,Negotiate,5,LogOn,Success
2026-03-03T10:05:37.298Z,DESKTOP-C332RF6$,SYSTEM,DESKTOP-C332RF6,Negotiate,5,LogOn,Success
2026-03-03T10:05:37.360Z,,UMFD-26,DESKTOP-C332RF6,,2,LogOff,LogOff
2026-03-03T10:05:38.616Z,,DWM-26,DESKTOP-C332RF6,,2,LogOff,LogOff
2026-03-03T10:05:38.616Z,,DWM-26,DESKTOP-C332RF6,,2,LogOff,LogOff
2026-03-03T10:05:38.667Z,DESKTOP-C332RF6$,SYSTEM,DESKTOP-C332RF6,Negotiate,5,LogOn,Success
2026-03-03T10:26:00.061Z,DESKTOP-C332RF6$,PC,DESKTOP-C332RF6,Negotiate,2,LogOn,Success
2026-03-03T10:26:00.061Z,DESKTOP-C332RF6$,PC,DESKTOP-C332RF6,Negotiate,2,LogOn,Success
2026-03-03T10:26:03.688Z,DESKTOP-C332RF6$,SYSTEM,DESKTOP-C332RF6,Negotiate,5,LogOn,Success
2026-03-03T10:26:10.988Z,DESKTOP-C332RF6$,SYSTEM,DESKTOP-C332RF6,Negotiate,5,LogOn,Success
2026-03-03T10:28:37.608Z,DESKTOP-C332RF6$,SYSTEM,DESKTOP-C332RF6,Negotiate,5,LogOn,Success
2026-03-03T10:32:19.780Z,DESKTOP-C332RF6$,SYSTEM,DESKTOP-C332RF6,Negotiate,5,LogOn,Success
2026-03-03T10:38:35.644Z,DESKTOP-C332RF6$,SYSTEM,DESKTOP-C332RF6,Negotiate,5,LogOn,Success
2026-03-03T10:41:02.014Z,DESKTOP-C332RF6$,SYSTEM,DESKTOP-C332RF6,Negotiate,5,LogOn,Success
2026-03-03T10:41:48.747Z,DESKTOP-C332RF6$,SYSTEM,DESKTOP-C332RF6,Negotiate,5,LogOn,Success
2026-03-03T10:42:06.614Z,DESKTOP-C332RF6$,SYSTEM,DESKTOP-C332RF6,Negotiate,5,LogOn,Success
2026-03-03T10:54:47.798Z,DESKTOP-C332RF6$,SYSTEM,DESKTOP-C332RF6,Negotiate,5,LogOn,Success
2026-03-03T10:54:49.407Z,DESKTOP-C332RF6$,SYSTEM,DESKTOP-C332RF6,Negotiate,5,LogOn,Success
2026-03-03T10:56:12.323Z,DESKTOP-C332RF6$,SYSTEM,DESKTOP-C332RF6,Negotiate,5,LogOn,Success
2026-03-03T11:11:21.947Z,DESKTOP-C332RF6$,SYSTEM,DESKTOP-C332RF6,Negotiate,5,LogOn,Success
2026-03-03T11:11:22.290Z,DESKTOP-C332RF6$,SYSTEM,DESKTOP-C332RF6,Negotiate,5,LogOn,Success
2026-03-03T11:11:23.537Z,DESKTOP-C332RF6$,SYSTEM,DESKTOP-C332RF6,Negotiate,5,LogOn,Success
2026-03-03T11:12:25.204Z,DESKTOP-C332RF6$,SYSTEM,DESKTOP-C332RF6,Negotiate,5,LogOn,Success
2026-03-03T11:16:59.816Z,DESKTOP-C332RF6$,UMFD-28,DESKTOP-C332RF6,Negotiate,2,LogOn,Success
2026-03-03T11:16:59.863Z,DESKTOP-C332RF6$,DWM-28,DESKTOP-C332RF6,Negotiate,2,LogOn,Success
2026-03-03T11:16:59.863Z,DESKTOP-C332RF6$,DWM-28,DESKTOP-C332RF6,Negotiate,2,LogOn,Success
2026-03-03T11:16:59.963Z,DESKTOP-C332RF6$,SYSTEM,DESKTOP-C332RF6,Negotiate,5,LogOn,Success
2026-03-03T11:17:05.682Z,DESKTOP-C332RF6$,SYSTEM,DESKTOP-C332RF6,Negotiate,5,LogOn,Success
2026-03-03T11:17:05.724Z,,UMFD-27,DESKTOP-C332RF6,,2,LogOff,LogOff
2026-03-03T11:17:06.983Z,,DWM-27,DESKTOP-C332RF6,,2,LogOff,LogOff
2026-03-03T11:17:06.983Z,,DWM-27,DESKTOP-C332RF6,,2,LogOff,LogOff
2026-03-03T11:17:07.105Z,DESKTOP-C332RF6$,SYSTEM,DESKTOP-C332RF6,Negotiate,5,LogOn,Success
2026-03-03T15:37:24.395Z,DESKTOP-C332RF6$,PC,DESKTOP-C332RF6,Negotiate,2,LogOn,Success
2026-03-03T15:37:24.395Z,DESKTOP-C332RF6$,PC,DESKTOP-C332RF6,Negotiate,2,LogOn,Success
2026-03-03T15:37:26.641Z,DESKTOP-C332RF6$,SYSTEM,DESKTOP-C332RF6,Negotiate,5,LogOn,Success
2026-03-03T15:37:27.276Z,DESKTOP-C332RF6$,SYSTEM,DESKTOP-C332RF6,Negotiate,5,LogOn,Success
2026-03-03T15:37:32.827Z,DESKTOP-C332RF6$,SYSTEM,DESKTOP-C332RF6,Negotiate,5,LogOn,Success
2026-03-03T15:38:10.801Z,DESKTOP-C332RF6$,SYSTEM,DESKTOP-C332RF6,Negotiate,5,LogOn,Success
2026-03-03T15:38:29.282Z,DESKTOP-C332RF6$,SYSTEM,DESKTOP-C332RF6,Negotiate,5,LogOn,Success
2026-03-03T15:39:09.773Z,DESKTOP-C332RF6$,SYSTEM,DESKTOP-C332RF6,Negotiate,5,LogOn,Success
2026-03-03T15:42:22.818Z,DESKTOP-C332RF6$,SYSTEM,DESKTOP-C332RF6,Negotiate,5,LogOn,Success
2026-03-03T15:45:51.162Z,DESKTOP-C332RF6$,SYSTEM,DESKTOP-C332RF6,Negotiate,5,LogOn,Success
2026-03-03T15:52:25.742Z,DESKTOP-C332RF6$,SYSTEM,DESKTOP-C332RF6,Negotiate,5,LogOn,Success
2026-03-03T15:52:41.617Z,DESKTOP-C332RF6$,SYSTEM,DESKTOP-C332RF6,Negotiate,5,LogOn,Success
2026-03-03T15:53:31.899Z,DESKTOP-C332RF6$,SYSTEM,DESKTOP-C332RF6,Negotiate,5,LogOn,Success
2026-03-03T15:53:33.684Z,DESKTOP-C332RF6$,SYSTEM,DESKTOP-C332RF6,Negotiate,5,LogOn,Success
2026-03-03T16:04:30.517Z,DESKTOP-C332RF6$,SYSTEM,DESKTOP-C332RF6,Negotiate,5,LogOn,Success
2026-03-03T16:20:38.882Z,DESKTOP-C332RF6$,SYSTEM,DESKTOP-C332RF6,Negotiate,5,LogOn,Success
2026-03-03T16:20:39.960Z,DESKTOP-C332RF6$,SYSTEM,DESKTOP-C332RF6,Negotiate,5,LogOn,Success
2026-03-03T16:25:33.730Z,DESKTOP-C332RF6$,SYSTEM,DESKTOP-C332RF6,Negotiate,5,LogOn,Success
2026-03-03T16:31:01.840Z,DESKTOP-C332RF6$,SYSTEM,DESKTOP-C332RF6,Negotiate,5,LogOn,Success
2026-03-03T16:32:02.356Z,DESKTOP-C332RF6$,SYSTEM,DESKTOP-C332RF6,Negotiate,5,LogOn,Success
2026-03-03T16:32:11.915Z,DESKTOP-C332RF6$,SYSTEM,DESKTOP-C332RF6,Negotiate,5,LogOn,Success
2026-03-03T16:37:41.594Z,DESKTOP-C332RF6$,SYSTEM,DESKTOP-C332RF6,Negotiate,5,LogOn,Success
2026-03-03T16:37:42.704Z,DESKTOP-C332RF6$,SYSTEM,DESKTOP-C332RF6,Negotiate,5,LogOn,Success
2026-03-03T16:39:47.369Z,DESKTOP-C332RF6$,SYSTEM,DESKTOP-C332RF6,Negotiate,5,LogOn,Success
2026-03-03T16:47:17.351Z,DESKTOP-C332RF6$,SYSTEM,DESKTOP-C332RF6,Negotiate,5,LogOn,Success
2026-03-03T16:47:18.449Z,DESKTOP-C332RF6$,SYSTEM,DESKTOP-C332RF6,Negotiate,5,LogOn,Success
2026-03-03T16:48:14.306Z,DESKTOP-C332RF6$,SYSTEM,DESKTOP-C332RF6,Negotiate,5,LogOn,Success
2026-03-03T16:52:42.798Z,DESKTOP-C332RF6$,SYSTEM,DESKTOP-C332RF6,Negotiate,5,LogOn,Success
2026-03-03T16:58:35.461Z,DESKTOP-C332RF6$,SYSTEM,DESKTOP-C332RF6,Negotiate,5,LogOn,Success
2026-03-03T16:59:37.304Z,DESKTOP-C332RF6$,SYSTEM,DESKTOP-C332RF6,Negotiate,5,LogOn,Success
2026-03-03T17:07:41.687Z,DESKTOP-C332RF6$,SYSTEM,DESKTOP-C332RF6,Negotiate,5,LogOn,Success
2026-03-03T17:07:43.035Z,DESKTOP-C332RF6$,SYSTEM,DESKTOP-C332RF6,Negotiate,5,LogOn,Success
2026-03-03T17:16:28.303Z,DESKTOP-C332RF6$,SYSTEM,DESKTOP-C332RF6,Negotiate,5,LogOn,Success
2026-03-03T17:24:55.331Z,DESKTOP-C332RF6$,SYSTEM,DESKTOP-C332RF6,Negotiate,5,LogOn,Success
2026-03-03T17:24:55.331Z,DESKTOP-C332RF6$,SYSTEM,DESKTOP-C332RF6,Negotiate,5,LogOn,Success
2026-03-03T17:24:56.531Z,DESKTOP-C332RF6$,SYSTEM,DESKTOP-C332RF6,Negotiate,5,LogOn,Success
2026-03-03T17:28:58.869Z,DESKTOP-C332RF6$,SYSTEM,DESKTOP-C332RF6,Negotiate,5,LogOn,Success
2026-03-03T17:32:12.109Z,DESKTOP-C332RF6$,SYSTEM,DESKTOP-C332RF6,Negotiate,5,LogOn,Success
2026-03-03T17:36:02.744Z,DESKTOP-C332RF6$,SYSTEM,DESKTOP-C332RF6,Negotiate,5,LogOn,Success
2026-03-03T17:37:25.552Z,DESKTOP-C332RF6$,SYSTEM,DESKTOP-C332RF6,Negotiate,5,LogOn,Success
2026-03-03T17:37:25.592Z,DESKTOP-C332RF6$,SYSTEM,DESKTOP-C332RF6,Negotiate,5,LogOn,Success
2026-03-03T17:37:29.067Z,DESKTOP-C332RF6$,SYSTEM,DESKTOP-C332RF6,Negotiate,5,LogOn,Success
2026-03-03T17:45:06.506Z,DESKTOP-C332RF6$,SYSTEM,DESKTOP-C332RF6,Negotiate,5,LogOn,Success
2026-03-03T17:45:07.732Z,DESKTOP-C332RF6$,SYSTEM,DESKTOP-C332RF6,Negotiate,5,LogOn,Success
2026-03-03T17:49:07.480Z,DESKTOP-C332RF6$,SYSTEM,DESKTOP-C332RF6,Negotiate,5,LogOn,Success
2026-03-03T17:49:39.442Z,DESKTOP-C332RF6$,SYSTEM,DESKTOP-C332RF6,Negotiate,5,LogOn,Success
2026-03-03T17:49:39.518Z,DESKTOP-C332RF6$,SYSTEM,DESKTOP-C332RF6,Negotiate,5,LogOn,Success
2026-03-03T17:56:24.720Z,DESKTOP-C332RF6$,SYSTEM,DESKTOP-C332RF6,Negotiate,5,LogOn,Success
2026-03-03T18:02:37.043Z,DESKTOP-C332RF6$,SYSTEM,DESKTOP-C332RF6,Negotiate,5,LogOn,Success
2026-03-03T18:14:25.218Z,DESKTOP-C332RF6$,SYSTEM,DESKTOP-C332RF6,Negotiate,5,LogOn,Success
2026-03-03T18:14:26.524Z,DESKTOP-C332RF6$,SYSTEM,DESKTOP-C332RF6,Negotiate,5,LogOn,Success
2026-03-03T18:20:52.992Z,DESKTOP-C332RF6$,SYSTEM,DESKTOP-C332RF6,Negotiate,5,LogOn,Success
2026-03-03T18:30:31.269Z,DESKTOP-C332RF6$,SYSTEM,DESKTOP-C332RF6,Negotiate,5,LogOn,Success
2026-03-03T18:30:32.648Z,DESKTOP-C332RF6$,SYSTEM,DESKTOP-C332RF6,Negotiate,5,LogOn,Success
2026-03-03T18:41:53.224Z,DESKTOP-C332RF6$,SYSTEM,DESKTOP-C332RF6,Negotiate,5,LogOn,Success
2026-03-03T18:48:14.305Z,DESKTOP-C332RF6$,SYSTEM,DESKTOP-C332RF6,Negotiate,5,LogOn,Success
2026-03-03T18:52:46.228Z,DESKTOP-C332RF6$,SYSTEM,DESKTOP-C332RF6,Negotiate,5,LogOn,Success
2026-03-03T18:52:55.390Z,DESKTOP-C332RF6$,SYSTEM,DESKTOP-C332RF6,Negotiate,5,LogOn,Success
2026-03-03T18:52:59.405Z,DESKTOP-C332RF6$,SYSTEM,DESKTOP-C332RF6,Negotiate,5,LogOn,Success
2026-03-03T18:53:19.411Z,DESKTOP-C332RF6$,SYSTEM,DESKTOP-C332RF6,Negotiate,5,LogOn,Success
2026-03-03T18:53:20.404Z,DESKTOP-C332RF6$,SYSTEM,DESKTOP-C332RF6,Negotiate,5,LogOn,Success
2026-03-03T18:54:59.557Z,DESKTOP-C332RF6$,SYSTEM,DESKTOP-C332RF6,Negotiate,5,LogOn,Success
2026-03-03T19:08:00.742Z,DESKTOP-C332RF6$,SYSTEM,DESKTOP-C332RF6,Negotiate,5,LogOn,Success
2026-03-03T19:21:08.220Z,DESKTOP-C332RF6$,SYSTEM,DESKTOP-C332RF6,Negotiate,5,LogOn,Success
2026-03-03T19:32:12.400Z,DESKTOP-C332RF6$,SYSTEM,DESKTOP-C332RF6,Negotiate,5,LogOn,Success
2026-03-03T20:21:03.610Z,DESKTOP-C332RF6$,SYSTEM,DESKTOP-C332RF6,Negotiate,5,LogOn,Success
2026-03-03T20:32:22.280Z,DESKTOP-C332RF6$,SYSTEM,DESKTOP-C332RF6,Negotiate,5,LogOn,Success
2026-03-03T21:19:16.533Z,DESKTOP-C332RF6$,SYSTEM,DESKTOP-C332RF6,Negotiate,5,LogOn,Success
2026-03-03T21:19:17.371Z,DESKTOP-C332RF6$,SYSTEM,DESKTOP-C332RF6,Negotiate,5,LogOn,Success
2026-03-03T21:19:18.005Z,DESKTOP-C332RF6$,SYSTEM,DESKTOP-C332RF6,Negotiate,5,LogOn,Success
2026-03-03T21:19:18.126Z,DESKTOP-C332RF6$,SYSTEM,DESKTOP-C332RF6,Negotiate,5,LogOn,Success
2026-03-03T21:19:18.349Z,DESKTOP-C332RF6$,SYSTEM,DESKTOP-C332RF6,Negotiate,5,LogOn,Success
2026-03-03T21:19:18.349Z,DESKTOP-C332RF6$,SYSTEM,DESKTOP-C332RF6,Negotiate,5,LogOn,Success
2026-03-03T21:19:18.643Z,DESKTOP-C332RF6$,SYSTEM,DESKTOP-C332RF6,Negotiate,5,LogOn,Success
2026-03-03T21:19:20.989Z,DESKTOP-C332RF6$,PC,DESKTOP-C332RF6,Negotiate,2,LogOn,Success
2026-03-03T21:19:20.989Z,DESKTOP-C332RF6$,PC,DESKTOP-C332RF6,Negotiate,2,LogOn,Success
2026-03-03T21:19:20.989Z,,PC,DESKTOP-C332RF6,,2,LogOff,LogOff
2026-03-03T21:19:20.990Z,,PC,DESKTOP-C332RF6,,2,LogOff,LogOff
2026-03-03T21:19:29.372Z,DESKTOP-C332RF6$,SYSTEM,DESKTOP-C332RF6,Negotiate,5,LogOn,Success
2026-03-03T21:23:58.273Z,DESKTOP-C332RF6$,SYSTEM,DESKTOP-C332RF6,Negotiate,5,LogOn,Success
2026-03-03T21:32:12.668Z,DESKTOP-C332RF6$,SYSTEM,DESKTOP-C332RF6,Negotiate,5,LogOn,Success
2026-03-03T21:36:25.349Z,DESKTOP-C332RF6$,SYSTEM,DESKTOP-C332RF6,Negotiate,5,LogOn,Success
2026-03-03T21:39:30.517Z,DESKTOP-C332RF6$,SYSTEM,DESKTOP-C332RF6,Negotiate,5,LogOn,Success
2026-03-03T21:41:33.161Z,DESKTOP-C332RF6$,SYSTEM,DESKTOP-C332RF6,Negotiate,5,LogOn,Success
2026-03-03T21:45:19.722Z,DESKTOP-C332RF6$,SYSTEM,DESKTOP-C332RF6,Negotiate,5,LogOn,Success
2026-03-03T21:45:19.779Z,DESKTOP-C332RF6$,SYSTEM,DESKTOP-C332RF6,Negotiate,5,LogOn,Success
2026-03-03T21:47:09.641Z,DESKTOP-C332RF6$,SYSTEM,DESKTOP-C332RF6,Negotiate,5,LogOn,Success
2026-03-03T21:47:10.661Z,DESKTOP-C332RF6$,SYSTEM,DESKTOP-C332RF6,Negotiate,5,LogOn,Success
2026-03-03T21:47:46.834Z,DESKTOP-C332RF6$,SYSTEM,DESKTOP-C332RF6,Negotiate,5,LogOn,Success
2026-03-03T21:52:54.740Z,DESKTOP-C332RF6$,SYSTEM,DESKTOP-C332RF6,Negotiate,5,LogOn,Success
2026-03-03T21:52:54.822Z,DESKTOP-C332RF6$,SYSTEM,DESKTOP-C332RF6,Negotiate,5,LogOn,Success
2026-03-03T21:52:55.759Z,DESKTOP-C332RF6$,SYSTEM,DESKTOP-C332RF6,Negotiate,5,LogOn,Success
2026-03-03T21:52:55.789Z,DESKTOP-C332RF6$,SYSTEM,DESKTOP-C332RF6,Negotiate,5,LogOn,Success
2026-03-03T22:08:11.181Z,DESKTOP-C332RF6$,SYSTEM,DESKTOP-C332RF6,Negotiate,5,LogOn,Success
2026-03-03T22:08:11.181Z,DESKTOP-C332RF6$,SYSTEM,DESKTOP-C332RF6,Negotiate,5,LogOn,Success
2026-03-03T22:08:12.625Z,DESKTOP-C332RF6$,SYSTEM,DESKTOP-C332RF6,Negotiate,5,LogOn,Success
2026-03-03T22:12:53.532Z,DESKTOP-C332RF6$,SYSTEM,DESKTOP-C332RF6,Negotiate,5,LogOn,Success
2026-03-03T22:23:11.244Z,DESKTOP-C332RF6$,SYSTEM,DESKTOP-C332RF6,Negotiate,5,LogOn,Success
2026-03-03T22:23:12.690Z,DESKTOP-C332RF6$,SYSTEM,DESKTOP-C332RF6,Negotiate,5,LogOn,Success
2026-03-03T22:32:42.802Z,DESKTOP-C332RF6$,SYSTEM,DESKTOP-C332RF6,Negotiate,5,LogOn,Success
2026-03-03T22:38:11.263Z,DESKTOP-C332RF6$,SYSTEM,DESKTOP-C332RF6,Negotiate,5,LogOn,Success
2026-03-03T22:38:12.745Z,DESKTOP-C332RF6$,SYSTEM,DESKTOP-C332RF6,Negotiate,5,LogOn,Success
2026-03-03T22:40:03.057Z,DESKTOP-C332RF6$,SYSTEM,DESKTOP-C332RF6,Negotiate,5,LogOn,Success
2026-03-03T22:47:50.671Z,DESKTOP-C332RF6$,SYSTEM,DESKTOP-C332RF6,Negotiate,5,LogOn,Success
2026-03-03T22:50:16.158Z,DESKTOP-C332RF6$,SYSTEM,DESKTOP-C332RF6,Negotiate,5,LogOn,Success
2026-03-03T22:53:12.804Z,DESKTOP-C332RF6$,SYSTEM,DESKTOP-C332RF6,Negotiate,5,LogOn,Success
2026-03-03T22:56:11.576Z,DESKTOP-C332RF6$,SYSTEM,DESKTOP-C332RF6,Negotiate,5,LogOn,Success
2026-03-03T23:12:21.121Z,DESKTOP-C332RF6$,SYSTEM,DESKTOP-C332RF6,Negotiate,5,LogOn,Success
2026-03-03T23:18:48.909Z,DESKTOP-C332RF6$,SYSTEM,DESKTOP-C332RF6,Negotiate,5,LogOn,Success
2026-03-03T23:19:44.739Z,DESKTOP-C332RF6$,SYSTEM,DESKTOP-C332RF6,Negotiate,5,LogOn,Success
2026-03-03T23:23:12.491Z,DESKTOP-C332RF6$,SYSTEM,DESKTOP-C332RF6,Negotiate,5,LogOn,Success
2026-03-03T23:29:19.095Z,DESKTOP-C332RF6$,SYSTEM,DESKTOP-C332RF6,Negotiate,5,LogOn,Success
2026-03-03T23:32:43.003Z,DESKTOP-C332RF6$,SYSTEM,DESKTOP-C332RF6,Negotiate,5,LogOn,Success
2026-03-03T23:38:11.410Z,DESKTOP-C332RF6$,SYSTEM,DESKTOP-C332RF6,Negotiate,5,LogOn,Success
2026-03-03T23:38:12.819Z,DESKTOP-C332RF6$,SYSTEM,DESKTOP-C332RF6,Negotiate,5,LogOn,Success
2026-03-03T23:48:14.312Z,DESKTOP-C332RF6$,SYSTEM,DESKTOP-C332RF6,Negotiate,5,LogOn,Success
2026-03-03T23:53:12.883Z,DESKTOP-C332RF6$,SYSTEM,DESKTOP-C332RF6,Negotiate,5,LogOn,Success
2026-03-04T00:04:46.738Z,DESKTOP-C332RF6$,SYSTEM,DESKTOP-C332RF6,Negotiate,5,LogOn,Success
2026-03-04T00:08:11.506Z,DESKTOP-C332RF6$,SYSTEM,DESKTOP-C332RF6,Negotiate,5,LogOn,Success
2026-03-04T00:08:12.946Z,DESKTOP-C332RF6$,SYSTEM,DESKTOP-C332RF6,Negotiate,5,LogOn,Success
2026-03-04T00:10:14.702Z,DESKTOP-C332RF6$,SYSTEM,DESKTOP-C332RF6,Negotiate,5,LogOn,Success
2026-03-04T00:15:48.184Z,DESKTOP-C332RF6$,SYSTEM,DESKTOP-C332RF6,Negotiate,5,LogOn,Success
2026-03-04T00:23:11.556Z,DESKTOP-C332RF6$,SYSTEM,DESKTOP-C332RF6,Negotiate,5,LogOn,Success
2026-03-04T00:23:13.005Z,DESKTOP-C332RF6$,SYSTEM,DESKTOP-C332RF6,Negotiate,5,LogOn,Success
2026-03-04T00:23:23.587Z,DESKTOP-C332RF6$,SYSTEM,DESKTOP-C332RF6,Negotiate,5,LogOn,Success
2026-03-04T00:29:48.269Z,DESKTOP-C332RF6$,SYSTEM,DESKTOP-C332RF6,Negotiate,5,LogOn,Success
2026-03-04T00:29:59.536Z,DESKTOP-C332RF6$,SYSTEM,DESKTOP-C332RF6,Negotiate,5,LogOn,Success
2026-03-04T00:38:13.070Z,DESKTOP-C332RF6$,SYSTEM,DESKTOP-C332RF6,Negotiate,5,LogOn,Success
2026-03-04T00:48:14.605Z,DESKTOP-C332RF6$,SYSTEM,DESKTOP-C332RF6,Negotiate,5,LogOn,Success
2026-03-04T00:53:43.296Z,DESKTOP-C332RF6$,SYSTEM,DESKTOP-C332RF6,Negotiate,5,LogOn,Success
2026-03-04T01:02:16.701Z,DESKTOP-C332RF6$,SYSTEM,DESKTOP-C332RF6,Negotiate,5,LogOn,Success
2026-03-04T01:02:19.408Z,DESKTOP-C332RF6$,SYSTEM,DESKTOP-C332RF6,Negotiate,5,LogOn,Success
2026-03-04T01:02:21.226Z,DESKTOP-C332RF6$,SYSTEM,DESKTOP-C332RF6,Negotiate,5,LogOn,Success
2026-03-04T01:02:21.351Z,DESKTOP-C332RF6$,SYSTEM,DESKTOP-C332RF6,Negotiate,5,LogOn,Success
2026-03-04T01:07:45.981Z,DESKTOP-C332RF6$,SYSTEM,DESKTOP-C332RF6,Negotiate,5,LogOn,Success
2026-03-04T01:08:38.063Z,DESKTOP-C332RF6$,SYSTEM,DESKTOP-C332RF6,Negotiate,5,LogOn,Success
2026-03-04T01:14:44.918Z,DESKTOP-C332RF6$,SYSTEM,DESKTOP-C332RF6,Negotiate,5,LogOn,Success
2026-03-04T01:14:45.634Z,DESKTOP-C332RF6$,SYSTEM,DESKTOP-C332RF6,Negotiate,5,LogOn,Success
2026-03-04T01:14:45.735Z,DESKTOP-C332RF6$,SYSTEM,DESKTOP-C332RF6,Negotiate,5,LogOn,Success
2026-03-04T01:14:48.057Z,DESKTOP-C332RF6$,UMFD-29,DESKTOP-C332RF6,Negotiate,2,LogOn,Success
2026-03-04T01:14:48.099Z,DESKTOP-C332RF6$,DWM-29,DESKTOP-C332RF6,Negotiate,2,LogOn,Success
2026-03-04T01:14:48.099Z,DESKTOP-C332RF6$,DWM-29,DESKTOP-C332RF6,Negotiate,2,LogOn,Success
2026-03-04T01:14:48.107Z,DESKTOP-C332RF6$,SYSTEM,DESKTOP-C332RF6,Negotiate,5,LogOn,Success
2026-03-04T01:14:48.167Z,DESKTOP-C332RF6$,SYSTEM,DESKTOP-C332RF6,Negotiate,5,LogOn,Success
2026-03-04T01:14:57.060Z,DESKTOP-C332RF6$,SYSTEM,DESKTOP-C332RF6,Negotiate,5,LogOn,Success
2026-03-04T01:14:57.335Z,,UMFD-28,DESKTOP-C332RF6,,2,LogOff,LogOff
2026-03-04T01:14:58.233Z,DESKTOP-C332RF6$,SYSTEM,DESKTOP-C332RF6,Negotiate,5,LogOn,Success
2026-03-04T07:39:46.516Z,,DWM-28,DESKTOP-C332RF6,,2,LogOff,LogOff
2026-03-04T07:39:46.516Z,,DWM-28,DESKTOP-C332RF6,,2,LogOff,LogOff
2026-03-04T07:39:48.745Z,DESKTOP-C332RF6$,PC,DESKTOP-C332RF6,Negotiate,2,LogOn,Success
2026-03-04T07:39:48.745Z,DESKTOP-C332RF6$,PC,DESKTOP-C332RF6,Negotiate,2,LogOn,Success
2026-03-04T07:39:51.097Z,DESKTOP-C332RF6$,SYSTEM,DESKTOP-C332RF6,Negotiate,5,LogOn,Success
2026-03-04T07:39:57.896Z,DESKTOP-C332RF6$,SYSTEM,DESKTOP-C332RF6,Negotiate,5,LogOn,Success
2026-03-04T07:41:34.608Z,DESKTOP-C332RF6$,SYSTEM,DESKTOP-C332RF6,Negotiate,5,LogOn,Success
2026-03-04T07:44:25.770Z,DESKTOP-C332RF6$,SYSTEM,DESKTOP-C332RF6,Negotiate,5,LogOn,Success
2026-03-04T07:45:46.249Z,DESKTOP-C332RF6$,SYSTEM,DESKTOP-C332RF6,Negotiate,5,LogOn,Success
2026-03-04T07:45:46.296Z,DESKTOP-C332RF6$,SYSTEM,DESKTOP-C332RF6,Negotiate,5,LogOn,Success
2026-03-04T07:45:59.098Z,DESKTOP-C332RF6$,SYSTEM,DESKTOP-C332RF6,Negotiate,5,LogOn,Success
2026-03-04T07:48:24.649Z,DESKTOP-C332RF6$,SYSTEM,DESKTOP-C332RF6,Negotiate,5,LogOn,Success
2026-03-04T07:50:23.980Z,DESKTOP-C332RF6$,SYSTEM,DESKTOP-C332RF6,Negotiate,5,LogOn,Success
2026-03-04T07:51:36.227Z,DESKTOP-C332RF6$,SYSTEM,DESKTOP-C332RF6,Negotiate,5,LogOn,Success
2026-03-04T07:54:04.446Z,DESKTOP-C332RF6$,SYSTEM,DESKTOP-C332RF6,Negotiate,5,LogOn,Success
2026-02-25T10:08:49.736Z,DESKTOP-C332RF6$,SYSTEM,DESKTOP-C332RF6,Negotiate,5,LogOn,Success
2026-02-25T10:13:03.249Z,DESKTOP-C332RF6$,SYSTEM,DESKTOP-C332RF6,Negotiate,5,LogOn,Success
2026-02-25T10:13:03.295Z,DESKTOP-C332RF6$,SYSTEM,DESKTOP-C332RF6,Negotiate,5,LogOn,Success
2026-02-25T10:13:45.724Z,DESKTOP-C332RF6$,SYSTEM,DESKTOP-C332RF6,Negotiate,5,LogOn,Success
2026-02-25T10:15:16.265Z,DESKTOP-C332RF6$,SYSTEM,DESKTOP-C332RF6,Negotiate,5,LogOn,Success
2026-02-25T10:20:02.729Z,DESKTOP-C332RF6$,SYSTEM,DESKTOP-C332RF6,Negotiate,5,LogOn,Success
2026-02-25T10:22:07.388Z,DESKTOP-C332RF6$,SYSTEM,DESKTOP-C332RF6,Negotiate,5,LogOn,Success
2026-02-25T10:23:11.499Z,DESKTOP-C332RF6$,SYSTEM,DESKTOP-C332RF6,Negotiate,5,LogOn,Success
2026-02-25T10:23:12.919Z,DESKTOP-C332RF6$,SYSTEM,DESKTOP-C332RF6,Negotiate,5,LogOn,Success
2026-02-25T10:24:54.982Z,DESKTOP-C332RF6$,SYSTEM,DESKTOP-C332RF6,Negotiate,5,LogOn,Success
2026-02-25T10:29:18.073Z,DESKTOP-C332RF6$,SYSTEM,DESKTOP-C332RF6,Negotiate,5,LogOn,Success
2026-02-25T10:36:47.313Z,DESKTOP-C332RF6$,SYSTEM,DESKTOP-C332RF6,Negotiate,5,LogOn,Success
2026-02-25T10:48:27.683Z,DESKTOP-C332RF6$,SYSTEM,DESKTOP-C332RF6,Negotiate,5,LogOn,Success
2026-02-25T10:49:21.215Z,DESKTOP-C332RF6$,SYSTEM,DESKTOP-C332RF6,Negotiate,5,LogOn,Success
2026-02-25T10:49:21.291Z,DESKTOP-C332RF6$,SYSTEM,DESKTOP-C332RF6,Negotiate,5,LogOn,Success
2026-02-25T10:52:20.937Z,DESKTOP-C332RF6$,SYSTEM,DESKTOP-C332RF6,Negotiate,5,LogOn,Success
2026-02-25T10:56:24.385Z,DESKTOP-C332RF6$,SYSTEM,DESKTOP-C332RF6,Negotiate,5,LogOn,Success
2026-02-25T10:59:13.332Z,DESKTOP-C332RF6$,SYSTEM,DESKTOP-C332RF6,Negotiate,5,LogOn,Success
2026-02-25T10:59:13.478Z,DESKTOP-C332RF6$,SYSTEM,DESKTOP-C332RF6,Negotiate,5,LogOn,Success
2026-02-25T11:05:29.945Z,DESKTOP-C332RF6$,SYSTEM,DESKTOP-C332RF6,Negotiate,5,LogOn,Success
2026-02-25T11:05:30.023Z,DESKTOP-C332RF6$,SYSTEM,DESKTOP-C332RF6,Negotiate,5,LogOn,Success
2026-02-25T11:07:30.265Z,DESKTOP-C332RF6$,SYSTEM,DESKTOP-C332RF6,Negotiate,5,LogOn,Success
2026-02-25T11:07:31.354Z,DESKTOP-C332RF6$,SYSTEM,DESKTOP-C332RF6,Negotiate,5,LogOn,Success
2026-02-25T11:12:05.148Z,DESKTOP-C332RF6$,SYSTEM,DESKTOP-C332RF6,Negotiate,5,LogOn,Success
2026-02-25T11:12:08.937Z,DESKTOP-C332RF6$,SYSTEM,DESKTOP-C332RF6,Negotiate,5,LogOn,Success
2026-02-25T11:21:34.330Z,DESKTOP-C332RF6$,SYSTEM,DESKTOP-C332RF6,Negotiate,5,LogOn,Success
2026-02-25T11:22:41.884Z,DESKTOP-C332RF6$,SYSTEM,DESKTOP-C332RF6,Negotiate,5,LogOn,Success
2026-02-25T11:32:32.352Z,DESKTOP-C332RF6$,SYSTEM,DESKTOP-C332RF6,Negotiate,5,LogOn,Success
2026-02-25T11:37:50.432Z,DESKTOP-C332RF6$,SYSTEM,DESKTOP-C332RF6,Negotiate,5,LogOn,Success
2026-02-25T11:37:51.523Z,DESKTOP-C332RF6$,SYSTEM,DESKTOP-C332RF6,Negotiate,5,LogOn,Success
2026-02-25T11:41:42.295Z,DESKTOP-C332RF6$,SYSTEM,DESKTOP-C332RF6,Negotiate,5,LogOn,Success
2026-02-25T11:41:44.571Z,DESKTOP-C332RF6$,SYSTEM,DESKTOP-C332RF6,Negotiate,5,LogOn,Success
2026-02-25T11:59:11.322Z,DESKTOP-C332RF6$,SYSTEM,DESKTOP-C332RF6,Negotiate,5,LogOn,Success
2026-02-25T12:00:50.683Z,DESKTOP-C332RF6$,SYSTEM,DESKTOP-C332RF6,Negotiate,5,LogOn,Success
2026-02-25T12:00:51.156Z,DESKTOP-C332RF6$,SYSTEM,DESKTOP-C332RF6,Negotiate,5,LogOn,Success
2026-02-25T12:00:54.496Z,DESKTOP-C332RF6$,SYSTEM,DESKTOP-C332RF6,Negotiate,5,LogOn,Success
2026-02-25T12:07:07.189Z,DESKTOP-C332RF6$,SYSTEM,DESKTOP-C332RF6,Negotiate,5,LogOn,Success
2026-02-25T12:07:07.239Z,DESKTOP-C332RF6$,SYSTEM,DESKTOP-C332RF6,Negotiate,5,LogOn,Success
2026-02-25T12:07:10.941Z,DESKTOP-C332RF6$,SYSTEM,DESKTOP-C332RF6,Negotiate,5,LogOn,Success
2026-02-25T12:08:11.588Z,DESKTOP-C332RF6$,SYSTEM,DESKTOP-C332RF6,Negotiate,5,LogOn,Success
2026-02-25T12:19:29.346Z,DESKTOP-C332RF6$,SYSTEM,DESKTOP-C332RF6,Negotiate,5,LogOn,Success
2026-02-25T12:24:57.769Z,DESKTOP-C332RF6$,SYSTEM,DESKTOP-C332RF6,Negotiate,5,LogOn,Success
2026-02-25T12:34:34.763Z,DESKTOP-C332RF6$,SYSTEM,DESKTOP-C332RF6,Negotiate,5,LogOn,Success
2026-02-25T12:40:29.575Z,DESKTOP-C332RF6$,SYSTEM,DESKTOP-C332RF6,Negotiate,5,LogOn,Success
2026-02-25T12:40:29.655Z,DESKTOP-C332RF6$,SYSTEM,DESKTOP-C332RF6,Negotiate,5,LogOn,Success
2026-02-25T12:40:32.272Z,DESKTOP-C332RF6$,SYSTEM,DESKTOP-C332RF6,Negotiate,5,LogOn,Success
2026-02-25T12:40:34.150Z,DESKTOP-C332RF6$,PC,DESKTOP-C332RF6,Negotiate,2,LogOn,Success
2026-02-25T12:40:34.150Z,DESKTOP-C332RF6$,PC,DESKTOP-C332RF6,Negotiate,2,LogOn,Success
2026-02-25T12:40:34.151Z,,PC,DESKTOP-C332RF6,,2,LogOff,LogOff
2026-02-25T12:40:34.151Z,,PC,DESKTOP-C332RF6,,2,LogOff,LogOff
2026-02-25T12:52:08.348Z,DESKTOP-C332RF6$,SYSTEM,DESKTOP-C332RF6,Negotiate,5,LogOn,Success
2026-02-25T12:53:12.990Z,DESKTOP-C332RF6$,SYSTEM,DESKTOP-C332RF6,Negotiate,5,LogOn,Success
2026-02-25T12:53:14.426Z,DESKTOP-C332RF6$,SYSTEM,DESKTOP-C332RF6,Negotiate,5,LogOn,Success
2026-02-25T12:56:28.416Z,DESKTOP-C332RF6$,SYSTEM,DESKTOP-C332RF6,Negotiate,5,LogOn,Success
2026-02-25T12:58:48.011Z,DESKTOP-C332RF6$,SYSTEM,DESKTOP-C332RF6,Negotiate,5,LogOn,Success
2026-02-25T12:58:48.094Z,DESKTOP-C332RF6$,SYSTEM,DESKTOP-C332RF6,Negotiate,5,LogOn,Success
2026-02-25T12:58:49.072Z,DESKTOP-C332RF6$,SYSTEM,DESKTOP-C332RF6,Negotiate,5,LogOn,Success
2026-02-25T12:59:07.874Z,DESKTOP-C332RF6$,SYSTEM,DESKTOP-C332RF6,Negotiate,5,LogOn,Success
2026-02-25T13:07:17.129Z,DESKTOP-C332RF6$,SYSTEM,DESKTOP-C332RF6,Negotiate,5,LogOn,Success
2026-02-25T13:14:15.752Z,DESKTOP-C332RF6$,SYSTEM,DESKTOP-C332RF6,Negotiate,5,LogOn,Success
2026-02-25T13:22:15.834Z,DESKTOP-C332RF6$,SYSTEM,DESKTOP-C332RF6,Negotiate,5,LogOn,Success
2026-02-25T13:22:17.246Z,DESKTOP-C332RF6$,SYSTEM,DESKTOP-C332RF6,Negotiate,5,LogOn,Success
2026-02-25T13:28:02.289Z,DESKTOP-C332RF6$,SYSTEM,DESKTOP-C332RF6,Negotiate,5,LogOn,Success
2026-02-25T13:28:43.899Z,DESKTOP-C332RF6$,SYSTEM,DESKTOP-C332RF6,Negotiate,5,LogOn,Success
2026-02-25T13:29:03.975Z,DESKTOP-C332RF6$,SYSTEM,DESKTOP-C332RF6,Negotiate,5,LogOn,Success
2026-02-25T13:29:04.966Z,DESKTOP-C332RF6$,SYSTEM,DESKTOP-C332RF6,Negotiate,5,LogOn,Success
2026-02-25T13:32:32.308Z,DESKTOP-C332RF6$,SYSTEM,DESKTOP-C332RF6,Negotiate,5,LogOn,Success
2026-02-25T13:32:41.462Z,DESKTOP-C332RF6$,SYSTEM,DESKTOP-C332RF6,Negotiate,5,LogOn,Success
2026-02-25T13:47:45.841Z,DESKTOP-C332RF6$,SYSTEM,DESKTOP-C332RF6,Negotiate,5,LogOn,Success
2026-02-25T14:14:23.634Z,DESKTOP-C332RF6$,SYSTEM,DESKTOP-C332RF6,Negotiate,5,LogOn,Success
2026-02-25T14:28:13.199Z,DESKTOP-C332RF6$,SYSTEM,DESKTOP-C332RF6,Negotiate,5,LogOn,Success
2026-02-25T15:14:45.534Z,DESKTOP-C332RF6$,SYSTEM,DESKTOP-C332RF6,Negotiate,5,LogOn,Success
2026-02-25T15:18:58.603Z,DESKTOP-C332RF6$,SYSTEM,DESKTOP-C332RF6,Negotiate,5,LogOn,Success
2026-02-25T15:18:58.800Z,DESKTOP-C332RF6$,SYSTEM,DESKTOP-C332RF6,Negotiate,5,LogOn,Success
2026-02-25T15:18:59.346Z,DESKTOP-C332RF6$,SYSTEM,DESKTOP-C332RF6,Negotiate,5,LogOn,Success
2026-02-25T15:19:00.327Z,DESKTOP-C332RF6$,SYSTEM,DESKTOP-C332RF6,Negotiate,5,LogOn,Success
2026-02-25T15:19:13.202Z,DESKTOP-C332RF6$,PC,DESKTOP-C332RF6,Negotiate,2,LogOn,Success
2026-02-25T15:19:13.202Z,DESKTOP-C332RF6$,PC,DESKTOP-C332RF6,Negotiate,2,LogOn,Success
2026-02-25T15:19:13.203Z,,PC,DESKTOP-C332RF6,,2,LogOff,LogOff
2026-02-25T15:19:13.203Z,,PC,DESKTOP-C332RF6,,2,LogOff,LogOff
2026-02-25T15:19:20.248Z,DESKTOP-C332RF6$,SYSTEM,DESKTOP-C332RF6,Negotiate,5,LogOn,Success
2026-02-25T15:21:41.020Z,DESKTOP-C332RF6$,SYSTEM,DESKTOP-C332RF6,Negotiate,5,LogOn,Success
2026-02-25T15:21:41.306Z,DESKTOP-C332RF6$,SYSTEM,DESKTOP-C332RF6,Negotiate,5,LogOn,Success
2026-02-25T15:34:37.291Z,DESKTOP-C332RF6$,SYSTEM,DESKTOP-C332RF6,Negotiate,5,LogOn,Success
2026-02-25T15:34:41.337Z,DESKTOP-C332RF6$,SYSTEM,DESKTOP-C332RF6,Negotiate,5,LogOn,Success
2026-02-25T15:34:41.341Z,DESKTOP-C332RF6$,SYSTEM,DESKTOP-C332RF6,Negotiate,5,LogOn,Success
2026-02-25T15:41:46.227Z,DESKTOP-C332RF6$,SYSTEM,DESKTOP-C332RF6,Negotiate,5,LogOn,Success
2026-02-25T15:41:46.366Z,DESKTOP-C332RF6$,SYSTEM,DESKTOP-C332RF6,Negotiate,5,LogOn,Success
2026-02-25T15:45:46.213Z,DESKTOP-C332RF6$,SYSTEM,DESKTOP-C332RF6,Negotiate,5,LogOn,Success
2026-02-25T15:49:45.659Z,DESKTOP-C332RF6$,SYSTEM,DESKTOP-C332RF6,Negotiate,5,LogOn,Success
2026-02-25T15:54:10.564Z,DESKTOP-C332RF6$,SYSTEM,DESKTOP-C332RF6,Negotiate,5,LogOn,Success
2026-02-25T15:54:10.619Z,DESKTOP-C332RF6$,SYSTEM,DESKTOP-C332RF6,Negotiate,5,LogOn,Success
2026-02-25T15:54:10.656Z,DESKTOP-C332RF6$,SYSTEM,DESKTOP-C332RF6,Negotiate,5,LogOn,Success
2026-02-25T15:54:11.326Z,DESKTOP-C332RF6$,SYSTEM,DESKTOP-C332RF6,Negotiate,5,LogOn,Success
2026-02-25T15:54:12.234Z,DESKTOP-C332RF6$,SYSTEM,DESKTOP-C332RF6,Negotiate,5,LogOn,Success
2026-02-25T15:54:12.309Z,DESKTOP-C332RF6$,SYSTEM,DESKTOP-C332RF6,Negotiate,5,LogOn,Success
2026-02-25T15:54:13.464Z,DESKTOP-C332RF6$,PC,DESKTOP-C332RF6,Negotiate,2,LogOn,Success
2026-02-25T15:54:13.464Z,DESKTOP-C332RF6$,PC,DESKTOP-C332RF6,Negotiate,2,LogOn,Success
2026-02-25T15:54:13.465Z,,PC,DESKTOP-C332RF6,,2,LogOff,LogOff
2026-02-25T15:54:13.465Z,,PC,DESKTOP-C332RF6,,2,LogOff,LogOff
2026-02-25T15:54:23.628Z,DESKTOP-C332RF6$,UMFD-14,DESKTOP-C332RF6,Negotiate,2,LogOn,Success
2026-02-25T15:54:23.666Z,DESKTOP-C332RF6$,SYSTEM,DESKTOP-C332RF6,Negotiate,5,LogOn,Success
2026-02-25T15:54:23.671Z,DESKTOP-C332RF6$,DWM-14,DESKTOP-C332RF6,Negotiate,2,LogOn,Success
2026-02-25T15:54:23.671Z,DESKTOP-C332RF6$,DWM-14,DESKTOP-C332RF6,Negotiate,2,LogOn,Success
2026-02-25T15:54:24.122Z,DESKTOP-C332RF6$,SYSTEM,DESKTOP-C332RF6,Negotiate,5,LogOn,Success
2026-02-25T15:54:28.821Z,,UMFD-13,DESKTOP-C332RF6,,2,LogOff,LogOff
2026-02-25T15:54:28.843Z,,DWM-13,DESKTOP-C332RF6,,2,LogOff,LogOff
2026-02-25T15:54:28.844Z,,DWM-13,DESKTOP-C332RF6,,2,LogOff,LogOff
2026-02-25T17:13:07.238Z,DESKTOP-C332RF6$,SYSTEM,DESKTOP-C332RF6,Negotiate,5,LogOn,Success
2026-02-25T17:13:08.486Z,DESKTOP-C332RF6$,PC,DESKTOP-C332RF6,Negotiate,2,LogOn,Success
2026-02-25T17:13:08.486Z,DESKTOP-C332RF6$,PC,DESKTOP-C332RF6,Negotiate,2,LogOn,Success
2026-02-25T17:13:10.965Z,DESKTOP-C332RF6$,SYSTEM,DESKTOP-C332RF6,Negotiate,5,LogOn,Success
2026-02-25T17:13:11.944Z,DESKTOP-C332RF6$,SYSTEM,DESKTOP-C332RF6,Negotiate,5,LogOn,Success
2026-02-25T17:13:17.549Z,DESKTOP-C332RF6$,SYSTEM,DESKTOP-C332RF6,Negotiate,5,LogOn,Success
2026-02-25T17:13:19.588Z,DESKTOP-C332RF6$,SYSTEM,DESKTOP-C332RF6,Negotiate,5,LogOn,Success
2026-02-25T17:14:52.510Z,DESKTOP-C332RF6$,SYSTEM,DESKTOP-C332RF6,Negotiate,5,LogOn,Success
2026-02-25T17:23:06.752Z,DESKTOP-C332RF6$,SYSTEM,DESKTOP-C332RF6,Negotiate,5,LogOn,Success
2026-02-25T17:23:07.451Z,DESKTOP-C332RF6$,SYSTEM,DESKTOP-C332RF6,Negotiate,5,LogOn,Success
2026-02-25T17:28:10.021Z,DESKTOP-C332RF6$,SYSTEM,DESKTOP-C332RF6,Negotiate,5,LogOn,Success
2026-02-25T17:28:28.314Z,DESKTOP-C332RF6$,SYSTEM,DESKTOP-C332RF6,Negotiate,5,LogOn,Success
2026-02-25T17:28:31.021Z,DESKTOP-C332RF6$,UMFD-15,DESKTOP-C332RF6,Negotiate,2,LogOn,Success
2026-02-25T17:28:31.047Z,DESKTOP-C332RF6$,DWM-15,DESKTOP-C332RF6,Negotiate,2,LogOn,Success
2026-02-25T17:28:31.047Z,DESKTOP-C332RF6$,DWM-15,DESKTOP-C332RF6,Negotiate,2,LogOn,Success
2026-02-25T17:28:31.114Z,DESKTOP-C332RF6$,SYSTEM,DESKTOP-C332RF6,Negotiate,5,LogOn,Success
2026-02-25T17:28:40.193Z,,UMFD-14,DESKTOP-C332RF6,,2,LogOff,LogOff
2026-02-25T17:28:40.809Z,DESKTOP-C332RF6$,SYSTEM,DESKTOP-C332RF6,Negotiate,5,LogOn,Success
2026-02-25T20:54:24.627Z,,DWM-14,DESKTOP-C332RF6,,2,LogOff,LogOff
2026-02-25T20:54:24.627Z,,DWM-14,DESKTOP-C332RF6,,2,LogOff,LogOff
2026-02-25T20:54:26.657Z,DESKTOP-C332RF6$,PC,DESKTOP-C332RF6,Negotiate,2,LogOn,Success
2026-02-25T20:54:26.657Z,DESKTOP-C332RF6$,PC,DESKTOP-C332RF6,Negotiate,2,LogOn,Success
2026-02-25T20:54:28.076Z,DESKTOP-C332RF6$,SYSTEM,DESKTOP-C332RF6,Negotiate,5,LogOn,Success
2026-02-25T20:54:29.815Z,DESKTOP-C332RF6$,SYSTEM,DESKTOP-C332RF6,Negotiate,5,LogOn,Success
2026-02-25T20:54:35.265Z,DESKTOP-C332RF6$,SYSTEM,DESKTOP-C332RF6,Negotiate,5,LogOn,Success
2026-02-25T20:56:10.829Z,DESKTOP-C332RF6$,SYSTEM,DESKTOP-C332RF6,Negotiate,5,LogOn,Success
2026-02-25T21:03:06.514Z,DESKTOP-C332RF6$,SYSTEM,DESKTOP-C332RF6,Negotiate,5,LogOn,Success
2026-02-25T21:09:27.846Z,DESKTOP-C332RF6$,SYSTEM,DESKTOP-C332RF6,Negotiate,5,LogOn,Success
2026-02-25T21:09:30.898Z,DESKTOP-C332RF6$,SYSTEM,DESKTOP-C332RF6,Negotiate,5,LogOn,Success
2026-02-25T21:10:39.201Z,DESKTOP-C332RF6$,SYSTEM,DESKTOP-C332RF6,Negotiate,5,LogOn,Success
2026-02-25T21:16:51.083Z,DESKTOP-C332RF6$,SYSTEM,DESKTOP-C332RF6,Negotiate,5,LogOn,Success
2026-02-25T21:19:59.342Z,DESKTOP-C332RF6$,SYSTEM,DESKTOP-C332RF6,Negotiate,5,LogOn,Success
2026-02-25T21:25:31.520Z,DESKTOP-C332RF6$,SYSTEM,DESKTOP-C332RF6,Negotiate,5,LogOn,Success
2026-02-25T21:25:40.280Z,DESKTOP-C332RF6$,SYSTEM,DESKTOP-C332RF6,Negotiate,5,LogOn,Success
2026-02-25T21:25:58.818Z,DESKTOP-C332RF6$,SYSTEM,DESKTOP-C332RF6,Negotiate,5,LogOn,Success
2026-02-25T21:25:58.863Z,DESKTOP-C332RF6$,SYSTEM,DESKTOP-C332RF6,Negotiate,5,LogOn,Success
2026-02-25T21:25:58.942Z,DESKTOP-C332RF6$,SYSTEM,DESKTOP-C332RF6,Negotiate,5,LogOn,Success
2026-02-25T21:30:55.162Z,DESKTOP-C332RF6$,SYSTEM,DESKTOP-C332RF6,Negotiate,5,LogOn,Success
2026-02-25T21:30:57.748Z,DESKTOP-C332RF6$,SYSTEM,DESKTOP-C332RF6,Negotiate,5,LogOn,Success
2026-02-25T21:36:57.370Z,DESKTOP-C332RF6$,SYSTEM,DESKTOP-C332RF6,Negotiate,5,LogOn,Success
2026-02-25T21:59:01.003Z,DESKTOP-C332RF6$,SYSTEM,DESKTOP-C332RF6,Negotiate,5,LogOn,Success
2026-02-25T22:13:03.284Z,DESKTOP-C332RF6$,SYSTEM,DESKTOP-C332RF6,Negotiate,5,LogOn,Success
2026-02-25T22:14:36.503Z,DESKTOP-C332RF6$,SYSTEM,DESKTOP-C332RF6,Negotiate,5,LogOn,Success
2026-02-25T22:23:36.229Z,DESKTOP-C332RF6$,UMFD-16,DESKTOP-C332RF6,Negotiate,2,LogOn,Success
2026-02-25T22:23:36.257Z,DESKTOP-C332RF6$,DWM-16,DESKTOP-C332RF6,Negotiate,2,LogOn,Success
2026-02-25T22:23:36.257Z,DESKTOP-C332RF6$,DWM-16,DESKTOP-C332RF6,Negotiate,2,LogOn,Success
2026-02-25T22:23:36.340Z,DESKTOP-C332RF6$,SYSTEM,DESKTOP-C332RF6,Negotiate,5,LogOn,Success
2026-02-25T22:23:45.392Z,DESKTOP-C332RF6$,SYSTEM,DESKTOP-C332RF6,Negotiate,5,LogOn,Success
2026-02-25T22:23:45.440Z,,UMFD-15,DESKTOP-C332RF6,,2,LogOff,LogOff
2026-02-25T22:23:46.483Z,DESKTOP-C332RF6$,SYSTEM,DESKTOP-C332RF6,Negotiate,5,LogOn,Success
2026-02-26T11:35:28.590Z,,DWM-15,DESKTOP-C332RF6,,2,LogOff,LogOff
2026-02-26T11:35:28.590Z,,DWM-15,DESKTOP-C332RF6,,2,LogOff,LogOff
2026-02-26T11:35:30.458Z,DESKTOP-C332RF6$,SYSTEM,DESKTOP-C332RF6,Negotiate,5,LogOn,Success
2026-02-26T11:35:30.524Z,DESKTOP-C332RF6$,PC,DESKTOP-C332RF6,Negotiate,2,LogOn,Success
2026-02-26T11:35:30.524Z,DESKTOP-C332RF6$,PC,DESKTOP-C332RF6,Negotiate,2,LogOn,Success
2026-02-26T11:35:34.713Z,DESKTOP-C332RF6$,SYSTEM,DESKTOP-C332RF6,Negotiate,5,LogOn,Success
2026-02-26T11:35:41.729Z,DESKTOP-C332RF6$,SYSTEM,DESKTOP-C332RF6,Negotiate,5,LogOn,Success
2026-02-26T11:37:14.771Z,DESKTOP-C332RF6$,SYSTEM,DESKTOP-C332RF6,Negotiate,5,LogOn,Success
2026-02-26T11:40:33.619Z,DESKTOP-C332RF6$,SYSTEM,DESKTOP-C332RF6,Negotiate,5,LogOn,Success
2026-02-26T11:41:27.563Z,DESKTOP-C332RF6$,SYSTEM,DESKTOP-C332RF6,Negotiate,5,LogOn,Success
2026-02-26T11:41:28.259Z,DESKTOP-C332RF6$,SYSTEM,DESKTOP-C332RF6,Negotiate,5,LogOn,Success
2026-02-26T11:41:28.306Z,DESKTOP-C332RF6$,SYSTEM,DESKTOP-C332RF6,Negotiate,5,LogOn,Success
2026-02-26T11:43:35.827Z,DESKTOP-C332RF6$,SYSTEM,DESKTOP-C332RF6,Negotiate,5,LogOn,Success
2026-02-26T11:48:56.611Z,DESKTOP-C332RF6$,SYSTEM,DESKTOP-C332RF6,Negotiate,5,LogOn,Success
2026-02-24T18:38:07.489Z,DESKTOP-C332RF6$,SYSTEM,DESKTOP-C332RF6,Negotiate,5,LogOn,Success
2026-02-24T18:54:21.405Z,DESKTOP-C332RF6$,SYSTEM,DESKTOP-C332RF6,Negotiate,5,LogOn,Success
2026-02-24T19:03:22.630Z,DESKTOP-C332RF6$,SYSTEM,DESKTOP-C332RF6,Negotiate,5,LogOn,Success
2026-02-24T19:54:22.534Z,DESKTOP-C332RF6$,SYSTEM,DESKTOP-C332RF6,Negotiate,5,LogOn,Success
2026-02-24T20:03:23.018Z,DESKTOP-C332RF6$,SYSTEM,DESKTOP-C332RF6,Negotiate,5,LogOn,Success
2026-02-24T20:46:25.043Z,DESKTOP-C332RF6$,SYSTEM,DESKTOP-C332RF6,Negotiate,5,LogOn,Success
2026-02-24T20:46:26.666Z,DESKTOP-C332RF6$,SYSTEM,DESKTOP-C332RF6,Negotiate,5,LogOn,Success
2026-02-24T20:46:28.607Z,DESKTOP-C332RF6$,SYSTEM,DESKTOP-C332RF6,Negotiate,5,LogOn,Success
2026-02-24T20:46:37.797Z,DESKTOP-C332RF6$,PC,DESKTOP-C332RF6,Negotiate,2,LogOn,Success
2026-02-24T20:46:37.797Z,DESKTOP-C332RF6$,PC,DESKTOP-C332RF6,Negotiate,2,LogOn,Success
2026-02-24T20:46:37.798Z,,PC,DESKTOP-C332RF6,,2,LogOff,LogOff
2026-02-24T20:46:37.798Z,,PC,DESKTOP-C332RF6,,2,LogOff,LogOff
2026-02-24T20:46:53.944Z,DESKTOP-C332RF6$,UMFD-13,DESKTOP-C332RF6,Negotiate,2,LogOn,Success
2026-02-24T20:46:53.985Z,DESKTOP-C332RF6$,DWM-13,DESKTOP-C332RF6,Negotiate,2,LogOn,Success
2026-02-24T20:46:53.985Z,DESKTOP-C332RF6$,DWM-13,DESKTOP-C332RF6,Negotiate,2,LogOn,Success
2026-02-24T20:46:54.242Z,DESKTOP-C332RF6$,SYSTEM,DESKTOP-C332RF6,Negotiate,5,LogOn,Success
2026-02-24T20:46:56.124Z,DESKTOP-C332RF6$,SYSTEM,DESKTOP-C332RF6,Negotiate,5,LogOn,Success
2026-02-24T20:46:59.396Z,,UMFD-12,DESKTOP-C332RF6,,2,LogOff,LogOff
2026-02-24T20:46:59.473Z,DESKTOP-C332RF6$,SYSTEM,DESKTOP-C332RF6,Negotiate,5,LogOn,Success
2026-02-24T20:47:00.629Z,DESKTOP-C332RF6$,SYSTEM,DESKTOP-C332RF6,Negotiate,5,LogOn,Success
2026-02-25T10:07:03.604Z,,DWM-12,DESKTOP-C332RF6,,2,LogOff,LogOff
2026-02-25T10:07:03.604Z,,DWM-12,DESKTOP-C332RF6,,2,LogOff,LogOff
2026-02-25T10:07:06.029Z,DESKTOP-C332RF6$,PC,DESKTOP-C332RF6,Negotiate,2,LogOn,Success
2026-02-25T10:07:06.029Z,DESKTOP-C332RF6$,PC,DESKTOP-C332RF6,Negotiate,2,LogOn,Success
2026-02-25T10:07:10.077Z,DESKTOP-C332RF6$,SYSTEM,DESKTOP-C332RF6,Negotiate,5,LogOn,Success
2026-02-25T10:07:15.911Z,DESKTOP-C332RF6$,SYSTEM,DESKTOP-C332RF6,Negotiate,5,LogOn,Success
2026-03-11T21:05:19.762Z,,PC,DESKTOP-C332RF6,,2,LogOff,LogOff
2026-03-11T21:10:25.742Z,DESKTOP-C332RF6$,SYSTEM,DESKTOP-C332RF6,Negotiate,5,LogOn,Success
2026-03-11T21:10:25.796Z,DESKTOP-C332RF6$,SYSTEM,DESKTOP-C332RF6,Negotiate,5,LogOn,Success
2026-03-11T21:13:16.327Z,DESKTOP-C332RF6$,SYSTEM,DESKTOP-C332RF6,Negotiate,5,LogOn,Success
2026-03-11T21:14:02.057Z,DESKTOP-C332RF6$,SYSTEM,DESKTOP-C332RF6,Negotiate,5,LogOn,Success
2026-03-11T21:14:03.188Z,DESKTOP-C332RF6$,SYSTEM,DESKTOP-C332RF6,Negotiate,5,LogOn,Success
2026-03-11T21:14:11.702Z,DESKTOP-C332RF6$,SYSTEM,DESKTOP-C332RF6,Negotiate,5,LogOn,Success
2026-03-11T21:15:16.983Z,DESKTOP-C332RF6$,SYSTEM,DESKTOP-C332RF6,Negotiate,5,LogOn,Success
2026-03-11T21:17:56.147Z,DESKTOP-C332RF6$,SYSTEM,DESKTOP-C332RF6,Negotiate,5,LogOn,Success
2026-03-11T21:17:56.240Z,DESKTOP-C332RF6$,SYSTEM,DESKTOP-C332RF6,Negotiate,5,LogOn,Success
2026-03-11T21:17:57.217Z,DESKTOP-C332RF6$,SYSTEM,DESKTOP-C332RF6,Negotiate,5,LogOn,Success
2026-03-11T21:18:30.471Z,DESKTOP-C332RF6$,SYSTEM,DESKTOP-C332RF6,Negotiate,5,LogOn,Success
2026-03-11T21:19:27.126Z,DESKTOP-C332RF6$,SYSTEM,DESKTOP-C332RF6,Negotiate,5,LogOn,Success
2026-03-11T21:20:18.159Z,DESKTOP-C332RF6$,SYSTEM,DESKTOP-C332RF6,Negotiate,5,LogOn,Success
2026-03-11T21:20:18.601Z,DESKTOP-C332RF6$,SYSTEM,DESKTOP-C332RF6,Negotiate,5,LogOn,Success
2026-03-11T21:20:30.784Z,DESKTOP-C332RF6$,SYSTEM,DESKTOP-C332RF6,Negotiate,5,LogOn,Success
2026-03-11T21:23:31.343Z,DESKTOP-C332RF6$,SYSTEM,DESKTOP-C332RF6,Negotiate,5,LogOn,Success
2026-03-11T21:23:40.350Z,DESKTOP-C332RF6$,SYSTEM,DESKTOP-C332RF6,Negotiate,5,LogOn,Success
2026-03-11T21:24:43.833Z,DESKTOP-C332RF6$,SYSTEM,DESKTOP-C332RF6,Negotiate,5,LogOn,Success
2026-03-11T21:26:31.129Z,DESKTOP-C332RF6$,SYSTEM,DESKTOP-C332RF6,Negotiate,5,LogOn,Success
2026-03-11T21:26:31.129Z,DESKTOP-C332RF6$,SYSTEM,DESKTOP-C332RF6,Negotiate,5,LogOn,Success
2026-03-11T21:32:31.372Z,DESKTOP-C332RF6$,SYSTEM,DESKTOP-C332RF6,Negotiate,5,LogOn,Success
2026-03-11T21:33:32.933Z,DESKTOP-C332RF6$,SYSTEM,DESKTOP-C332RF6,Negotiate,5,LogOn,Success
2026-03-11T21:52:20.933Z,DESKTOP-C332RF6$,SYSTEM,DESKTOP-C332RF6,Negotiate,5,LogOn,Success
2026-03-11T21:52:22.191Z,DESKTOP-C332RF6$,SYSTEM,DESKTOP-C332RF6,Negotiate,5,LogOn,Success
2026-03-11T22:07:32.200Z,DESKTOP-C332RF6$,SYSTEM,DESKTOP-C332RF6,Negotiate,5,LogOn,Success
2026-03-11T22:07:33.252Z,DESKTOP-C332RF6$,SYSTEM,DESKTOP-C332RF6,Negotiate,5,LogOn,Success
2026-03-11T22:13:16.358Z,DESKTOP-C332RF6$,SYSTEM,DESKTOP-C332RF6,Negotiate,5,LogOn,Success
2026-03-11T22:25:00.314Z,DESKTOP-C332RF6$,SYSTEM,DESKTOP-C332RF6,Negotiate,5,LogOn,Success
2026-03-11T22:25:09.372Z,DESKTOP-C332RF6$,SYSTEM,DESKTOP-C332RF6,Negotiate,5,LogOn,Success
2026-03-11T22:25:39.713Z,DESKTOP-C332RF6$,SYSTEM,DESKTOP-C332RF6,Negotiate,5,LogOn,Success
2026-03-11T22:26:24.260Z,DESKTOP-C332RF6$,SYSTEM,DESKTOP-C332RF6,Negotiate,5,LogOn,Success
2026-03-11T22:26:25.217Z,DESKTOP-C332RF6$,SYSTEM,DESKTOP-C332RF6,Negotiate,5,LogOn,Success
2026-03-11T22:34:42.820Z,DESKTOP-C332RF6$,SYSTEM,DESKTOP-C332RF6,Negotiate,5,LogOn,Success
2026-03-11T22:41:39.919Z,DESKTOP-C332RF6$,SYSTEM,DESKTOP-C332RF6,Negotiate,5,LogOn,Success
2026-03-11T22:42:40.018Z,DESKTOP-C332RF6$,SYSTEM,DESKTOP-C332RF6,Negotiate,5,LogOn,Success
2026-03-11T22:42:40.813Z,DESKTOP-C332RF6$,SYSTEM,DESKTOP-C332RF6,Negotiate,5,LogOn,Success
2026-03-11T22:53:30.892Z,DESKTOP-C332RF6$,SYSTEM,DESKTOP-C332RF6,Negotiate,5,LogOn,Success
2026-03-11T22:53:32.471Z,DESKTOP-C332RF6$,SYSTEM,DESKTOP-C332RF6,Negotiate,5,LogOn,Success
2026-03-11T22:53:32.534Z,DESKTOP-C332RF6$,SYSTEM,DESKTOP-C332RF6,Negotiate,5,LogOn,Success
2026-03-11T22:55:49.294Z,DESKTOP-C332RF6$,SYSTEM,DESKTOP-C332RF6,Negotiate,5,LogOn,Success
2026-03-11T22:58:24.183Z,DESKTOP-C332RF6$,SYSTEM,DESKTOP-C332RF6,Negotiate,5,LogOn,Success
2026-03-11T23:01:55.446Z,DESKTOP-C332RF6$,SYSTEM,DESKTOP-C332RF6,Negotiate,5,LogOn,Success
2026-03-11T23:13:16.713Z,DESKTOP-C332RF6$,SYSTEM,DESKTOP-C332RF6,Negotiate,5,LogOn,Success
2026-03-11T23:13:24.133Z,DESKTOP-C332RF6$,SYSTEM,DESKTOP-C332RF6,Negotiate,5,LogOn,Success
2026-03-11T23:23:01.916Z,DESKTOP-C332RF6$,SYSTEM,DESKTOP-C332RF6,Negotiate,5,LogOn,Success
2026-03-11T23:52:20.924Z,DESKTOP-C332RF6$,SYSTEM,DESKTOP-C332RF6,Negotiate,5,LogOn,Success
2026-03-11T23:52:22.317Z,DESKTOP-C332RF6$,SYSTEM,DESKTOP-C332RF6,Negotiate,5,LogOn,Success
2026-03-11T23:58:22.907Z,DESKTOP-C332RF6$,SYSTEM,DESKTOP-C332RF6,Negotiate,5,LogOn,Success
2026-03-12T00:07:58.942Z,DESKTOP-C332RF6$,SYSTEM,DESKTOP-C332RF6,Negotiate,5,LogOn,Success
2026-03-12T00:08:00.229Z,DESKTOP-C332RF6$,SYSTEM,DESKTOP-C332RF6,Negotiate,5,LogOn,Success
2026-03-12T00:13:16.319Z,DESKTOP-C332RF6$,SYSTEM,DESKTOP-C332RF6,Negotiate,5,LogOn,Success
2026-03-12T00:22:59.049Z,DESKTOP-C332RF6$,SYSTEM,DESKTOP-C332RF6,Negotiate,5,LogOn,Success
2026-03-12T00:23:00.293Z,DESKTOP-C332RF6$,SYSTEM,DESKTOP-C332RF6,Negotiate,5,LogOn,Success
2026-03-12T00:24:02.002Z,DESKTOP-C332RF6$,SYSTEM,DESKTOP-C332RF6,Negotiate,5,LogOn,Success
2026-03-12T00:24:02.666Z,DESKTOP-C332RF6$,SYSTEM,DESKTOP-C332RF6,Negotiate,5,LogOn,Success
2026-03-12T00:27:20.127Z,DESKTOP-C332RF6$,SYSTEM,DESKTOP-C332RF6,Negotiate,5,LogOn,Success
2026-03-12T00:29:39.025Z,DESKTOP-C332RF6$,SYSTEM,DESKTOP-C332RF6,Negotiate,5,LogOn,Success
2026-03-12T00:40:18.358Z,DESKTOP-C332RF6$,SYSTEM,DESKTOP-C332RF6,Negotiate,5,LogOn,Success
2026-03-12T00:52:20.940Z,DESKTOP-C332RF6$,SYSTEM,DESKTOP-C332RF6,Negotiate,5,LogOn,Success
2026-03-12T00:52:22.295Z,DESKTOP-C332RF6$,SYSTEM,DESKTOP-C332RF6,Negotiate,5,LogOn,Success
2026-03-12T01:04:57.625Z,DESKTOP-C332RF6$,SYSTEM,DESKTOP-C332RF6,Negotiate,5,LogOn,Success
2026-03-12T01:05:17.520Z,DESKTOP-C332RF6$,SYSTEM,DESKTOP-C332RF6,Negotiate,5,LogOn,Success
2026-03-12T01:05:18.500Z,DESKTOP-C332RF6$,SYSTEM,DESKTOP-C332RF6,Negotiate,5,LogOn,Success
2026-03-12T01:07:23.808Z,DESKTOP-C332RF6$,SYSTEM,DESKTOP-C332RF6,Negotiate,5,LogOn,Success
2026-03-12T01:07:25.308Z,DESKTOP-C332RF6$,SYSTEM,DESKTOP-C332RF6,Negotiate,5,LogOn,Success
2026-03-12T01:09:07.743Z,DESKTOP-C332RF6$,SYSTEM,DESKTOP-C332RF6,Negotiate,5,LogOn,Success
2026-03-12T01:09:34.403Z,DESKTOP-C332RF6$,UMFD-42,DESKTOP-C332RF6,Negotiate,2,LogOn,Success
2026-03-12T01:09:34.442Z,DESKTOP-C332RF6$,DWM-42,DESKTOP-C332RF6,Negotiate,2,LogOn,Success
2026-03-12T01:09:34.442Z,DESKTOP-C332RF6$,DWM-42,DESKTOP-C332RF6,Negotiate,2,LogOn,Success
2026-03-12T01:09:34.503Z,DESKTOP-C332RF6$,SYSTEM,DESKTOP-C332RF6,Negotiate,5,LogOn,Success
2026-03-12T01:09:39.179Z,,UMFD-41,DESKTOP-C332RF6,,2,LogOff,LogOff
2026-03-12T01:09:39.248Z,DESKTOP-C332RF6$,SYSTEM,DESKTOP-C332RF6,Negotiate,5,LogOn,Success
2026-03-12T01:09:40.328Z,DESKTOP-C332RF6$,SYSTEM,DESKTOP-C332RF6,Negotiate,5,LogOn,Success
2026-03-12T05:07:47.623Z,,DWM-41,DESKTOP-C332RF6,,2,LogOff,LogOff
2026-03-12T05:07:47.624Z,,DWM-41,DESKTOP-C332RF6,,2,LogOff,LogOff
2026-03-12T05:07:49.710Z,DESKTOP-C332RF6$,PC,DESKTOP-C332RF6,Negotiate,2,LogOn,Success
2026-03-12T05:07:49.710Z,DESKTOP-C332RF6$,PC,DESKTOP-C332RF6,Negotiate,2,LogOn,Success
2026-03-12T05:07:51.953Z,DESKTOP-C332RF6$,SYSTEM,DESKTOP-C332RF6,Negotiate,5,LogOn,Success
2026-03-12T05:07:58.602Z,DESKTOP-C332RF6$,SYSTEM,DESKTOP-C332RF6,Negotiate,5,LogOn,Success
2026-03-12T05:09:36.906Z,DESKTOP-C332RF6$,SYSTEM,DESKTOP-C332RF6,Negotiate,5,LogOn,Success
2026-03-12T05:12:07.240Z,DESKTOP-C332RF6$,SYSTEM,DESKTOP-C332RF6,Negotiate,5,LogOn,Success
2026-03-12T05:12:59.085Z,DESKTOP-C332RF6$,SYSTEM,DESKTOP-C332RF6,Negotiate,5,LogOn,Success
2026-03-12T05:12:59.167Z,DESKTOP-C332RF6$,SYSTEM,DESKTOP-C332RF6,Negotiate,5,LogOn,Success
2026-03-12T05:13:00.153Z,DESKTOP-C332RF6$,SYSTEM,DESKTOP-C332RF6,Negotiate,5,LogOn,Success
2026-03-12T05:13:08.732Z,DESKTOP-C332RF6$,SYSTEM,DESKTOP-C332RF6,Negotiate,5,LogOn,Success
2026-03-12T05:13:47.073Z,DESKTOP-C332RF6$,SYSTEM,DESKTOP-C332RF6,Negotiate,5,LogOn,Success
2026-03-12T05:16:25.673Z,DESKTOP-C332RF6$,SYSTEM,DESKTOP-C332RF6,Negotiate,5,LogOn,Success
2026-03-12T05:22:51.261Z,DESKTOP-C332RF6$,SYSTEM,DESKTOP-C332RF6,Negotiate,5,LogOn,Success
2026-03-12T05:23:02.235Z,DESKTOP-C332RF6$,SYSTEM,DESKTOP-C332RF6,Negotiate,5,LogOn,Success
2026-03-12T05:23:12.912Z,DESKTOP-C332RF6$,SYSTEM,DESKTOP-C332RF6,Negotiate,5,LogOn,Success
2026-03-12T05:42:18.688Z,DESKTOP-C332RF6$,SYSTEM,DESKTOP-C332RF6,Negotiate,5,LogOn,Success
2026-03-12T05:42:19.732Z,DESKTOP-C332RF6$,SYSTEM,DESKTOP-C332RF6,Negotiate,5,LogOn,Success
2026-03-12T05:45:19.210Z,DESKTOP-C332RF6$,SYSTEM,DESKTOP-C332RF6,Negotiate,5,LogOn,Success
2026-03-12T05:56:23.615Z,DESKTOP-C332RF6$,SYSTEM,DESKTOP-C332RF6,Negotiate,5,LogOn,Success
2026-03-12T05:56:23.691Z,DESKTOP-C332RF6$,SYSTEM,DESKTOP-C332RF6,Negotiate,5,LogOn,Success
2026-03-12T06:13:16.311Z,DESKTOP-C332RF6$,SYSTEM,DESKTOP-C332RF6,Negotiate,5,LogOn,Success
2026-03-12T06:14:06.306Z,DESKTOP-C332RF6$,SYSTEM,DESKTOP-C332RF6,Negotiate,5,LogOn,Success
2026-03-12T06:16:34.538Z,DESKTOP-C332RF6$,SYSTEM,DESKTOP-C332RF6,Negotiate,5,LogOn,Success
2026-03-12T06:22:42.762Z,DESKTOP-C332RF6$,SYSTEM,DESKTOP-C332RF6,Negotiate,5,LogOn,Success
2026-03-12T06:22:45.959Z,DESKTOP-C332RF6$,SYSTEM,DESKTOP-C332RF6,Negotiate,5,LogOn,Success
2026-03-12T06:30:36.623Z,DESKTOP-C332RF6$,SYSTEM,DESKTOP-C332RF6,Negotiate,5,LogOn,Success
2026-03-12T06:50:43.064Z,DESKTOP-C332RF6$,SYSTEM,DESKTOP-C332RF6,Negotiate,5,LogOn,Success
2026-03-12T06:50:44.247Z,DESKTOP-C332RF6$,SYSTEM,DESKTOP-C332RF6,Negotiate,5,LogOn,Success
2026-03-12T07:02:55.544Z,DESKTOP-C332RF6$,SYSTEM,DESKTOP-C332RF6,Negotiate,5,LogOn,Success
2026-03-12T07:02:58.929Z,DESKTOP-C332RF6$,SYSTEM,DESKTOP-C332RF6,Negotiate,5,LogOn,Success
2026-03-12T07:03:00.644Z,DESKTOP-C332RF6$,SYSTEM,DESKTOP-C332RF6,Negotiate,5,LogOn,Success
2026-03-12T07:03:00.871Z,DESKTOP-C332RF6$,SYSTEM,DESKTOP-C332RF6,Negotiate,5,LogOn,Success
2026-03-12T07:07:51.054Z,DESKTOP-C332RF6$,SYSTEM,DESKTOP-C332RF6,Negotiate,5,LogOn,Success
2026-03-12T07:07:51.093Z,DESKTOP-C332RF6$,SYSTEM,DESKTOP-C332RF6,Negotiate,5,LogOn,Success
2026-03-12T07:07:54.592Z,DESKTOP-C332RF6$,SYSTEM,DESKTOP-C332RF6,Negotiate,5,LogOn,Success
2026-03-12T07:13:16.314Z,DESKTOP-C332RF6$,SYSTEM,DESKTOP-C332RF6,Negotiate,5,LogOn,Success
2026-03-12T07:20:55.303Z,DESKTOP-C332RF6$,SYSTEM,DESKTOP-C332RF6,Negotiate,5,LogOn,Success
2026-03-12T07:24:02.179Z,DESKTOP-C332RF6$,SYSTEM,DESKTOP-C332RF6,Negotiate,5,LogOn,Success
2026-03-12T07:30:01.604Z,DESKTOP-C332RF6$,SYSTEM,DESKTOP-C332RF6,Negotiate,5,LogOn,Success
2026-03-12T07:30:02.027Z,DESKTOP-C332RF6$,SYSTEM,DESKTOP-C332RF6,Negotiate,5,LogOn,Success
2026-03-12T07:30:02.091Z,DESKTOP-C332RF6$,SYSTEM,DESKTOP-C332RF6,Negotiate,5,LogOn,Success
2026-03-12T07:30:36.802Z,DESKTOP-C332RF6$,SYSTEM,DESKTOP-C332RF6,Negotiate,5,LogOn,Success
2026-03-12T07:40:15.253Z,DESKTOP-C332RF6$,SYSTEM,DESKTOP-C332RF6,Negotiate,5,LogOn,Success
2026-03-12T07:40:19.684Z,DESKTOP-C332RF6$,SYSTEM,DESKTOP-C332RF6,Negotiate,5,LogOn,Success
2026-03-12T07:40:21.943Z,DESKTOP-C332RF6$,SYSTEM,DESKTOP-C332RF6,Negotiate,5,LogOn,Success
2026-03-12T07:40:27.744Z,DESKTOP-C332RF6$,UMFD-43,DESKTOP-C332RF6,Negotiate,2,LogOn,Success
2026-03-12T07:40:27.772Z,DESKTOP-C332RF6$,DWM-43,DESKTOP-C332RF6,Negotiate,2,LogOn,Success
2026-03-12T07:40:27.772Z,DESKTOP-C332RF6$,DWM-43,DESKTOP-C332RF6,Negotiate,2,LogOn,Success
2026-03-12T07:40:27.851Z,DESKTOP-C332RF6$,SYSTEM,DESKTOP-C332RF6,Negotiate,5,LogOn,Success
2026-03-12T07:40:33.225Z,DESKTOP-C332RF6$,SYSTEM,DESKTOP-C332RF6,Negotiate,5,LogOn,Success
2026-03-12T07:40:33.242Z,,UMFD-42,DESKTOP-C332RF6,,2,LogOff,LogOff
2026-03-12T07:40:34.237Z,DESKTOP-C332RF6$,SYSTEM,DESKTOP-C332RF6,Negotiate,5,LogOn,Success
2026-03-12T11:16:32.612Z,,DWM-42,DESKTOP-C332RF6,,2,LogOff,LogOff
2026-03-12T11:16:32.612Z,,DWM-42,DESKTOP-C332RF6,,2,LogOff,LogOff
2026-03-12T11:16:35.585Z,DESKTOP-C332RF6$,PC,DESKTOP-C332RF6,Negotiate,2,LogOn,Success
2026-03-12T11:16:35.585Z,DESKTOP-C332RF6$,PC,DESKTOP-C332RF6,Negotiate,2,LogOn,Success
2026-03-12T11:16:45.845Z,DESKTOP-C332RF6$,SYSTEM,DESKTOP-C332RF6,Negotiate,5,LogOn,Success
2026-03-12T11:17:41.108Z,DESKTOP-C332RF6$,SYSTEM,DESKTOP-C332RF6,Negotiate,5,LogOn,Success
2026-03-12T11:18:21.979Z,DESKTOP-C332RF6$,SYSTEM,DESKTOP-C332RF6,Negotiate,5,LogOn,Success
2026-03-12T11:21:40.875Z,DESKTOP-C332RF6$,SYSTEM,DESKTOP-C332RF6,Negotiate,5,LogOn,Success
2026-03-12T11:26:32.910Z,DESKTOP-C332RF6$,SYSTEM,DESKTOP-C332RF6,Negotiate,5,LogOn,Success
2026-03-12T11:31:37.172Z,DESKTOP-C332RF6$,SYSTEM,DESKTOP-C332RF6,Negotiate,5,LogOn,Success
2026-03-12T11:32:00.904Z,DESKTOP-C332RF6$,SYSTEM,DESKTOP-C332RF6,Negotiate,5,LogOn,Success
2026-03-12T11:32:40.857Z,DESKTOP-C332RF6$,SYSTEM,DESKTOP-C332RF6,Negotiate,5,LogOn,Success
2026-03-12T11:35:08.681Z,DESKTOP-C332RF6$,SYSTEM,DESKTOP-C332RF6,Negotiate,5,LogOn,Success
2026-03-12T11:38:37.261Z,DESKTOP-C332RF6$,SYSTEM,DESKTOP-C332RF6,Negotiate,5,LogOn,Success
2026-03-12T11:38:37.842Z,DESKTOP-C332RF6$,SYSTEM,DESKTOP-C332RF6,Negotiate,5,LogOn,Success
2026-03-12T11:38:38.812Z,DESKTOP-C332RF6$,SYSTEM,DESKTOP-C332RF6,Negotiate,5,LogOn,Success
2026-03-12T11:38:39.225Z,DESKTOP-C332RF6$,SYSTEM,DESKTOP-C332RF6,Negotiate,5,LogOn,Success
2026-03-12T11:50:40.870Z,DESKTOP-C332RF6$,SYSTEM,DESKTOP-C332RF6,Negotiate,5,LogOn,Success
2026-03-12T11:57:56.696Z,DESKTOP-C332RF6$,SYSTEM,DESKTOP-C332RF6,Negotiate,5,LogOn,Success
2026-03-12T11:58:01.695Z,DESKTOP-C332RF6$,SYSTEM,DESKTOP-C332RF6,Negotiate,5,LogOn,Success
2026-03-12T11:58:04.361Z,DESKTOP-C332RF6$,SYSTEM,DESKTOP-C332RF6,Negotiate,5,LogOn,Success
2026-03-12T11:58:05.708Z,DESKTOP-C332RF6$,SYSTEM,DESKTOP-C332RF6,Negotiate,5,LogOn,Success
2026-03-12T12:01:04.532Z,DESKTOP-C332RF6$,SYSTEM,DESKTOP-C332RF6,Negotiate,5,LogOn,Success
2026-03-12T12:16:43.159Z,DESKTOP-C332RF6$,SYSTEM,DESKTOP-C332RF6,Negotiate,5,LogOn,Success
2026-03-12T12:18:09.827Z,DESKTOP-C332RF6$,SYSTEM,DESKTOP-C332RF6,Negotiate,5,LogOn,Success
2026-03-12T12:21:07.392Z,DESKTOP-C332RF6$,SYSTEM,DESKTOP-C332RF6,Negotiate,5,LogOn,Success
2026-03-12T12:21:11.853Z,DESKTOP-C332RF6$,SYSTEM,DESKTOP-C332RF6,Negotiate,5,LogOn,Success
2026-03-12T12:27:16.354Z,DESKTOP-C332RF6$,SYSTEM,DESKTOP-C332RF6,Negotiate,5,LogOn,Success
2026-03-12T12:33:38.959Z,DESKTOP-C332RF6$,SYSTEM,DESKTOP-C332RF6,Negotiate,5,LogOn,Success
2026-03-12T12:35:43.953Z,DESKTOP-C332RF6$,SYSTEM,DESKTOP-C332RF6,Negotiate,5,LogOn,Success
2026-03-12T12:38:21.035Z,DESKTOP-C332RF6$,SYSTEM,DESKTOP-C332RF6,Negotiate,5,LogOn,Success
2026-03-12T12:46:39.948Z,DESKTOP-C332RF6$,SYSTEM,DESKTOP-C332RF6,Negotiate,5,LogOn,Success
2026-03-12T12:46:41.305Z,DESKTOP-C332RF6$,SYSTEM,DESKTOP-C332RF6,Negotiate,5,LogOn,Success
2026-03-12T12:47:19.853Z,DESKTOP-C332RF6$,SYSTEM,DESKTOP-C332RF6,Negotiate,5,LogOn,Success
2026-03-12T13:01:40.031Z,DESKTOP-C332RF6$,SYSTEM,DESKTOP-C332RF6,Negotiate,5,LogOn,Success
2026-03-12T13:01:41.385Z,DESKTOP-C332RF6$,SYSTEM,DESKTOP-C332RF6,Negotiate,5,LogOn,Success
2026-03-12T13:07:06.185Z,DESKTOP-C332RF6$,SYSTEM,DESKTOP-C332RF6,Negotiate,5,LogOn,Success
2026-03-12T13:07:06.562Z,DESKTOP-C332RF6$,SYSTEM,DESKTOP-C332RF6,Negotiate,5,LogOn,Success
2026-03-12T13:07:06.640Z,DESKTOP-C332RF6$,SYSTEM,DESKTOP-C332RF6,Negotiate,5,LogOn,Success
2026-03-12T13:11:04.401Z,DESKTOP-C332RF6$,SYSTEM,DESKTOP-C332RF6,Negotiate,5,LogOn,Success
2026-03-12T13:11:36.966Z,DESKTOP-C332RF6$,SYSTEM,DESKTOP-C332RF6,Negotiate,5,LogOn,Success
2026-03-12T13:12:12.627Z,DESKTOP-C332RF6$,SYSTEM,DESKTOP-C332RF6,Negotiate,5,LogOn,Success
2026-03-12T13:12:15.868Z,DESKTOP-C332RF6$,SYSTEM,DESKTOP-C332RF6,Negotiate,5,LogOn,Success
2026-03-12T13:19:52.917Z,DESKTOP-C332RF6$,SYSTEM,DESKTOP-C332RF6,Negotiate,5,LogOn,Success
2026-03-12T13:21:25.081Z,DESKTOP-C332RF6$,SYSTEM,DESKTOP-C332RF6,Negotiate,5,LogOn,Success
2026-03-12T13:27:49.200Z,DESKTOP-C332RF6$,SYSTEM,DESKTOP-C332RF6,Negotiate,5,LogOn,Success
2026-03-12T13:27:50.010Z,DESKTOP-C332RF6$,SYSTEM,DESKTOP-C332RF6,Negotiate,5,LogOn,Success
2026-03-12T13:27:50.097Z,DESKTOP-C332RF6$,SYSTEM,DESKTOP-C332RF6,Negotiate,5,LogOn,Success
2026-03-12T13:28:00.219Z,DESKTOP-C332RF6$,SYSTEM,DESKTOP-C332RF6,Negotiate,5,LogOn,Success
2026-03-12T14:15:37.102Z,DESKTOP-C332RF6$,SYSTEM,DESKTOP-C332RF6,Negotiate,5,LogOn,Success
2026-03-12T14:15:44.203Z,DESKTOP-C332RF6$,SYSTEM,DESKTOP-C332RF6,Negotiate,5,LogOn,Success
2026-03-12T14:15:47.867Z,DESKTOP-C332RF6$,SYSTEM,DESKTOP-C332RF6,Negotiate,5,LogOn,Success
2026-03-12T14:15:47.881Z,DESKTOP-C332RF6$,SYSTEM,DESKTOP-C332RF6,Negotiate,5,LogOn,Success
2026-03-12T17:30:01.181Z,DESKTOP-C332RF6$,PC,DESKTOP-C332RF6,Negotiate,2,LogOn,Success
2026-03-12T17:30:01.181Z,DESKTOP-C332RF6$,PC,DESKTOP-C332RF6,Negotiate,2,LogOn,Success
2026-03-12T17:30:01.182Z,,PC,DESKTOP-C332RF6,,2,LogOff,LogOff
2026-03-12T17:30:01.182Z,,PC,DESKTOP-C332RF6,,2,LogOff,LogOff
2026-03-12T17:31:42.024Z,DESKTOP-C332RF6$,SYSTEM,DESKTOP-C332RF6,Negotiate,5,LogOn,Success
2026-03-12T17:33:38.321Z,DESKTOP-C332RF6$,SYSTEM,DESKTOP-C332RF6,Negotiate,5,LogOn,Success
2026-03-12T17:34:08.298Z,DESKTOP-C332RF6$,SYSTEM,DESKTOP-C332RF6,Negotiate,5,LogOn,Success
2026-03-12T17:39:53.911Z,DESKTOP-C332RF6$,SYSTEM,DESKTOP-C332RF6,Negotiate,5,LogOn,Success
2026-03-12T17:40:38.422Z,DESKTOP-C332RF6$,SYSTEM,DESKTOP-C332RF6,Negotiate,5,LogOn,Success
2026-03-12T17:58:05.571Z,DESKTOP-C332RF6$,SYSTEM,DESKTOP-C332RF6,Negotiate,5,LogOn,Success
2026-03-12T17:58:06.048Z,DESKTOP-C332RF6$,SYSTEM,DESKTOP-C332RF6,Negotiate,5,LogOn,Success
2026-03-12T17:58:06.048Z,DESKTOP-C332RF6$,SYSTEM,DESKTOP-C332RF6,Negotiate,5,LogOn,Success
2026-03-12T17:58:06.161Z,DESKTOP-C332RF6$,SYSTEM,DESKTOP-C332RF6,Negotiate,5,LogOn,Success
2026-03-12T17:58:06.236Z,DESKTOP-C332RF6$,SYSTEM,DESKTOP-C332RF6,Negotiate,5,LogOn,Success
2026-03-12T18:05:54.227Z,DESKTOP-C332RF6$,SYSTEM,DESKTOP-C332RF6,Negotiate,5,LogOn,Success
2026-03-12T18:06:27.090Z,DESKTOP-C332RF6$,SYSTEM,DESKTOP-C332RF6,Negotiate,5,LogOn,Success
2026-03-12T18:06:28.032Z,DESKTOP-C332RF6$,SYSTEM,DESKTOP-C332RF6,Negotiate,5,LogOn,Success
2026-03-12T18:11:35.422Z,DESKTOP-C332RF6$,SYSTEM,DESKTOP-C332RF6,Negotiate,5,LogOn,Success
2026-03-12T18:22:07.377Z,DESKTOP-C332RF6$,SYSTEM,DESKTOP-C332RF6,Negotiate,5,LogOn,Success
2026-03-12T18:23:12.420Z,DESKTOP-C332RF6$,SYSTEM,DESKTOP-C332RF6,Negotiate,5,LogOn,Success
2026-03-12T18:32:07.434Z,DESKTOP-C332RF6$,SYSTEM,DESKTOP-C332RF6,Negotiate,5,LogOn,Success
2026-03-12T18:32:08.942Z,DESKTOP-C332RF6$,SYSTEM,DESKTOP-C332RF6,Negotiate,5,LogOn,Success
2026-03-12T18:33:04.058Z,DESKTOP-C332RF6$,SYSTEM,DESKTOP-C332RF6,Negotiate,5,LogOn,Success
2026-03-12T18:33:04.151Z,DESKTOP-C332RF6$,SYSTEM,DESKTOP-C332RF6,Negotiate,5,LogOn,Success
2026-03-12T18:36:35.815Z,DESKTOP-C332RF6$,SYSTEM,DESKTOP-C332RF6,Negotiate,5,LogOn,Success
2026-03-12T18:40:36.398Z,DESKTOP-C332RF6$,SYSTEM,DESKTOP-C332RF6,Negotiate,5,LogOn,Success
2026-03-12T18:40:38.576Z,DESKTOP-C332RF6$,SYSTEM,DESKTOP-C332RF6,Negotiate,5,LogOn,Success
2026-03-12T19:10:09.562Z,DESKTOP-C332RF6$,SYSTEM,DESKTOP-C332RF6,Negotiate,5,LogOn,Success
2026-03-12T19:22:32.296Z,DESKTOP-C332RF6$,SYSTEM,DESKTOP-C332RF6,Negotiate,5,LogOn,Success
2026-03-12T19:29:54.123Z,DESKTOP-C332RF6$,SYSTEM,DESKTOP-C332RF6,Negotiate,5,LogOn,Success
2026-03-12T19:29:54.160Z,DESKTOP-C332RF6$,SYSTEM,DESKTOP-C332RF6,Negotiate,5,LogOn,Success
2026-03-12T19:29:57.413Z,DESKTOP-C332RF6$,SYSTEM,DESKTOP-C332RF6,Negotiate,5,LogOn,Success
2026-03-12T19:29:58.887Z,DESKTOP-C332RF6$,SYSTEM,DESKTOP-C332RF6,Negotiate,5,LogOn,Success
2026-03-12T19:32:18.954Z,DESKTOP-C332RF6$,SYSTEM,DESKTOP-C332RF6,Negotiate,5,LogOn,Success
2026-03-12T19:40:36.542Z,DESKTOP-C332RF6$,SYSTEM,DESKTOP-C332RF6,Negotiate,5,LogOn,Success
2026-03-12T20:10:09.729Z,DESKTOP-C332RF6$,SYSTEM,DESKTOP-C332RF6,Negotiate,5,LogOn,Success
2026-03-12T20:22:32.298Z,DESKTOP-C332RF6$,SYSTEM,DESKTOP-C332RF6,Negotiate,5,LogOn,Success
2026-03-12T20:32:22.287Z,DESKTOP-C332RF6$,SYSTEM,DESKTOP-C332RF6,Negotiate,5,LogOn,Success
2026-03-12T20:40:36.556Z,DESKTOP-C332RF6$,SYSTEM,DESKTOP-C332RF6,Negotiate,5,LogOn,Success
2026-03-12T21:05:16.472Z,DESKTOP-C332RF6$,SYSTEM,DESKTOP-C332RF6,Negotiate,5,LogOn,Success
2026-03-12T21:05:16.528Z,DESKTOP-C332RF6$,SYSTEM,DESKTOP-C332RF6,Negotiate,5,LogOn,Success
2026-03-12T21:06:08.495Z,DESKTOP-C332RF6$,SYSTEM,DESKTOP-C332RF6,Negotiate,5,LogOn,Success
2026-03-12T21:32:32.310Z,DESKTOP-C332RF6$,SYSTEM,DESKTOP-C332RF6,Negotiate,5,LogOn,Success
2026-03-12T21:40:36.570Z,DESKTOP-C332RF6$,SYSTEM,DESKTOP-C332RF6,Negotiate,5,LogOn,Success
2026-03-12T22:10:10.028Z,DESKTOP-C332RF6$,SYSTEM,DESKTOP-C332RF6,Negotiate,5,LogOn,Success
2026-03-12T22:22:32.326Z,DESKTOP-C332RF6$,SYSTEM,DESKTOP-C332RF6,Negotiate,5,LogOn,Success
2026-03-12T22:32:42.321Z,DESKTOP-C332RF6$,SYSTEM,DESKTOP-C332RF6,Negotiate,5,LogOn,Success
2026-03-12T22:40:36.585Z,DESKTOP-C332RF6$,SYSTEM,DESKTOP-C332RF6,Negotiate,5,LogOn,Success
2026-03-12T22:43:53.162Z,DESKTOP-C332RF6$,SYSTEM,DESKTOP-C332RF6,Negotiate,5,LogOn,Success
2026-03-12T22:49:32.407Z,DESKTOP-C332RF6$,SYSTEM,DESKTOP-C332RF6,Negotiate,5,LogOn,Success
2026-03-12T22:49:52.366Z,DESKTOP-C332RF6$,SYSTEM,DESKTOP-C332RF6,Negotiate,5,LogOn,Success
2026-03-12T22:49:52.865Z,DESKTOP-C332RF6$,SYSTEM,DESKTOP-C332RF6,Negotiate,5,LogOn,Success
2026-03-12T22:49:52.965Z,DESKTOP-C332RF6$,SYSTEM,DESKTOP-C332RF6,Negotiate,5,LogOn,Success
2026-03-12T22:49:53.359Z,DESKTOP-C332RF6$,SYSTEM,DESKTOP-C332RF6,Negotiate,5,LogOn,Success
2026-03-12T22:49:56.166Z,DESKTOP-C332RF6$,SYSTEM,DESKTOP-C332RF6,Negotiate,5,LogOn,Success
2026-03-12T22:50:04.390Z,DESKTOP-C332RF6$,SYSTEM,DESKTOP-C332RF6,Negotiate,5,LogOn,Success
2026-03-12T22:50:04.488Z,DESKTOP-C332RF6$,SYSTEM,DESKTOP-C332RF6,Negotiate,5,LogOn,Success
2026-03-12T22:50:05.480Z,DESKTOP-C332RF6$,SYSTEM,DESKTOP-C332RF6,Negotiate,5,LogOn,Success
2026-03-12T23:00:45.944Z,DESKTOP-C332RF6$,SYSTEM,DESKTOP-C332RF6,Negotiate,5,LogOn,Success
2026-03-12T23:04:53.674Z,DESKTOP-C332RF6$,SYSTEM,DESKTOP-C332RF6,Negotiate,5,LogOn,Success
2026-03-12T23:05:56.324Z,DESKTOP-C332RF6$,SYSTEM,DESKTOP-C332RF6,Negotiate,5,LogOn,Success
2026-03-12T23:07:54.652Z,DESKTOP-C332RF6$,SYSTEM,DESKTOP-C332RF6,Negotiate,5,LogOn,Success
2026-03-12T23:19:38.455Z,DESKTOP-C332RF6$,SYSTEM,DESKTOP-C332RF6,Negotiate,5,LogOn,Success
2026-03-12T23:19:43.837Z,DESKTOP-C332RF6$,SYSTEM,DESKTOP-C332RF6,Negotiate,5,LogOn,Success
2026-03-12T23:19:43.924Z,DESKTOP-C332RF6$,SYSTEM,DESKTOP-C332RF6,Negotiate,5,LogOn,Success
2026-03-12T23:19:47.811Z,DESKTOP-C332RF6$,UMFD-44,DESKTOP-C332RF6,Negotiate,2,LogOn,Success
2026-03-12T23:19:47.847Z,DESKTOP-C332RF6$,DWM-44,DESKTOP-C332RF6,Negotiate,2,LogOn,Success
2026-03-12T23:19:47.847Z,DESKTOP-C332RF6$,DWM-44,DESKTOP-C332RF6,Negotiate,2,LogOn,Success
2026-03-12T23:19:47.919Z,DESKTOP-C332RF6$,SYSTEM,DESKTOP-C332RF6,Negotiate,5,LogOn,Success
2026-03-12T23:19:56.580Z,DESKTOP-C332RF6$,SYSTEM,DESKTOP-C332RF6,Negotiate,5,LogOn,Success
2026-03-12T23:19:56.912Z,,UMFD-43,DESKTOP-C332RF6,,2,LogOff,LogOff
2026-03-12T23:19:58.118Z,DESKTOP-C332RF6$,SYSTEM,DESKTOP-C332RF6,Negotiate,5,LogOn,Success
2026-03-13T16:44:28.529Z,,DWM-43,DESKTOP-C332RF6,,2,LogOff,LogOff
2026-03-13T16:44:28.530Z,,DWM-43,DESKTOP-C332RF6,,2,LogOff,LogOff
2026-03-13T16:44:31.200Z,DESKTOP-C332RF6$,PC,DESKTOP-C332RF6,Negotiate,2,LogOn,Success
2026-03-13T16:44:31.200Z,DESKTOP-C332RF6$,PC,DESKTOP-C332RF6,Negotiate,2,LogOn,Success
2026-03-13T16:44:35.929Z,DESKTOP-C332RF6$,SYSTEM,DESKTOP-C332RF6,Negotiate,5,LogOn,Success
2026-03-13T16:44:44.984Z,DESKTOP-C332RF6$,SYSTEM,DESKTOP-C332RF6,Negotiate,5,LogOn,Success
2026-03-13T16:45:40.387Z,DESKTOP-C332RF6$,SYSTEM,DESKTOP-C332RF6,Negotiate,5,LogOn,Success
2026-03-13T16:46:14.829Z,DESKTOP-C332RF6$,SYSTEM,DESKTOP-C332RF6,Negotiate,5,LogOn,Success
2026-03-13T16:48:58.558Z,DESKTOP-C332RF6$,SYSTEM,DESKTOP-C332RF6,Negotiate,5,LogOn,Success
2026-03-13T16:50:28.378Z,DESKTOP-C332RF6$,SYSTEM,DESKTOP-C332RF6,Negotiate,5,LogOn,Success
2026-03-13T16:50:28.424Z,DESKTOP-C332RF6$,SYSTEM,DESKTOP-C332RF6,Negotiate,5,LogOn,Success
2026-03-13T16:52:16.600Z,DESKTOP-C332RF6$,SYSTEM,DESKTOP-C332RF6,Negotiate,5,LogOn,Success
2026-03-13T16:52:43.851Z,DESKTOP-C332RF6$,SYSTEM,DESKTOP-C332RF6,Negotiate,5,LogOn,Success
2026-03-13T16:52:44.912Z,DESKTOP-C332RF6$,SYSTEM,DESKTOP-C332RF6,Negotiate,5,LogOn,Success
2026-03-13T16:54:34.959Z,DESKTOP-C332RF6$,SYSTEM,DESKTOP-C332RF6,Negotiate,5,LogOn,Success
2026-03-13T16:59:32.814Z,DESKTOP-C332RF6$,SYSTEM,DESKTOP-C332RF6,Negotiate,5,LogOn,Success
2026-03-13T16:59:37.123Z,DESKTOP-C332RF6$,SYSTEM,DESKTOP-C332RF6,Negotiate,5,LogOn,Success
2026-03-13T17:00:41.251Z,DESKTOP-C332RF6$,SYSTEM,DESKTOP-C332RF6,Negotiate,5,LogOn,Success
2026-03-13T17:09:58.055Z,DESKTOP-C332RF6$,SYSTEM,DESKTOP-C332RF6,Negotiate,5,LogOn,Success
2026-03-13T17:09:59.032Z,DESKTOP-C332RF6$,SYSTEM,DESKTOP-C332RF6,Negotiate,5,LogOn,Success
2026-03-13T17:14:37.179Z,DESKTOP-C332RF6$,SYSTEM,DESKTOP-C332RF6,Negotiate,5,LogOn,Success
2026-03-13T17:19:29.926Z,DESKTOP-C332RF6$,SYSTEM,DESKTOP-C332RF6,Negotiate,5,LogOn,Success
2026-03-13T17:22:32.704Z,DESKTOP-C332RF6$,SYSTEM,DESKTOP-C332RF6,Negotiate,5,LogOn,Success
2026-03-13T17:24:43.370Z,DESKTOP-C332RF6$,SYSTEM,DESKTOP-C332RF6,Negotiate,5,LogOn,Success
2026-03-13T17:34:38.087Z,DESKTOP-C332RF6$,SYSTEM,DESKTOP-C332RF6,Negotiate,5,LogOn,Success
2026-03-13T17:44:37.248Z,DESKTOP-C332RF6$,SYSTEM,DESKTOP-C332RF6,Negotiate,5,LogOn,Success
2026-03-13T17:48:59.358Z,DESKTOP-C332RF6$,SYSTEM,DESKTOP-C332RF6,Negotiate,5,LogOn,Success
2026-03-13T17:50:28.297Z,DESKTOP-C332RF6$,SYSTEM,DESKTOP-C332RF6,Negotiate,5,LogOn,Success
2026-03-13T17:59:37.311Z,DESKTOP-C332RF6$,SYSTEM,DESKTOP-C332RF6,Negotiate,5,LogOn,Success
2026-03-13T18:00:28.471Z,DESKTOP-C332RF6$,SYSTEM,DESKTOP-C332RF6,Negotiate,5,LogOn,Success
2026-03-13T18:04:30.184Z,DESKTOP-C332RF6$,SYSTEM,DESKTOP-C332RF6,Negotiate,5,LogOn,Success
2026-03-13T18:04:30.295Z,DESKTOP-C332RF6$,SYSTEM,DESKTOP-C332RF6,Negotiate,5,LogOn,Success
2026-03-13T18:13:15.462Z,DESKTOP-C332RF6$,SYSTEM,DESKTOP-C332RF6,Negotiate,5,LogOn,Success
2026-03-13T18:13:16.431Z,DESKTOP-C332RF6$,SYSTEM,DESKTOP-C332RF6,Negotiate,5,LogOn,Success
2026-03-13T18:17:41.570Z,DESKTOP-C332RF6$,SYSTEM,DESKTOP-C332RF6,Negotiate,5,LogOn,Success
2026-03-13T18:25:59.477Z,DESKTOP-C332RF6$,SYSTEM,DESKTOP-C332RF6,Negotiate,5,LogOn,Success
2026-03-13T18:29:37.377Z,DESKTOP-C332RF6$,SYSTEM,DESKTOP-C332RF6,Negotiate,5,LogOn,Success
2026-03-13T18:29:56.866Z,DESKTOP-C332RF6$,SYSTEM,DESKTOP-C332RF6,Negotiate,5,LogOn,Success
2026-03-13T18:31:54.479Z,DESKTOP-C332RF6$,SYSTEM,DESKTOP-C332RF6,Negotiate,5,LogOn,Success
2026-03-13T18:39:19.970Z,DESKTOP-C332RF6$,SYSTEM,DESKTOP-C332RF6,Negotiate,5,LogOn,Success
2026-03-13T18:39:20.058Z,DESKTOP-C332RF6$,SYSTEM,DESKTOP-C332RF6,Negotiate,5,LogOn,Success
2026-03-13T18:43:20.666Z,DESKTOP-C332RF6$,SYSTEM,DESKTOP-C332RF6,Negotiate,5,LogOn,Success
2026-03-13T18:43:24.977Z,DESKTOP-C332RF6$,SYSTEM,DESKTOP-C332RF6,Negotiate,5,LogOn,Success
2026-03-13T18:44:32.580Z,DESKTOP-C332RF6$,SYSTEM,DESKTOP-C332RF6,Negotiate,5,LogOn,Success
2026-03-13T18:44:32.791Z,DESKTOP-C332RF6$,SYSTEM,DESKTOP-C332RF6,Negotiate,5,LogOn,Success
2026-03-13T18:44:37.431Z,DESKTOP-C332RF6$,SYSTEM,DESKTOP-C332RF6,Negotiate,5,LogOn,Success
2026-03-13T18:48:59.818Z,DESKTOP-C332RF6$,SYSTEM,DESKTOP-C332RF6,Negotiate,5,LogOn,Success
2026-03-13T18:59:37.488Z,DESKTOP-C332RF6$,SYSTEM,DESKTOP-C332RF6,Negotiate,5,LogOn,Success
2026-03-13T19:14:37.552Z,DESKTOP-C332RF6$,SYSTEM,DESKTOP-C332RF6,Negotiate,5,LogOn,Success
2026-03-13T19:22:32.305Z,DESKTOP-C332RF6$,SYSTEM,DESKTOP-C332RF6,Negotiate,5,LogOn,Success
2026-03-13T19:29:14.547Z,DESKTOP-C332RF6$,SYSTEM,DESKTOP-C332RF6,Negotiate,5,LogOn,Success
2026-03-13T19:34:38.394Z,DESKTOP-C332RF6$,SYSTEM,DESKTOP-C332RF6,Negotiate,5,LogOn,Success
2026-03-13T19:38:15.985Z,DESKTOP-C332RF6$,SYSTEM,DESKTOP-C332RF6,Negotiate,5,LogOn,Success
2026-03-13T19:38:16.391Z,DESKTOP-C332RF6$,SYSTEM,DESKTOP-C332RF6,Negotiate,5,LogOn,Success
2026-03-13T19:48:59.826Z,DESKTOP-C332RF6$,SYSTEM,DESKTOP-C332RF6,Negotiate,5,LogOn,Success
2026-03-13T19:50:28.303Z,DESKTOP-C332RF6$,SYSTEM,DESKTOP-C332RF6,Negotiate,5,LogOn,Success
2026-03-13T19:59:37.640Z,DESKTOP-C332RF6$,SYSTEM,DESKTOP-C332RF6,Negotiate,5,LogOn,Success
2026-03-13T20:14:37.701Z,DESKTOP-C332RF6$,SYSTEM,DESKTOP-C332RF6,Negotiate,5,LogOn,Success
2026-03-13T20:22:32.307Z,DESKTOP-C332RF6$,SYSTEM,DESKTOP-C332RF6,Negotiate,5,LogOn,Success
2026-03-13T20:29:37.766Z,DESKTOP-C332RF6$,SYSTEM,DESKTOP-C332RF6,Negotiate,5,LogOn,Success
2026-03-13T20:30:18.060Z,DESKTOP-C332RF6$,SYSTEM,DESKTOP-C332RF6,Negotiate,5,LogOn,Success
2026-03-13T20:44:37.828Z,DESKTOP-C332RF6$,SYSTEM,DESKTOP-C332RF6,Negotiate,5,LogOn,Success
2026-03-13T20:48:59.838Z,DESKTOP-C332RF6$,SYSTEM,DESKTOP-C332RF6,Negotiate,5,LogOn,Success
2026-03-13T20:50:28.308Z,DESKTOP-C332RF6$,SYSTEM,DESKTOP-C332RF6,Negotiate,5,LogOn,Success
2026-03-13T20:59:37.888Z,DESKTOP-C332RF6$,SYSTEM,DESKTOP-C332RF6,Negotiate,5,LogOn,Success
2026-03-13T21:05:17.672Z,DESKTOP-C332RF6$,SYSTEM,DESKTOP-C332RF6,Negotiate,5,LogOn,Success
2026-03-13T21:05:18.117Z,DESKTOP-C332RF6$,SYSTEM,DESKTOP-C332RF6,Negotiate,5,LogOn,Success
2026-03-13T21:06:37.557Z,DESKTOP-C332RF6$,SYSTEM,DESKTOP-C332RF6,Negotiate,5,LogOn,Success
2026-03-13T21:14:37.941Z,DESKTOP-C332RF6$,SYSTEM,DESKTOP-C332RF6,Negotiate,5,LogOn,Success
2026-03-13T21:22:32.306Z,DESKTOP-C332RF6$,SYSTEM,DESKTOP-C332RF6,Negotiate,5,LogOn,Success
2026-03-13T21:28:09.999Z,DESKTOP-C332RF6$,SYSTEM,DESKTOP-C332RF6,Negotiate,5,LogOn,Success
2026-03-13T21:28:11.450Z,DESKTOP-C332RF6$,SYSTEM,DESKTOP-C332RF6,Negotiate,5,LogOn,Success
2026-03-13T21:28:11.977Z,DESKTOP-C332RF6$,SYSTEM,DESKTOP-C332RF6,Negotiate,5,LogOn,Success
2026-03-13T21:28:12.055Z,DESKTOP-C332RF6$,SYSTEM,DESKTOP-C332RF6,Negotiate,5,LogOn,Success
2026-03-13T21:28:13.046Z,DESKTOP-C332RF6$,SYSTEM,DESKTOP-C332RF6,Negotiate,5,LogOn,Success
2026-03-13T21:28:57.163Z,DESKTOP-C332RF6$,SYSTEM,DESKTOP-C332RF6,Negotiate,5,LogOn,Success
2026-03-13T21:31:55.865Z,DESKTOP-C332RF6$,SYSTEM,DESKTOP-C332RF6,Negotiate,5,LogOn,Success
2026-03-13T21:33:45.849Z,DESKTOP-C332RF6$,SYSTEM,DESKTOP-C332RF6,Negotiate,5,LogOn,Success
2026-03-13T21:34:38.699Z,DESKTOP-C332RF6$,SYSTEM,DESKTOP-C332RF6,Negotiate,5,LogOn,Success
2026-03-13T21:38:47.449Z,DESKTOP-C332RF6$,SYSTEM,DESKTOP-C332RF6,Negotiate,5,LogOn,Success
2026-03-13T21:38:53.287Z,DESKTOP-C332RF6$,SYSTEM,DESKTOP-C332RF6,Negotiate,5,LogOn,Success
2026-03-13T21:44:13.719Z,DESKTOP-C332RF6$,SYSTEM,DESKTOP-C332RF6,Negotiate,5,LogOn,Success
2026-03-13T21:44:53.042Z,DESKTOP-C332RF6$,SYSTEM,DESKTOP-C332RF6,Negotiate,5,LogOn,Success
2026-03-13T21:45:40.201Z,DESKTOP-C332RF6$,SYSTEM,DESKTOP-C332RF6,Negotiate,5,LogOn,Success
2026-03-13T21:51:45.144Z,DESKTOP-C332RF6$,SYSTEM,DESKTOP-C332RF6,Negotiate,5,LogOn,Success
2026-03-13T21:56:47.869Z,DESKTOP-C332RF6$,SYSTEM,DESKTOP-C332RF6,Negotiate,5,LogOn,Success
2026-03-13T22:00:32.113Z,DESKTOP-C332RF6$,SYSTEM,DESKTOP-C332RF6,Negotiate,5,LogOn,Success
2026-03-13T22:00:33.653Z,DESKTOP-C332RF6$,SYSTEM,DESKTOP-C332RF6,Negotiate,5,LogOn,Success
2026-03-13T22:22:31.564Z,DESKTOP-C332RF6$,SYSTEM,DESKTOP-C332RF6,Negotiate,5,LogOn,Success
2026-03-13T22:24:04.205Z,DESKTOP-C332RF6$,SYSTEM,DESKTOP-C332RF6,Negotiate,5,LogOn,Success
2026-03-13T22:50:28.305Z,DESKTOP-C332RF6$,SYSTEM,DESKTOP-C332RF6,Negotiate,5,LogOn,Success
2026-03-13T22:55:31.817Z,DESKTOP-C332RF6$,SYSTEM,DESKTOP-C332RF6,Negotiate,5,LogOn,Success
2026-03-13T23:00:31.635Z,DESKTOP-C332RF6$,SYSTEM,DESKTOP-C332RF6,Negotiate,5,LogOn,Success
2026-03-13T23:00:32.893Z,DESKTOP-C332RF6$,SYSTEM,DESKTOP-C332RF6,Negotiate,5,LogOn,Success
2026-03-13T23:22:31.540Z,DESKTOP-C332RF6$,SYSTEM,DESKTOP-C332RF6,Negotiate,5,LogOn,Success
2026-03-13T23:29:56.860Z,DESKTOP-C332RF6$,SYSTEM,DESKTOP-C332RF6,Negotiate,5,LogOn,Success
2026-03-13T23:29:58.141Z,DESKTOP-C332RF6$,SYSTEM,DESKTOP-C332RF6,Negotiate,5,LogOn,Success
2026-03-13T23:30:56.674Z,DESKTOP-C332RF6$,SYSTEM,DESKTOP-C332RF6,Negotiate,5,LogOn,Success
2026-03-13T23:30:58.205Z,DESKTOP-C332RF6$,SYSTEM,DESKTOP-C332RF6,Negotiate,5,LogOn,Success
2026-03-13T23:50:28.528Z,DESKTOP-C332RF6$,SYSTEM,DESKTOP-C332RF6,Negotiate,5,LogOn,Success
2026-03-14T00:00:31.626Z,DESKTOP-C332RF6$,SYSTEM,DESKTOP-C332RF6,Negotiate,5,LogOn,Success
2026-03-14T00:00:32.997Z,DESKTOP-C332RF6$,SYSTEM,DESKTOP-C332RF6,Negotiate,5,LogOn,Success
2026-03-14T00:22:31.793Z,DESKTOP-C332RF6$,SYSTEM,DESKTOP-C332RF6,Negotiate,5,LogOn,Success
2026-03-14T00:29:56.872Z,DESKTOP-C332RF6$,SYSTEM,DESKTOP-C332RF6,Negotiate,5,LogOn,Success
2026-03-14T00:29:58.337Z,DESKTOP-C332RF6$,SYSTEM,DESKTOP-C332RF6,Negotiate,5,LogOn,Success
2026-03-14T00:40:01.493Z,DESKTOP-C332RF6$,SYSTEM,DESKTOP-C332RF6,Negotiate,5,LogOn,Success
2026-03-14T00:40:01.755Z,DESKTOP-C332RF6$,SYSTEM,DESKTOP-C332RF6,Negotiate,5,LogOn,Success
2026-03-14T00:40:59.830Z,DESKTOP-C332RF6$,SYSTEM,DESKTOP-C332RF6,Negotiate,5,LogOn,Success
2026-03-14T00:43:19.329Z,DESKTOP-C332RF6$,SYSTEM,DESKTOP-C332RF6,Negotiate,5,LogOn,Success
2026-03-14T00:43:20.193Z,DESKTOP-C332RF6$,SYSTEM,DESKTOP-C332RF6,Negotiate,5,LogOn,Success
2026-03-14T00:50:20.871Z,DESKTOP-C332RF6$,SYSTEM,DESKTOP-C332RF6,Negotiate,5,LogOn,Success
2026-03-14T01:39:30.810Z,DESKTOP-C332RF6$,SYSTEM,DESKTOP-C332RF6,Negotiate,5,LogOn,Success
2026-03-14T01:39:35.386Z,DESKTOP-C332RF6$,SYSTEM,DESKTOP-C332RF6,Negotiate,5,LogOn,Success
2026-03-14T05:41:42.564Z,DESKTOP-C332RF6$,SYSTEM,DESKTOP-C332RF6,Negotiate,5,LogOn,Success
2026-03-14T05:41:42.597Z,DESKTOP-C332RF6$,SYSTEM,DESKTOP-C332RF6,Negotiate,5,LogOn,Success
2026-03-14T05:41:42.786Z,DESKTOP-C332RF6$,SYSTEM,DESKTOP-C332RF6,Negotiate,5,LogOn,Success
2026-03-14T05:41:43.663Z,DESKTOP-C332RF6$,PC,DESKTOP-C332RF6,Negotiate,2,LogOn,Success
2026-03-14T05:41:43.663Z,DESKTOP-C332RF6$,PC,DESKTOP-C332RF6,Negotiate,2,LogOn,Success
2026-03-14T05:41:43.665Z,,PC,DESKTOP-C332RF6,,2,LogOff,LogOff
2026-03-14T05:41:43.665Z,,PC,DESKTOP-C332RF6,,2,LogOff,LogOff
2026-03-14T05:43:16.522Z,DESKTOP-C332RF6$,SYSTEM,DESKTOP-C332RF6,Negotiate,5,LogOn,Success
2026-03-14T05:47:29.438Z,DESKTOP-C332RF6$,SYSTEM,DESKTOP-C332RF6,Negotiate,5,LogOn,Success
2026-03-14T05:47:29.514Z,DESKTOP-C332RF6$,SYSTEM,DESKTOP-C332RF6,Negotiate,5,LogOn,Success
2026-03-14T05:54:38.785Z,DESKTOP-C332RF6$,SYSTEM,DESKTOP-C332RF6,Negotiate,5,LogOn,Success
2026-03-14T05:54:38.925Z,DESKTOP-C332RF6$,SYSTEM,DESKTOP-C332RF6,Negotiate,5,LogOn,Success
2026-03-14T05:54:39.881Z,DESKTOP-C332RF6$,SYSTEM,DESKTOP-C332RF6,Negotiate,5,LogOn,Success
2026-03-14T05:55:39.194Z,DESKTOP-C332RF6$,SYSTEM,DESKTOP-C332RF6,Negotiate,5,LogOn,Success
2026-03-14T05:55:40.380Z,DESKTOP-C332RF6$,SYSTEM,DESKTOP-C332RF6,Negotiate,5,LogOn,Success
2026-03-14T06:00:12.653Z,DESKTOP-C332RF6$,SYSTEM,DESKTOP-C332RF6,Negotiate,5,LogOn,Success
2026-03-14T06:00:14.614Z,DESKTOP-C332RF6$,SYSTEM,DESKTOP-C332RF6,Negotiate,5,LogOn,Success
2026-03-14T06:00:14.989Z,DESKTOP-C332RF6$,SYSTEM,DESKTOP-C332RF6,Negotiate,5,LogOn,Success
2026-03-14T06:00:15.324Z,DESKTOP-C332RF6$,SYSTEM,DESKTOP-C332RF6,Negotiate,5,LogOn,Success
2026-03-14T06:02:55.954Z,DESKTOP-C332RF6$,SYSTEM,DESKTOP-C332RF6,Negotiate,5,LogOn,Success
2026-03-14T06:10:42.596Z,DESKTOP-C332RF6$,SYSTEM,DESKTOP-C332RF6,Negotiate,5,LogOn,Success
2026-03-14T06:10:46.143Z,DESKTOP-C332RF6$,SYSTEM,DESKTOP-C332RF6,Negotiate,5,LogOn,Success
2026-03-14T06:14:47.309Z,DESKTOP-C332RF6$,SYSTEM,DESKTOP-C332RF6,Negotiate,5,LogOn,Success
2026-03-14T06:22:32.692Z,DESKTOP-C332RF6$,SYSTEM,DESKTOP-C332RF6,Negotiate,5,LogOn,Success
2026-03-14T06:26:51.844Z,DESKTOP-C332RF6$,SYSTEM,DESKTOP-C332RF6,Negotiate,5,LogOn,Success
2026-03-14T06:29:47.749Z,DESKTOP-C332RF6$,SYSTEM,DESKTOP-C332RF6,Negotiate,5,LogOn,Success
2026-03-14T06:42:21.909Z,DESKTOP-C332RF6$,SYSTEM,DESKTOP-C332RF6,Negotiate,5,LogOn,Success
2026-03-14T06:44:46.236Z,DESKTOP-C332RF6$,SYSTEM,DESKTOP-C332RF6,Negotiate,5,LogOn,Success
2026-03-14T06:44:47.816Z,DESKTOP-C332RF6$,SYSTEM,DESKTOP-C332RF6,Negotiate,5,LogOn,Success
2026-03-14T06:50:28.310Z,DESKTOP-C332RF6$,SYSTEM,DESKTOP-C332RF6,Negotiate,5,LogOn,Success
2026-03-14T06:58:44.537Z,DESKTOP-C332RF6$,SYSTEM,DESKTOP-C332RF6,Negotiate,5,LogOn,Success
2026-03-14T06:59:46.374Z,DESKTOP-C332RF6$,SYSTEM,DESKTOP-C332RF6,Negotiate,5,LogOn,Success
2026-03-14T06:59:48.147Z,DESKTOP-C332RF6$,SYSTEM,DESKTOP-C332RF6,Negotiate,5,LogOn,Success
2026-03-14T07:08:23.034Z,DESKTOP-C332RF6$,SYSTEM,DESKTOP-C332RF6,Negotiate,5,LogOn,Success
2026-03-14T07:17:33.767Z,DESKTOP-C332RF6$,SYSTEM,DESKTOP-C332RF6,Negotiate,5,LogOn,Success
2026-03-14T07:17:36.435Z,DESKTOP-C332RF6$,SYSTEM,DESKTOP-C332RF6,Negotiate,5,LogOn,Success
2026-03-14T07:17:37.450Z,DESKTOP-C332RF6$,SYSTEM,DESKTOP-C332RF6,Negotiate,5,LogOn,Success
2026-03-14T07:25:18.118Z,DESKTOP-C332RF6$,SYSTEM,DESKTOP-C332RF6,Negotiate,5,LogOn,Success
2026-03-14T07:34:36.290Z,DESKTOP-C332RF6$,SYSTEM,DESKTOP-C332RF6,Negotiate,5,LogOn,Success
2026-03-14T07:34:57.092Z,DESKTOP-C332RF6$,SYSTEM,DESKTOP-C332RF6,Negotiate,5,LogOn,Success
2026-03-14T07:34:58.072Z,DESKTOP-C332RF6$,SYSTEM,DESKTOP-C332RF6,Negotiate,5,LogOn,Success
2026-03-14T07:36:36.785Z,DESKTOP-C332RF6$,SYSTEM,DESKTOP-C332RF6,Negotiate,5,LogOn,Success
2026-03-14T07:36:40.207Z,DESKTOP-C332RF6$,UMFD-45,DESKTOP-C332RF6,Negotiate,2,LogOn,Success
2026-03-14T07:36:40.243Z,DESKTOP-C332RF6$,DWM-45,DESKTOP-C332RF6,Negotiate,2,LogOn,Success
2026-03-14T07:36:40.243Z,DESKTOP-C332RF6$,DWM-45,DESKTOP-C332RF6,Negotiate,2,LogOn,Success
2026-03-14T07:36:40.244Z,DESKTOP-C332RF6$,SYSTEM,DESKTOP-C332RF6,Negotiate,5,LogOn,Success
2026-03-14T07:36:40.310Z,DESKTOP-C332RF6$,SYSTEM,DESKTOP-C332RF6,Negotiate,5,LogOn,Success
2026-03-14T07:36:40.903Z,DESKTOP-C332RF6$,SYSTEM,DESKTOP-C332RF6,Negotiate,5,LogOn,Success
2026-03-14T07:36:45.715Z,,UMFD-44,DESKTOP-C332RF6,,2,LogOff,LogOff
2026-03-14T07:36:45.783Z,DESKTOP-C332RF6$,SYSTEM,DESKTOP-C332RF6,Negotiate,5,LogOn,Success
2026-03-14T07:36:46.662Z,DESKTOP-C332RF6$,SYSTEM,DESKTOP-C332RF6,Negotiate,5,LogOn,Success
2026-03-14T15:33:12.630Z,,DWM-44,DESKTOP-C332RF6,,2,LogOff,LogOff
2026-03-14T15:33:12.630Z,,DWM-44,DESKTOP-C332RF6,,2,LogOff,LogOff
2026-03-14T15:33:14.475Z,DESKTOP-C332RF6$,PC,DESKTOP-C332RF6,Negotiate,2,LogOn,Success
2026-03-14T15:33:14.475Z,DESKTOP-C332RF6$,PC,DESKTOP-C332RF6,Negotiate,2,LogOn,Success
2026-03-14T15:33:18.772Z,DESKTOP-C332RF6$,SYSTEM,DESKTOP-C332RF6,Negotiate,5,LogOn,Success
2026-03-14T15:33:26.456Z,DESKTOP-C332RF6$,SYSTEM,DESKTOP-C332RF6,Negotiate,5,LogOn,Success
2026-03-14T15:34:21.514Z,DESKTOP-C332RF6$,SYSTEM,DESKTOP-C332RF6,Negotiate,5,LogOn,Success
2026-03-14T15:34:59.756Z,DESKTOP-C332RF6$,SYSTEM,DESKTOP-C332RF6,Negotiate,5,LogOn,Success
2026-03-14T15:37:39.163Z,DESKTOP-C332RF6$,SYSTEM,DESKTOP-C332RF6,Negotiate,5,LogOn,Success
2026-03-14T15:40:56.977Z,DESKTOP-C332RF6$,SYSTEM,DESKTOP-C332RF6,Negotiate,5,LogOn,Success
2026-03-14T15:42:22.341Z,DESKTOP-C332RF6$,SYSTEM,DESKTOP-C332RF6,Negotiate,5,LogOn,Success
2026-03-14T15:46:27.643Z,DESKTOP-C332RF6$,SYSTEM,DESKTOP-C332RF6,Negotiate,5,LogOn,Success
2026-03-14T15:46:28.476Z,DESKTOP-C332RF6$,SYSTEM,DESKTOP-C332RF6,Negotiate,5,LogOn,Success
2026-03-14T15:46:39.965Z,DESKTOP-C332RF6$,SYSTEM,DESKTOP-C332RF6,Negotiate,5,LogOn,Success
2026-03-14T15:46:40.926Z,DESKTOP-C332RF6$,SYSTEM,DESKTOP-C332RF6,Negotiate,5,LogOn,Success
2026-03-14T15:48:16.111Z,DESKTOP-C332RF6$,SYSTEM,DESKTOP-C332RF6,Negotiate,5,LogOn,Success
2026-03-14T15:54:54.190Z,DESKTOP-C332RF6$,SYSTEM,DESKTOP-C332RF6,Negotiate,5,LogOn,Success
2026-03-14T15:54:55.655Z,DESKTOP-C332RF6$,SYSTEM,DESKTOP-C332RF6,Negotiate,5,LogOn,Success
2026-03-14T16:01:58.044Z,DESKTOP-C332RF6$,SYSTEM,DESKTOP-C332RF6,Negotiate,5,LogOn,Success
2026-03-14T16:03:23.165Z,DESKTOP-C332RF6$,SYSTEM,DESKTOP-C332RF6,Negotiate,5,LogOn,Success
2026-03-14T16:11:08.583Z,DESKTOP-C332RF6$,SYSTEM,DESKTOP-C332RF6,Negotiate,5,LogOn,Success
2026-03-14T16:12:52.173Z,DESKTOP-C332RF6$,SYSTEM,DESKTOP-C332RF6,Negotiate,5,LogOn,Success
2026-03-14T16:15:46.930Z,DESKTOP-C332RF6$,SYSTEM,DESKTOP-C332RF6,Negotiate,5,LogOn,Success
2026-03-14T16:15:47.071Z,DESKTOP-C332RF6$,SYSTEM,DESKTOP-C332RF6,Negotiate,5,LogOn,Success
2026-03-14T16:17:38.833Z,DESKTOP-C332RF6$,SYSTEM,DESKTOP-C332RF6,Negotiate,5,LogOn,Success
2026-03-14T16:17:39.157Z,DESKTOP-C332RF6$,SYSTEM,DESKTOP-C332RF6,Negotiate,5,LogOn,Success
2026-03-14T16:18:27.627Z,DESKTOP-C332RF6$,SYSTEM,DESKTOP-C332RF6,Negotiate,5,LogOn,Success
2026-03-14T16:18:40.737Z,DESKTOP-C332RF6$,SYSTEM,DESKTOP-C332RF6,Negotiate,5,LogOn,Success
2026-03-14T16:20:39.443Z,DESKTOP-C332RF6$,SYSTEM,DESKTOP-C332RF6,Negotiate,5,LogOn,Success
2026-03-14T16:20:40.421Z,DESKTOP-C332RF6$,SYSTEM,DESKTOP-C332RF6,Negotiate,5,LogOn,Success
2026-03-14T16:23:25.357Z,DESKTOP-C332RF6$,SYSTEM,DESKTOP-C332RF6,Negotiate,5,LogOn,Success
2026-03-14T16:23:28.989Z,DESKTOP-C332RF6$,SYSTEM,DESKTOP-C332RF6,Negotiate,5,LogOn,Success
2026-03-14T16:25:23.292Z,DESKTOP-C332RF6$,SYSTEM,DESKTOP-C332RF6,Negotiate,5,LogOn,Success
2026-03-14T16:25:31.455Z,DESKTOP-C332RF6$,SYSTEM,DESKTOP-C332RF6,Negotiate,5,LogOn,Success
2026-03-14T16:37:39.603Z,DESKTOP-C332RF6$,SYSTEM,DESKTOP-C332RF6,Negotiate,5,LogOn,Success
2026-03-14T16:37:41.217Z,DESKTOP-C332RF6$,SYSTEM,DESKTOP-C332RF6,Negotiate,5,LogOn,Success
2026-03-14T16:37:41.895Z,DESKTOP-C332RF6$,SYSTEM,DESKTOP-C332RF6,Negotiate,5,LogOn,Success
2026-03-14T16:39:12.320Z,DESKTOP-C332RF6$,SYSTEM,DESKTOP-C332RF6,Negotiate,5,LogOn,Success
2026-03-14T16:45:38.111Z,DESKTOP-C332RF6$,SYSTEM,DESKTOP-C332RF6,Negotiate,5,LogOn,Success
2026-03-14T17:03:34.422Z,DESKTOP-C332RF6$,SYSTEM,DESKTOP-C332RF6,Negotiate,5,LogOn,Success
2026-03-14T17:03:34.499Z,DESKTOP-C332RF6$,SYSTEM,DESKTOP-C332RF6,Negotiate,5,LogOn,Success
2026-03-14T17:16:18.257Z,DESKTOP-C332RF6$,SYSTEM,DESKTOP-C332RF6,Negotiate,5,LogOn,Success
2026-03-14T17:16:40.531Z,DESKTOP-C332RF6$,SYSTEM,DESKTOP-C332RF6,Negotiate,5,LogOn,Success
2026-03-14T17:21:42.521Z,DESKTOP-C332RF6$,SYSTEM,DESKTOP-C332RF6,Negotiate,5,LogOn,Success
2026-03-14T17:29:26.607Z,DESKTOP-C332RF6$,SYSTEM,DESKTOP-C332RF6,Negotiate,5,LogOn,Success
2026-03-14T17:33:15.836Z,DESKTOP-C332RF6$,SYSTEM,DESKTOP-C332RF6,Negotiate,5,LogOn,Success
2026-03-14T17:33:15.882Z,DESKTOP-C332RF6$,SYSTEM,DESKTOP-C332RF6,Negotiate,5,LogOn,Success
2026-03-14T17:33:19.288Z,DESKTOP-C332RF6$,SYSTEM,DESKTOP-C332RF6,Negotiate,5,LogOn,Success
2026-03-14T17:37:39.610Z,DESKTOP-C332RF6$,SYSTEM,DESKTOP-C332RF6,Negotiate,5,LogOn,Success
2026-03-14T17:39:12.306Z,DESKTOP-C332RF6$,SYSTEM,DESKTOP-C332RF6,Negotiate,5,LogOn,Success
2026-03-14T17:44:53.185Z,DESKTOP-C332RF6$,SYSTEM,DESKTOP-C332RF6,Negotiate,5,LogOn,Success
2026-03-14T17:50:28.303Z,DESKTOP-C332RF6$,SYSTEM,DESKTOP-C332RF6,Negotiate,5,LogOn,Success
2026-03-14T18:03:44.519Z,DESKTOP-C332RF6$,SYSTEM,DESKTOP-C332RF6,Negotiate,5,LogOn,Success
2026-03-14T18:04:31.679Z,DESKTOP-C332RF6$,SYSTEM,DESKTOP-C332RF6,Negotiate,5,LogOn,Success
2026-03-14T18:05:09.267Z,DESKTOP-C332RF6$,SYSTEM,DESKTOP-C332RF6,Negotiate,5,LogOn,Success
2026-03-14T18:05:28.126Z,DESKTOP-C332RF6$,SYSTEM,DESKTOP-C332RF6,Negotiate,5,LogOn,Success
2026-03-14T18:05:28.544Z,DESKTOP-C332RF6$,SYSTEM,DESKTOP-C332RF6,Negotiate,5,LogOn,Success
2026-03-14T18:14:20.276Z,DESKTOP-C332RF6$,SYSTEM,DESKTOP-C332RF6,Negotiate,5,LogOn,Success
2026-03-14T18:19:42.643Z,DESKTOP-C332RF6$,SYSTEM,DESKTOP-C332RF6,Negotiate,5,LogOn,Success
2026-03-14T18:19:42.769Z,DESKTOP-C332RF6$,SYSTEM,DESKTOP-C332RF6,Negotiate,5,LogOn,Success
2026-03-14T18:29:53.873Z,DESKTOP-C332RF6$,SYSTEM,DESKTOP-C332RF6,Negotiate,5,LogOn,Success
2026-03-14T18:29:58.031Z,DESKTOP-C332RF6$,SYSTEM,DESKTOP-C332RF6,Negotiate,5,LogOn,Success
2026-03-14T18:29:58.144Z,DESKTOP-C332RF6$,SYSTEM,DESKTOP-C332RF6,Negotiate,5,LogOn,Success
2026-03-14T18:33:59.309Z,DESKTOP-C332RF6$,SYSTEM,DESKTOP-C332RF6,Negotiate,5,LogOn,Success
2026-03-14T18:34:01.738Z,DESKTOP-C332RF6$,SYSTEM,DESKTOP-C332RF6,Negotiate,5,LogOn,Success
2026-03-14T18:34:28.450Z,DESKTOP-C332RF6$,SYSTEM,DESKTOP-C332RF6,Negotiate,5,LogOn,Success
2026-03-14T18:34:28.480Z,DESKTOP-C332RF6$,SYSTEM,DESKTOP-C332RF6,Negotiate,5,LogOn,Success
2026-03-14T18:37:40.456Z,DESKTOP-C332RF6$,SYSTEM,DESKTOP-C332RF6,Negotiate,5,LogOn,Success
2026-03-14T18:42:49.435Z,DESKTOP-C332RF6$,SYSTEM,DESKTOP-C332RF6,Negotiate,5,LogOn,Success
2026-03-14T18:50:28.296Z,DESKTOP-C332RF6$,SYSTEM,DESKTOP-C332RF6,Negotiate,5,LogOn,Success
2026-03-14T19:21:42.828Z,DESKTOP-C332RF6$,SYSTEM,DESKTOP-C332RF6,Negotiate,5,LogOn,Success
2026-03-14T19:30:03.903Z,DESKTOP-C332RF6$,SYSTEM,DESKTOP-C332RF6,Negotiate,5,LogOn,Success
2026-03-14T19:30:18.269Z,DESKTOP-C332RF6$,SYSTEM,DESKTOP-C332RF6,Negotiate,5,LogOn,Success
2026-03-14T19:30:18.270Z,DESKTOP-C332RF6$,SYSTEM,DESKTOP-C332RF6,Negotiate,5,LogOn,Success
2026-03-14T19:34:42.425Z,DESKTOP-C332RF6$,SYSTEM,DESKTOP-C332RF6,Negotiate,5,LogOn,Success
2026-03-14T19:34:45.351Z,DESKTOP-C332RF6$,SYSTEM,DESKTOP-C332RF6,Negotiate,5,LogOn,Success
2026-03-14T19:39:16.860Z,DESKTOP-C332RF6$,SYSTEM,DESKTOP-C332RF6,Negotiate,5,LogOn,Success
2026-03-14T19:50:28.315Z,DESKTOP-C332RF6$,SYSTEM,DESKTOP-C332RF6,Negotiate,5,LogOn,Success
2026-03-14T20:21:43.016Z,DESKTOP-C332RF6$,SYSTEM,DESKTOP-C332RF6,Negotiate,5,LogOn,Success
2026-03-14T20:30:13.925Z,DESKTOP-C332RF6$,SYSTEM,DESKTOP-C332RF6,Negotiate,5,LogOn,Success
2026-03-14T20:39:12.318Z,DESKTOP-C332RF6$,SYSTEM,DESKTOP-C332RF6,Negotiate,5,LogOn,Success
2026-03-14T20:39:17.018Z,DESKTOP-C332RF6$,SYSTEM,DESKTOP-C332RF6,Negotiate,5,LogOn,Success
2026-03-14T20:47:31.346Z,DESKTOP-C332RF6$,SYSTEM,DESKTOP-C332RF6,Negotiate,5,LogOn,Success
2026-03-14T20:50:28.313Z,DESKTOP-C332RF6$,SYSTEM,DESKTOP-C332RF6,Negotiate,5,LogOn,Success
2026-03-14T21:05:20.181Z,DESKTOP-C332RF6$,SYSTEM,DESKTOP-C332RF6,Negotiate,5,LogOn,Success
2026-03-14T21:05:20.238Z,DESKTOP-C332RF6$,SYSTEM,DESKTOP-C332RF6,Negotiate,5,LogOn,Success
2026-03-14T21:07:20.744Z,DESKTOP-C332RF6$,SYSTEM,DESKTOP-C332RF6,Negotiate,5,LogOn,Success
2026-03-14T21:21:15.664Z,DESKTOP-C332RF6$,SYSTEM,DESKTOP-C332RF6,Negotiate,5,LogOn,Success
2026-03-14T21:21:43.212Z,DESKTOP-C332RF6$,SYSTEM,DESKTOP-C332RF6,Negotiate,5,LogOn,Success
2026-03-14T21:30:23.966Z,DESKTOP-C332RF6$,SYSTEM,DESKTOP-C332RF6,Negotiate,5,LogOn,Success
2026-03-14T21:39:12.307Z,DESKTOP-C332RF6$,SYSTEM,DESKTOP-C332RF6,Negotiate,5,LogOn,Success
2026-03-14T21:39:17.808Z,DESKTOP-C332RF6$,SYSTEM,DESKTOP-C332RF6,Negotiate,5,LogOn,Success
2026-03-14T21:50:28.299Z,DESKTOP-C332RF6$,SYSTEM,DESKTOP-C332RF6,Negotiate,5,LogOn,Success
2026-03-14T21:59:25.565Z,DESKTOP-C332RF6$,SYSTEM,DESKTOP-C332RF6,Negotiate,5,LogOn,Success
2026-03-14T21:59:26.188Z,DESKTOP-C332RF6$,SYSTEM,DESKTOP-C332RF6,Negotiate,5,LogOn,Success
2026-03-14T21:59:26.620Z,DESKTOP-C332RF6$,SYSTEM,DESKTOP-C332RF6,Negotiate,5,LogOn,Success
2026-03-14T21:59:26.620Z,DESKTOP-C332RF6$,SYSTEM,DESKTOP-C332RF6,Negotiate,5,LogOn,Success
2026-03-14T22:04:39.150Z,DESKTOP-C332RF6$,SYSTEM,DESKTOP-C332RF6,Negotiate,5,LogOn,Success
2026-03-14T22:04:41.069Z,DESKTOP-C332RF6$,SYSTEM,DESKTOP-C332RF6,Negotiate,5,LogOn,Success
2026-03-14T22:04:41.149Z,DESKTOP-C332RF6$,SYSTEM,DESKTOP-C332RF6,Negotiate,5,LogOn,Success
2026-03-14T22:04:42.129Z,DESKTOP-C332RF6$,SYSTEM,DESKTOP-C332RF6,Negotiate,5,LogOn,Success
2026-03-14T22:04:42.177Z,DESKTOP-C332RF6$,SYSTEM,DESKTOP-C332RF6,Negotiate,5,LogOn,Success
2026-03-14T22:11:43.134Z,DESKTOP-C332RF6$,SYSTEM,DESKTOP-C332RF6,Negotiate,5,LogOn,Success
2026-03-14T22:20:28.985Z,DESKTOP-C332RF6$,SYSTEM,DESKTOP-C332RF6,Negotiate,5,LogOn,Success
2026-03-14T22:24:25.297Z,DESKTOP-C332RF6$,SYSTEM,DESKTOP-C332RF6,Negotiate,5,LogOn,Success
2026-03-14T22:34:36.230Z,DESKTOP-C332RF6$,SYSTEM,DESKTOP-C332RF6,Negotiate,5,LogOn,Success
2026-03-14T22:39:12.313Z,DESKTOP-C332RF6$,SYSTEM,DESKTOP-C332RF6,Negotiate,5,LogOn,Success
2026-03-14T22:46:59.354Z,DESKTOP-C332RF6$,SYSTEM,DESKTOP-C332RF6,Negotiate,5,LogOn,Success
2026-03-14T22:49:34.307Z,DESKTOP-C332RF6$,SYSTEM,DESKTOP-C332RF6,Negotiate,5,LogOn,Success
2026-03-14T22:49:35.715Z,DESKTOP-C332RF6$,SYSTEM,DESKTOP-C332RF6,Negotiate,5,LogOn,Success
2026-03-14T22:55:25.993Z,DESKTOP-C332RF6$,SYSTEM,DESKTOP-C332RF6,Negotiate,5,LogOn,Success
2026-03-14T22:57:20.440Z,DESKTOP-C332RF6$,SYSTEM,DESKTOP-C332RF6,Negotiate,5,LogOn,Success
2026-03-14T23:02:39.462Z,DESKTOP-C332RF6$,SYSTEM,DESKTOP-C332RF6,Negotiate,5,LogOn,Success
2026-03-14T23:06:37.485Z,DESKTOP-C332RF6$,SYSTEM,DESKTOP-C332RF6,Negotiate,5,LogOn,Success
2026-03-14T23:06:37.530Z,DESKTOP-C332RF6$,SYSTEM,DESKTOP-C332RF6,Negotiate,5,LogOn,Success
2026-03-14T23:16:07.133Z,DESKTOP-C332RF6$,SYSTEM,DESKTOP-C332RF6,Negotiate,5,LogOn,Success
2026-03-14T23:20:20.969Z,DESKTOP-C332RF6$,SYSTEM,DESKTOP-C332RF6,Negotiate,5,LogOn,Success
2026-03-14T23:20:22.467Z,DESKTOP-C332RF6$,SYSTEM,DESKTOP-C332RF6,Negotiate,5,LogOn,Success
2026-03-14T23:39:12.533Z,DESKTOP-C332RF6$,SYSTEM,DESKTOP-C332RF6,Negotiate,5,LogOn,Success
2026-03-14T23:48:21.032Z,DESKTOP-C332RF6$,SYSTEM,DESKTOP-C332RF6,Negotiate,5,LogOn,Success
2026-03-14T23:48:22.735Z,DESKTOP-C332RF6$,SYSTEM,DESKTOP-C332RF6,Negotiate,5,LogOn,Success
2026-03-14T23:55:11.183Z,DESKTOP-C332RF6$,SYSTEM,DESKTOP-C332RF6,Negotiate,5,LogOn,Success
2026-03-15T00:03:25.482Z,DESKTOP-C332RF6$,SYSTEM,DESKTOP-C332RF6,Negotiate,5,LogOn,Success
2026-03-15T00:03:27.048Z,DESKTOP-C332RF6$,SYSTEM,DESKTOP-C332RF6,Negotiate,5,LogOn,Success
2026-03-15T00:09:58.144Z,DESKTOP-C332RF6$,SYSTEM,DESKTOP-C332RF6,Negotiate,5,LogOn,Success
2026-03-15T00:10:02.205Z,DESKTOP-C332RF6$,SYSTEM,DESKTOP-C332RF6,Negotiate,5,LogOn,Success
2026-03-15T00:11:13.949Z,DESKTOP-C332RF6$,SYSTEM,DESKTOP-C332RF6,Negotiate,5,LogOn,Success
2026-03-15T00:11:14.307Z,DESKTOP-C332RF6$,SYSTEM,DESKTOP-C332RF6,Negotiate,5,LogOn,Success
2026-03-15T00:11:15.226Z,DESKTOP-C332RF6$,SYSTEM,DESKTOP-C332RF6,Negotiate,5,LogOn,Success
2026-03-15T00:14:21.727Z,DESKTOP-C332RF6$,SYSTEM,DESKTOP-C332RF6,Negotiate,5,LogOn,Success
2026-03-15T00:14:22.285Z,DESKTOP-C332RF6$,SYSTEM,DESKTOP-C332RF6,Negotiate,5,LogOn,Success
2026-03-15T00:14:23.452Z,DESKTOP-C332RF6$,SYSTEM,DESKTOP-C332RF6,Negotiate,5,LogOn,Success
2026-03-15T00:14:23.722Z,DESKTOP-C332RF6$,SYSTEM,DESKTOP-C332RF6,Negotiate,5,LogOn,Success
2026-03-15T00:14:26.676Z,DESKTOP-C332RF6$,PC,DESKTOP-C332RF6,Negotiate,2,LogOn,Success
2026-03-15T00:14:26.676Z,DESKTOP-C332RF6$,PC,DESKTOP-C332RF6,Negotiate,2,LogOn,Success
2026-03-15T00:14:26.677Z,,PC,DESKTOP-C332RF6,,2,LogOff,LogOff
2026-03-15T00:14:26.677Z,,PC,DESKTOP-C332RF6,,2,LogOff,LogOff
2026-03-15T00:26:23.867Z,DESKTOP-C332RF6$,SYSTEM,DESKTOP-C332RF6,Negotiate,5,LogOn,Success
2026-03-15T00:33:23.557Z,DESKTOP-C332RF6$,SYSTEM,DESKTOP-C332RF6,Negotiate,5,LogOn,Success
2026-03-15T00:50:28.523Z,DESKTOP-C332RF6$,SYSTEM,DESKTOP-C332RF6,Negotiate,5,LogOn,Success
2026-03-15T01:03:21.049Z,DESKTOP-C332RF6$,SYSTEM,DESKTOP-C332RF6,Negotiate,5,LogOn,Success
2026-03-15T01:03:22.623Z,DESKTOP-C332RF6$,SYSTEM,DESKTOP-C332RF6,Negotiate,5,LogOn,Success
2026-03-15T01:06:32.986Z,DESKTOP-C332RF6$,SYSTEM,DESKTOP-C332RF6,Negotiate,5,LogOn,Success
2026-03-15T01:09:36.943Z,DESKTOP-C332RF6$,SYSTEM,DESKTOP-C332RF6,Negotiate,5,LogOn,Success
2026-03-15T01:12:07.639Z,DESKTOP-C332RF6$,SYSTEM,DESKTOP-C332RF6,Negotiate,5,LogOn,Success
2026-03-15T01:12:08.088Z,DESKTOP-C332RF6$,SYSTEM,DESKTOP-C332RF6,Negotiate,5,LogOn,Success
2026-03-15T01:12:08.268Z,DESKTOP-C332RF6$,SYSTEM,DESKTOP-C332RF6,Negotiate,5,LogOn,Success
2026-03-15T01:12:09.196Z,DESKTOP-C332RF6$,SYSTEM,DESKTOP-C332RF6,Negotiate,5,LogOn,Success
2026-03-15T01:58:38.162Z,DESKTOP-C332RF6$,SYSTEM,DESKTOP-C332RF6,Negotiate,5,LogOn,Success
2026-03-15T02:56:04.190Z,DESKTOP-C332RF6$,SYSTEM,DESKTOP-C332RF6,Negotiate,5,LogOn,Success
2026-03-15T02:56:07.390Z,DESKTOP-C332RF6$,PC,DESKTOP-C332RF6,Negotiate,2,LogOn,Success
2026-03-15T02:56:07.390Z,DESKTOP-C332RF6$,PC,DESKTOP-C332RF6,Negotiate,2,LogOn,Success
2026-03-15T02:56:07.391Z,,PC,DESKTOP-C332RF6,,2,LogOff,LogOff
2026-03-15T02:56:07.391Z,,PC,DESKTOP-C332RF6,,2,LogOff,LogOff
2026-03-15T02:56:28.920Z,DESKTOP-C332RF6$,SYSTEM,DESKTOP-C332RF6,Negotiate,5,LogOn,Success
2026-03-15T02:57:48.688Z,DESKTOP-C332RF6$,SYSTEM,DESKTOP-C332RF6,Negotiate,5,LogOn,Success
2026-03-15T03:18:31.088Z,DESKTOP-C332RF6$,SYSTEM,DESKTOP-C332RF6,Negotiate,5,LogOn,Success
2026-03-15T03:18:32.348Z,DESKTOP-C332RF6$,SYSTEM,DESKTOP-C332RF6,Negotiate,5,LogOn,Success
2026-03-15T03:25:02.843Z,DESKTOP-C332RF6$,SYSTEM,DESKTOP-C332RF6,Negotiate,5,LogOn,Success
2026-03-15T03:25:10.525Z,DESKTOP-C332RF6$,SYSTEM,DESKTOP-C332RF6,Negotiate,5,LogOn,Success
2026-03-15T03:25:11.178Z,DESKTOP-C332RF6$,SYSTEM,DESKTOP-C332RF6,Negotiate,5,LogOn,Success
2026-03-15T03:33:31.207Z,DESKTOP-C332RF6$,SYSTEM,DESKTOP-C332RF6,Negotiate,5,LogOn,Success
2026-03-15T03:33:32.839Z,DESKTOP-C332RF6$,SYSTEM,DESKTOP-C332RF6,Negotiate,5,LogOn,Success
2026-03-15T03:33:59.364Z,DESKTOP-C332RF6$,SYSTEM,DESKTOP-C332RF6,Negotiate,5,LogOn,Success
2026-03-15T03:34:01.248Z,DESKTOP-C332RF6$,SYSTEM,DESKTOP-C332RF6,Negotiate,5,LogOn,Success
2026-03-15T03:39:14.673Z,DESKTOP-C332RF6$,SYSTEM,DESKTOP-C332RF6,Negotiate,5,LogOn,Success
2026-03-15T03:39:17.770Z,DESKTOP-C332RF6$,SYSTEM,DESKTOP-C332RF6,Negotiate,5,LogOn,Success
2026-03-15T03:40:15.467Z,DESKTOP-C332RF6$,SYSTEM,DESKTOP-C332RF6,Negotiate,5,LogOn,Success
2026-03-15T03:40:17.613Z,DESKTOP-C332RF6$,SYSTEM,DESKTOP-C332RF6,Negotiate,5,LogOn,Success
2026-03-15T03:48:44.104Z,DESKTOP-C332RF6$,SYSTEM,DESKTOP-C332RF6,Negotiate,5,LogOn,Success
2026-03-15T03:48:44.164Z,DESKTOP-C332RF6$,SYSTEM,DESKTOP-C332RF6,Negotiate,5,LogOn,Success
2026-03-15T03:49:31.456Z,DESKTOP-C332RF6$,SYSTEM,DESKTOP-C332RF6,Negotiate,5,LogOn,Success
2026-03-15T03:49:31.597Z,DESKTOP-C332RF6$,SYSTEM,DESKTOP-C332RF6,Negotiate,5,LogOn,Success
2026-03-15T03:57:28.373Z,DESKTOP-C332RF6$,SYSTEM,DESKTOP-C332RF6,Negotiate,5,LogOn,Success
2026-03-15T04:02:33.244Z,DESKTOP-C332RF6$,SYSTEM,DESKTOP-C332RF6,Negotiate,5,LogOn,Success
2026-03-15T04:02:35.003Z,DESKTOP-C332RF6$,SYSTEM,DESKTOP-C332RF6,Negotiate,5,LogOn,Success
2026-03-15T04:06:52.468Z,DESKTOP-C332RF6$,SYSTEM,DESKTOP-C332RF6,Negotiate,5,LogOn,Success
2026-03-15T04:06:53.631Z,DESKTOP-C332RF6$,SYSTEM,DESKTOP-C332RF6,Negotiate,5,LogOn,Success
2026-03-15T04:07:28.224Z,DESKTOP-C332RF6$,SYSTEM,DESKTOP-C332RF6,Negotiate,5,LogOn,Success
2026-03-15T04:12:39.713Z,DESKTOP-C332RF6$,SYSTEM,DESKTOP-C332RF6,Negotiate,5,LogOn,Success
2026-03-15T04:22:31.424Z,DESKTOP-C332RF6$,SYSTEM,DESKTOP-C332RF6,Negotiate,5,LogOn,Success
2026-03-15T04:22:31.501Z,DESKTOP-C332RF6$,SYSTEM,DESKTOP-C332RF6,Negotiate,5,LogOn,Success
2026-03-15T04:27:28.151Z,DESKTOP-C332RF6$,SYSTEM,DESKTOP-C332RF6,Negotiate,5,LogOn,Success
2026-03-15T04:29:22.617Z,DESKTOP-C332RF6$,SYSTEM,DESKTOP-C332RF6,Negotiate,5,LogOn,Success
2026-03-15T04:39:12.308Z,DESKTOP-C332RF6$,SYSTEM,DESKTOP-C332RF6,Negotiate,5,LogOn,Success
2026-03-15T04:42:38.801Z,DESKTOP-C332RF6$,SYSTEM,DESKTOP-C332RF6,Negotiate,5,LogOn,Success
2026-03-15T04:42:39.788Z,DESKTOP-C332RF6$,SYSTEM,DESKTOP-C332RF6,Negotiate,5,LogOn,Success
2026-03-15T05:02:33.761Z,DESKTOP-C332RF6$,SYSTEM,DESKTOP-C332RF6,Negotiate,5,LogOn,Success
2026-03-15T05:07:03.649Z,DESKTOP-C332RF6$,SYSTEM,DESKTOP-C332RF6,Negotiate,5,LogOn,Success
2026-03-15T05:07:03.726Z,DESKTOP-C332RF6$,SYSTEM,DESKTOP-C332RF6,Negotiate,5,LogOn,Success
2026-03-15T05:18:13.596Z,DESKTOP-C332RF6$,SYSTEM,DESKTOP-C332RF6,Negotiate,5,LogOn,Success
2026-03-15T05:33:39.853Z,DESKTOP-C332RF6$,SYSTEM,DESKTOP-C332RF6,Negotiate,5,LogOn,Success
2026-03-15T05:33:40.798Z,DESKTOP-C332RF6$,SYSTEM,DESKTOP-C332RF6,Negotiate,5,LogOn,Success
2026-03-15T05:59:18.641Z,DESKTOP-C332RF6$,SYSTEM,DESKTOP-C332RF6,Negotiate,5,LogOn,Success
2026-03-15T06:03:40.084Z,DESKTOP-C332RF6$,SYSTEM,DESKTOP-C332RF6,Negotiate,5,LogOn,Success
2026-03-15T06:03:41.547Z,DESKTOP-C332RF6$,SYSTEM,DESKTOP-C332RF6,Negotiate,5,LogOn,Success
2026-03-15T06:23:27.679Z,DESKTOP-C332RF6$,SYSTEM,DESKTOP-C332RF6,Negotiate,5,LogOn,Success
2026-03-15T06:30:05.167Z,DESKTOP-C332RF6$,SYSTEM,DESKTOP-C332RF6,Negotiate,5,LogOn,Success
2026-03-15T06:30:10.375Z,DESKTOP-C332RF6$,SYSTEM,DESKTOP-C332RF6,Negotiate,5,LogOn,Success
2026-03-15T06:30:11.138Z,DESKTOP-C332RF6$,SYSTEM,DESKTOP-C332RF6,Negotiate,5,LogOn,Success
2026-03-15T06:39:12.318Z,DESKTOP-C332RF6$,SYSTEM,DESKTOP-C332RF6,Negotiate,5,LogOn,Success
2026-03-15T06:40:54.397Z,DESKTOP-C332RF6$,SYSTEM,DESKTOP-C332RF6,Negotiate,5,LogOn,Success
2026-03-15T06:40:54.988Z,DESKTOP-C332RF6$,SYSTEM,DESKTOP-C332RF6,Negotiate,5,LogOn,Success
2026-03-15T06:40:55.377Z,DESKTOP-C332RF6$,SYSTEM,DESKTOP-C332RF6,Negotiate,5,LogOn,Success
2026-03-15T06:40:55.408Z,DESKTOP-C332RF6$,SYSTEM,DESKTOP-C332RF6,Negotiate,5,LogOn,Success
2026-03-15T06:40:57.937Z,DESKTOP-C332RF6$,SYSTEM,DESKTOP-C332RF6,Negotiate,5,LogOn,Success
2026-03-15T06:48:27.240Z,DESKTOP-C332RF6$,SYSTEM,DESKTOP-C332RF6,Negotiate,5,LogOn,Success
2026-03-15T07:03:21.481Z,DESKTOP-C332RF6$,SYSTEM,DESKTOP-C332RF6,Negotiate,5,LogOn,Success
2026-03-15T07:03:22.648Z,DESKTOP-C332RF6$,SYSTEM,DESKTOP-C332RF6,Negotiate,5,LogOn,Success
2026-03-15T07:23:57.445Z,DESKTOP-C332RF6$,SYSTEM,DESKTOP-C332RF6,Negotiate,5,LogOn,Success
2026-03-15T07:24:01.420Z,DESKTOP-C332RF6$,SYSTEM,DESKTOP-C332RF6,Negotiate,5,LogOn,Success
2026-03-15T07:24:03.019Z,DESKTOP-C332RF6$,SYSTEM,DESKTOP-C332RF6,Negotiate,5,LogOn,Success
2026-03-15T07:24:08.578Z,DESKTOP-C332RF6$,SYSTEM,DESKTOP-C332RF6,Negotiate,5,LogOn,Success
2026-03-15T07:31:26.706Z,DESKTOP-C332RF6$,SYSTEM,DESKTOP-C332RF6,Negotiate,5,LogOn,Success
2026-03-15T07:33:19.798Z,DESKTOP-C332RF6$,SYSTEM,DESKTOP-C332RF6,Negotiate,5,LogOn,Success
2026-03-15T07:34:49.382Z,DESKTOP-C332RF6$,UMFD-46,DESKTOP-C332RF6,Negotiate,2,LogOn,Success
2026-03-15T07:34:49.441Z,DESKTOP-C332RF6$,DWM-46,DESKTOP-C332RF6,Negotiate,2,LogOn,Success
2026-03-15T07:34:49.441Z,DESKTOP-C332RF6$,DWM-46,DESKTOP-C332RF6,Negotiate,2,LogOn,Success
2026-03-15T07:34:49.443Z,DESKTOP-C332RF6$,SYSTEM,DESKTOP-C332RF6,Negotiate,5,LogOn,Success
2026-03-15T07:34:49.540Z,DESKTOP-C332RF6$,SYSTEM,DESKTOP-C332RF6,Negotiate,5,LogOn,Success
2026-03-15T07:34:55.549Z,,UMFD-45,DESKTOP-C332RF6,,2,LogOff,LogOff
2026-03-15T07:34:55.550Z,DESKTOP-C332RF6$,SYSTEM,DESKTOP-C332RF6,Negotiate,5,LogOn,Success
2026-03-15T07:34:56.897Z,,DWM-45,DESKTOP-C332RF6,,2,LogOff,LogOff
2026-03-15T07:34:56.897Z,,DWM-45,DESKTOP-C332RF6,,2,LogOff,LogOff
2026-03-15T07:34:57.212Z,DESKTOP-C332RF6$,SYSTEM,DESKTOP-C332RF6,Negotiate,5,LogOn,Success
2026-03-15T21:10:44.960Z,DESKTOP-C332RF6$,PC,DESKTOP-C332RF6,Negotiate,2,LogOn,Success
2026-03-15T21:10:44.960Z,DESKTOP-C332RF6$,PC,DESKTOP-C332RF6,Negotiate,2,LogOn,Success
2026-03-15T21:10:49.956Z,DESKTOP-C332RF6$,SYSTEM,DESKTOP-C332RF6,Negotiate,5,LogOn,Success
2026-03-15T21:11:00.061Z,DESKTOP-C332RF6$,SYSTEM,DESKTOP-C332RF6,Negotiate,5,LogOn,Success
2026-03-15T21:11:53.123Z,DESKTOP-C332RF6$,SYSTEM,DESKTOP-C332RF6,Negotiate,5,LogOn,Success
2026-03-15T21:12:31.351Z,DESKTOP-C332RF6$,SYSTEM,DESKTOP-C332RF6,Negotiate,5,LogOn,Success
2026-03-15T21:15:11.904Z,DESKTOP-C332RF6$,SYSTEM,DESKTOP-C332RF6,Negotiate,5,LogOn,Success
2026-03-15T21:16:41.568Z,DESKTOP-C332RF6$,SYSTEM,DESKTOP-C332RF6,Negotiate,5,LogOn,Success
2026-03-15T21:17:56.014Z,DESKTOP-C332RF6$,SYSTEM,DESKTOP-C332RF6,Negotiate,5,LogOn,Success
2026-03-15T21:20:43.750Z,DESKTOP-C332RF6$,SYSTEM,DESKTOP-C332RF6,Negotiate,5,LogOn,Success
2026-03-15T21:20:54.357Z,DESKTOP-C332RF6$,SYSTEM,DESKTOP-C332RF6,Negotiate,5,LogOn,Success
2026-03-15T21:21:14.335Z,DESKTOP-C332RF6$,SYSTEM,DESKTOP-C332RF6,Negotiate,5,LogOn,Success
2026-03-15T21:21:14.660Z,DESKTOP-C332RF6$,SYSTEM,DESKTOP-C332RF6,Negotiate,5,LogOn,Success
2026-03-15T21:21:15.293Z,DESKTOP-C332RF6$,SYSTEM,DESKTOP-C332RF6,Negotiate,5,LogOn,Success
2026-03-15T21:25:47.522Z,DESKTOP-C332RF6$,SYSTEM,DESKTOP-C332RF6,Negotiate,5,LogOn,Success
2026-03-15T21:25:52.742Z,DESKTOP-C332RF6$,SYSTEM,DESKTOP-C332RF6,Negotiate,5,LogOn,Success
2026-03-15T21:26:39.807Z,DESKTOP-C332RF6$,SYSTEM,DESKTOP-C332RF6,Negotiate,5,LogOn,Success
2026-03-15T21:31:38.938Z,DESKTOP-C332RF6$,SYSTEM,DESKTOP-C332RF6,Negotiate,5,LogOn,Success
2026-03-15T21:35:39.973Z,DESKTOP-C332RF6$,SYSTEM,DESKTOP-C332RF6,Negotiate,5,LogOn,Success
2026-03-15T21:39:12.596Z,DESKTOP-C332RF6$,SYSTEM,DESKTOP-C332RF6,Negotiate,5,LogOn,Success
2026-03-15T21:49:22.336Z,DESKTOP-C332RF6$,SYSTEM,DESKTOP-C332RF6,Negotiate,5,LogOn,Success
2026-03-15T21:49:22.383Z,DESKTOP-C332RF6$,SYSTEM,DESKTOP-C332RF6,Negotiate,5,LogOn,Success
2026-03-15T21:50:24.142Z,DESKTOP-C332RF6$,SYSTEM,DESKTOP-C332RF6,Negotiate,5,LogOn,Success
2026-03-15T21:50:48.480Z,DESKTOP-C332RF6$,SYSTEM,DESKTOP-C332RF6,Negotiate,5,LogOn,Success
2026-03-15T21:50:52.198Z,DESKTOP-C332RF6$,SYSTEM,DESKTOP-C332RF6,Negotiate,5,LogOn,Success
2026-03-15T21:53:30.546Z,DESKTOP-C332RF6$,SYSTEM,DESKTOP-C332RF6,Negotiate,5,LogOn,Success
2026-03-15T22:02:13.291Z,DESKTOP-C332RF6$,SYSTEM,DESKTOP-C332RF6,Negotiate,5,LogOn,Success
2026-03-15T22:04:03.151Z,DESKTOP-C332RF6$,SYSTEM,DESKTOP-C332RF6,Negotiate,5,LogOn,Success
2026-03-15T22:04:17.475Z,DESKTOP-C332RF6$,SYSTEM,DESKTOP-C332RF6,Negotiate,5,LogOn,Success
2026-03-15T22:05:56.826Z,DESKTOP-C332RF6$,SYSTEM,DESKTOP-C332RF6,Negotiate,5,LogOn,Success
2026-03-15T22:08:07.491Z,DESKTOP-C332RF6$,SYSTEM,DESKTOP-C332RF6,Negotiate,5,LogOn,Success
2026-03-15T22:11:01.084Z,DESKTOP-C332RF6$,SYSTEM,DESKTOP-C332RF6,Negotiate,5,LogOn,Success
2026-03-15T22:39:12.528Z,DESKTOP-C332RF6$,SYSTEM,DESKTOP-C332RF6,Negotiate,5,LogOn,Success
2026-03-15T22:40:56.270Z,DESKTOP-C332RF6$,SYSTEM,DESKTOP-C332RF6,Negotiate,5,LogOn,Success
2026-03-15T22:55:55.049Z,DESKTOP-C332RF6$,SYSTEM,DESKTOP-C332RF6,Negotiate,5,LogOn,Success
2026-03-15T22:55:55.362Z,DESKTOP-C332RF6$,SYSTEM,DESKTOP-C332RF6,Negotiate,5,LogOn,Success
2026-03-15T22:55:56.343Z,DESKTOP-C332RF6$,SYSTEM,DESKTOP-C332RF6,Negotiate,5,LogOn,Success
2026-03-15T22:57:34.020Z,DESKTOP-C332RF6$,SYSTEM,DESKTOP-C332RF6,Negotiate,5,LogOn,Success
2026-03-15T23:10:08.115Z,DESKTOP-C332RF6$,SYSTEM,DESKTOP-C332RF6,Negotiate,5,LogOn,Success
2026-03-15T23:10:13.343Z,DESKTOP-C332RF6$,SYSTEM,DESKTOP-C332RF6,Negotiate,5,LogOn,Success
2026-03-15T23:10:46.296Z,DESKTOP-C332RF6$,SYSTEM,DESKTOP-C332RF6,Negotiate,5,LogOn,Success
2026-03-15T23:10:46.333Z,DESKTOP-C332RF6$,SYSTEM,DESKTOP-C332RF6,Negotiate,5,LogOn,Success
2026-03-15T23:10:49.601Z,DESKTOP-C332RF6$,SYSTEM,DESKTOP-C332RF6,Negotiate,5,LogOn,Success
2026-03-15T23:11:22.161Z,DESKTOP-C332RF6$,UMFD-47,DESKTOP-C332RF6,Negotiate,2,LogOn,Success
2026-03-15T23:11:22.196Z,DESKTOP-C332RF6$,DWM-47,DESKTOP-C332RF6,Negotiate,2,LogOn,Success
2026-03-15T23:11:22.196Z,DESKTOP-C332RF6$,DWM-47,DESKTOP-C332RF6,Negotiate,2,LogOn,Success
2026-03-15T23:11:22.201Z,DESKTOP-C332RF6$,SYSTEM,DESKTOP-C332RF6,Negotiate,5,LogOn,Success
2026-03-15T23:11:22.262Z,DESKTOP-C332RF6$,SYSTEM,DESKTOP-C332RF6,Negotiate,5,LogOn,Success
2026-03-15T23:11:22.564Z,DESKTOP-C332RF6$,SYSTEM,DESKTOP-C332RF6,Negotiate,5,LogOn,Success
2026-03-15T23:11:27.067Z,,UMFD-46,DESKTOP-C332RF6,,2,LogOff,LogOff
2026-03-15T23:11:28.324Z,DESKTOP-C332RF6$,SYSTEM,DESKTOP-C332RF6,Negotiate,5,LogOn,Success
2026-03-16T12:57:42.617Z,,DWM-46,DESKTOP-C332RF6,,2,LogOff,LogOff
2026-03-16T12:57:42.617Z,,DWM-46,DESKTOP-C332RF6,,2,LogOff,LogOff
2026-03-16T12:57:44.846Z,DESKTOP-C332RF6$,PC,DESKTOP-C332RF6,Negotiate,2,LogOn,Success
2026-03-16T12:57:44.846Z,DESKTOP-C332RF6$,PC,DESKTOP-C332RF6,Negotiate,2,LogOn,Success
2026-03-16T12:57:47.250Z,DESKTOP-C332RF6$,SYSTEM,DESKTOP-C332RF6,Negotiate,5,LogOn,Success
2026-03-16T12:57:56.285Z,DESKTOP-C332RF6$,SYSTEM,DESKTOP-C332RF6,Negotiate,5,LogOn,Success
2026-03-16T12:59:29.625Z,DESKTOP-C332RF6$,SYSTEM,DESKTOP-C332RF6,Negotiate,5,LogOn,Success
2026-03-16T13:02:08.362Z,DESKTOP-C332RF6$,SYSTEM,DESKTOP-C332RF6,Negotiate,5,LogOn,Success
2026-03-16T13:02:09.117Z,DESKTOP-C332RF6$,SYSTEM,DESKTOP-C332RF6,Negotiate,5,LogOn,Success
2026-03-16T13:02:48.888Z,DESKTOP-C332RF6$,SYSTEM,DESKTOP-C332RF6,Negotiate,5,LogOn,Success
2026-03-16T13:02:59.715Z,DESKTOP-C332RF6$,SYSTEM,DESKTOP-C332RF6,Negotiate,5,LogOn,Success
2026-03-16T13:03:42.450Z,DESKTOP-C332RF6$,SYSTEM,DESKTOP-C332RF6,Negotiate,5,LogOn,Success
2026-03-16T13:03:42.497Z,DESKTOP-C332RF6$,SYSTEM,DESKTOP-C332RF6,Negotiate,5,LogOn,Success
2026-03-16T13:04:08.718Z,DESKTOP-C332RF6$,SYSTEM,DESKTOP-C332RF6,Negotiate,5,LogOn,Success
2026-03-16T13:06:09.187Z,DESKTOP-C332RF6$,SYSTEM,DESKTOP-C332RF6,Negotiate,5,LogOn,Success
2026-03-16T13:06:09.415Z,DESKTOP-C332RF6$,SYSTEM,DESKTOP-C332RF6,Negotiate,5,LogOn,Success
2026-03-16T13:06:17.464Z,DESKTOP-C332RF6$,SYSTEM,DESKTOP-C332RF6,Negotiate,5,LogOn,Success
2026-03-16T13:12:10.026Z,DESKTOP-C332RF6$,SYSTEM,DESKTOP-C332RF6,Negotiate,5,LogOn,Success
2026-03-16T13:12:46.490Z,DESKTOP-C332RF6$,SYSTEM,DESKTOP-C332RF6,Negotiate,5,LogOn,Success
2026-03-16T13:12:48.792Z,DESKTOP-C332RF6$,SYSTEM,DESKTOP-C332RF6,Negotiate,5,LogOn,Success
2026-03-16T13:12:49.577Z,DESKTOP-C332RF6$,SYSTEM,DESKTOP-C332RF6,Negotiate,5,LogOn,Success
2026-03-16T13:13:09.834Z,DESKTOP-C332RF6$,SYSTEM,DESKTOP-C332RF6,Negotiate,5,LogOn,Success
2026-03-16T13:23:16.688Z,DESKTOP-C332RF6$,SYSTEM,DESKTOP-C332RF6,Negotiate,5,LogOn,Success
2026-03-16T13:23:16.759Z,DESKTOP-C332RF6$,SYSTEM,DESKTOP-C332RF6,Negotiate,5,LogOn,Success
2026-03-16T13:24:04.067Z,DESKTOP-C332RF6$,SYSTEM,DESKTOP-C332RF6,Negotiate,5,LogOn,Success
2026-03-16T13:24:17.959Z,DESKTOP-C332RF6$,SYSTEM,DESKTOP-C332RF6,Negotiate,5,LogOn,Success
2026-03-16T13:26:04.529Z,DESKTOP-C332RF6$,SYSTEM,DESKTOP-C332RF6,Negotiate,5,LogOn,Success
2026-03-16T13:26:04.721Z,DESKTOP-C332RF6$,SYSTEM,DESKTOP-C332RF6,Negotiate,5,LogOn,Success
2026-03-16T13:27:51.379Z,DESKTOP-C332RF6$,SYSTEM,DESKTOP-C332RF6,Negotiate,5,LogOn,Success
2026-03-16T13:28:03.165Z,DESKTOP-C332RF6$,SYSTEM,DESKTOP-C332RF6,Negotiate,5,LogOn,Success
2026-03-16T13:28:08.093Z,DESKTOP-C332RF6$,SYSTEM,DESKTOP-C332RF6,Negotiate,5,LogOn,Success
2026-03-16T13:28:23.613Z,DESKTOP-C332RF6$,SYSTEM,DESKTOP-C332RF6,Negotiate,5,LogOn,Success
2026-03-16T13:28:24.420Z,DESKTOP-C332RF6$,SYSTEM,DESKTOP-C332RF6,Negotiate,5,LogOn,Success
2026-03-16T13:28:27.885Z,DESKTOP-C332RF6$,SYSTEM,DESKTOP-C332RF6,Negotiate,5,LogOn,Success
2026-03-16T13:28:28.045Z,DESKTOP-C332RF6$,SYSTEM,DESKTOP-C332RF6,Negotiate,5,LogOn,Success
2026-03-16T13:28:31.680Z,DESKTOP-C332RF6$,SYSTEM,DESKTOP-C332RF6,Negotiate,5,LogOn,Success
2026-03-16T13:28:36.004Z,DESKTOP-C332RF6$,SYSTEM,DESKTOP-C332RF6,Negotiate,5,LogOn,Success
2026-03-16T13:28:51.258Z,DESKTOP-C332RF6$,SYSTEM,DESKTOP-C332RF6,Negotiate,5,LogOn,Success
2026-03-16T13:30:57.239Z,DESKTOP-C332RF6$,SYSTEM,DESKTOP-C332RF6,Negotiate,5,LogOn,Success
2026-03-16T13:30:57.361Z,DESKTOP-C332RF6$,SYSTEM,DESKTOP-C332RF6,Negotiate,5,LogOn,Success
2026-03-16T13:30:58.364Z,DESKTOP-C332RF6$,SYSTEM,DESKTOP-C332RF6,Negotiate,5,LogOn,Success
2026-03-16T13:39:12.425Z,DESKTOP-C332RF6$,SYSTEM,DESKTOP-C332RF6,Negotiate,5,LogOn,Success
2026-03-16T13:42:51.445Z,DESKTOP-C332RF6$,SYSTEM,DESKTOP-C332RF6,Negotiate,5,LogOn,Success
2026-03-16T13:44:04.225Z,DESKTOP-C332RF6$,SYSTEM,DESKTOP-C332RF6,Negotiate,5,LogOn,Success
2026-03-16T13:44:08.468Z,DESKTOP-C332RF6$,SYSTEM,DESKTOP-C332RF6,Negotiate,5,LogOn,Success
2026-03-16T13:46:07.278Z,DESKTOP-C332RF6$,SYSTEM,DESKTOP-C332RF6,Negotiate,5,LogOn,Success
2026-03-16T13:46:07.431Z,DESKTOP-C332RF6$,SYSTEM,DESKTOP-C332RF6,Negotiate,5,LogOn,Success
2026-03-16T13:46:09.209Z,DESKTOP-C332RF6$,SYSTEM,DESKTOP-C332RF6,Negotiate,5,LogOn,Success
2026-03-16T13:46:09.510Z,DESKTOP-C332RF6$,SYSTEM,DESKTOP-C332RF6,Negotiate,5,LogOn,Success
2026-03-16T13:57:51.514Z,DESKTOP-C332RF6$,SYSTEM,DESKTOP-C332RF6,Negotiate,5,LogOn,Success
2026-03-16T14:03:42.400Z,DESKTOP-C332RF6$,SYSTEM,DESKTOP-C332RF6,Negotiate,5,LogOn,Success
2026-03-16T14:04:05.000Z,DESKTOP-C332RF6$,SYSTEM,DESKTOP-C332RF6,Negotiate,5,LogOn,Success
2026-03-16T14:04:09.286Z,DESKTOP-C332RF6$,SYSTEM,DESKTOP-C332RF6,Negotiate,5,LogOn,Success
2026-03-16T14:06:10.053Z,DESKTOP-C332RF6$,SYSTEM,DESKTOP-C332RF6,Negotiate,5,LogOn,Success
2026-03-16T14:06:10.334Z,DESKTOP-C332RF6$,SYSTEM,DESKTOP-C332RF6,Negotiate,5,LogOn,Success
2026-03-16T14:12:51.588Z,DESKTOP-C332RF6$,SYSTEM,DESKTOP-C332RF6,Negotiate,5,LogOn,Success
2026-03-16T14:14:50.047Z,DESKTOP-C332RF6$,SYSTEM,DESKTOP-C332RF6,Negotiate,5,LogOn,Success
2026-03-16T14:14:56.300Z,DESKTOP-C332RF6$,SYSTEM,DESKTOP-C332RF6,Negotiate,5,LogOn,Success
2026-03-16T14:14:59.935Z,DESKTOP-C332RF6$,SYSTEM,DESKTOP-C332RF6,Negotiate,5,LogOn,Success
2026-03-16T14:15:17.252Z,DESKTOP-C332RF6$,SYSTEM,DESKTOP-C332RF6,Negotiate,5,LogOn,Success
2026-03-16T14:30:00.119Z,DESKTOP-C332RF6$,SYSTEM,DESKTOP-C332RF6,Negotiate,5,LogOn,Success
2026-03-16T14:30:22.638Z,DESKTOP-C332RF6$,SYSTEM,DESKTOP-C332RF6,Negotiate,5,LogOn,Success
2026-03-16T15:15:46.390Z,DESKTOP-C332RF6$,SYSTEM,DESKTOP-C332RF6,Negotiate,5,LogOn,Success
2026-03-16T15:24:47.274Z,DESKTOP-C332RF6$,SYSTEM,DESKTOP-C332RF6,Negotiate,5,LogOn,Success
2026-03-16T15:30:15.849Z,DESKTOP-C332RF6$,SYSTEM,DESKTOP-C332RF6,Negotiate,5,LogOn,Success
2026-03-16T15:54:39.854Z,DESKTOP-C332RF6$,SYSTEM,DESKTOP-C332RF6,Negotiate,5,LogOn,Success
2026-03-16T15:54:39.938Z,DESKTOP-C332RF6$,SYSTEM,DESKTOP-C332RF6,Negotiate,5,LogOn,Success
2026-03-16T15:54:41.540Z,DESKTOP-C332RF6$,SYSTEM,DESKTOP-C332RF6,Negotiate,5,LogOn,Success
2026-03-16T15:54:41.562Z,DESKTOP-C332RF6$,SYSTEM,DESKTOP-C332RF6,Negotiate,5,LogOn,Success
2026-03-16T15:54:41.647Z,DESKTOP-C332RF6$,SYSTEM,DESKTOP-C332RF6,Negotiate,5,LogOn,Success
2026-03-16T15:54:45.700Z,DESKTOP-C332RF6$,SYSTEM,DESKTOP-C332RF6,Negotiate,5,LogOn,Success
2026-03-16T15:54:46.688Z,DESKTOP-C332RF6$,SYSTEM,DESKTOP-C332RF6,Negotiate,5,LogOn,Success
2026-03-16T15:54:50.862Z,DESKTOP-C332RF6$,SYSTEM,DESKTOP-C332RF6,Negotiate,5,LogOn,Success
2026-03-16T15:55:46.510Z,DESKTOP-C332RF6$,SYSTEM,DESKTOP-C332RF6,Negotiate,5,LogOn,Success
2026-03-16T15:56:51.330Z,DESKTOP-C332RF6$,SYSTEM,DESKTOP-C332RF6,Negotiate,5,LogOn,Success
2026-03-16T15:56:51.528Z,DESKTOP-C332RF6$,SYSTEM,DESKTOP-C332RF6,Negotiate,5,LogOn,Success
2026-03-16T15:58:44.062Z,DESKTOP-C332RF6$,PC,DESKTOP-C332RF6,Negotiate,2,LogOn,Success
2026-03-16T15:58:44.062Z,DESKTOP-C332RF6$,PC,DESKTOP-C332RF6,Negotiate,2,LogOn,Success
2026-03-16T15:58:44.063Z,,PC,DESKTOP-C332RF6,,2,LogOff,LogOff
2026-03-16T15:58:44.063Z,,PC,DESKTOP-C332RF6,,2,LogOff,LogOff
2026-03-16T15:58:44.082Z,DESKTOP-C332RF6$,SYSTEM,DESKTOP-C332RF6,Negotiate,5,LogOn,Success
2026-03-16T16:07:20.164Z,DESKTOP-C332RF6$,SYSTEM,DESKTOP-C332RF6,Negotiate,5,LogOn,Success
2026-03-16T16:07:20.358Z,DESKTOP-C332RF6$,SYSTEM,DESKTOP-C332RF6,Negotiate,5,LogOn,Success
2026-03-16T16:16:04.494Z,DESKTOP-C332RF6$,SYSTEM,DESKTOP-C332RF6,Negotiate,5,LogOn,Success
2026-03-16T16:16:08.758Z,DESKTOP-C332RF6$,SYSTEM,DESKTOP-C332RF6,Negotiate,5,LogOn,Success
2026-03-16T16:18:09.549Z,DESKTOP-C332RF6$,SYSTEM,DESKTOP-C332RF6,Negotiate,5,LogOn,Success
2026-03-16T16:18:09.860Z,DESKTOP-C332RF6$,SYSTEM,DESKTOP-C332RF6,Negotiate,5,LogOn,Success
2026-03-16T16:24:44.923Z,DESKTOP-C332RF6$,SYSTEM,DESKTOP-C332RF6,Negotiate,5,LogOn,Success
2026-03-16T16:30:16.376Z,DESKTOP-C332RF6$,SYSTEM,DESKTOP-C332RF6,Negotiate,5,LogOn,Success
2026-03-16T16:33:17.555Z,DESKTOP-C332RF6$,SYSTEM,DESKTOP-C332RF6,Negotiate,5,LogOn,Success
2026-03-16T16:36:04.396Z,DESKTOP-C332RF6$,SYSTEM,DESKTOP-C332RF6,Negotiate,5,LogOn,Success
2026-03-16T16:36:08.594Z,DESKTOP-C332RF6$,SYSTEM,DESKTOP-C332RF6,Negotiate,5,LogOn,Success
2026-03-16T16:37:47.827Z,DESKTOP-C332RF6$,SYSTEM,DESKTOP-C332RF6,Negotiate,5,LogOn,Success
2026-03-16T16:38:09.077Z,DESKTOP-C332RF6$,SYSTEM,DESKTOP-C332RF6,Negotiate,5,LogOn,Success
2026-03-16T16:38:09.307Z,DESKTOP-C332RF6$,SYSTEM,DESKTOP-C332RF6,Negotiate,5,LogOn,Success
2026-03-16T16:39:12.369Z,DESKTOP-C332RF6$,SYSTEM,DESKTOP-C332RF6,Negotiate,5,LogOn,Success
2026-03-16T16:39:44.979Z,DESKTOP-C332RF6$,SYSTEM,DESKTOP-C332RF6,Negotiate,5,LogOn,Success
2026-03-16T16:52:03.731Z,DESKTOP-C332RF6$,SYSTEM,DESKTOP-C332RF6,Negotiate,5,LogOn,Success
2026-03-16T16:54:10.800Z,DESKTOP-C332RF6$,SYSTEM,DESKTOP-C332RF6,Negotiate,5,LogOn,Success
2026-03-16T16:54:11.204Z,DESKTOP-C332RF6$,SYSTEM,DESKTOP-C332RF6,Negotiate,5,LogOn,Success
2026-03-16T16:56:04.958Z,DESKTOP-C332RF6$,SYSTEM,DESKTOP-C332RF6,Negotiate,5,LogOn,Success
2026-03-16T16:56:09.167Z,DESKTOP-C332RF6$,SYSTEM,DESKTOP-C332RF6,Negotiate,5,LogOn,Success
2026-03-16T16:58:09.720Z,DESKTOP-C332RF6$,SYSTEM,DESKTOP-C332RF6,Negotiate,5,LogOn,Success
2026-03-16T16:58:09.959Z,DESKTOP-C332RF6$,SYSTEM,DESKTOP-C332RF6,Negotiate,5,LogOn,Success
2026-03-16T17:02:09.575Z,DESKTOP-C332RF6$,SYSTEM,DESKTOP-C332RF6,Negotiate,5,LogOn,Success
2026-03-16T17:02:09.640Z,DESKTOP-C332RF6$,SYSTEM,DESKTOP-C332RF6,Negotiate,5,LogOn,Success
2026-03-16T17:02:10.623Z,DESKTOP-C332RF6$,SYSTEM,DESKTOP-C332RF6,Negotiate,5,LogOn,Success
2026-03-16T17:02:18.339Z,DESKTOP-C332RF6$,SYSTEM,DESKTOP-C332RF6,Negotiate,5,LogOn,Success
2026-03-16T17:09:45.040Z,DESKTOP-C332RF6$,SYSTEM,DESKTOP-C332RF6,Negotiate,5,LogOn,Success
2026-03-16T17:15:09.482Z,DESKTOP-C332RF6$,SYSTEM,DESKTOP-C332RF6,Negotiate,5,LogOn,Success
2026-03-16T17:16:04.613Z,DESKTOP-C332RF6$,SYSTEM,DESKTOP-C332RF6,Negotiate,5,LogOn,Success
2026-03-16T17:16:08.909Z,DESKTOP-C332RF6$,SYSTEM,DESKTOP-C332RF6,Negotiate,5,LogOn,Success
2026-03-16T17:17:37.205Z,DESKTOP-C332RF6$,SYSTEM,DESKTOP-C332RF6,Negotiate,5,LogOn,Success
2026-03-16T17:18:09.768Z,DESKTOP-C332RF6$,SYSTEM,DESKTOP-C332RF6,Negotiate,5,LogOn,Success
2026-03-16T17:18:10.106Z,DESKTOP-C332RF6$,SYSTEM,DESKTOP-C332RF6,Negotiate,5,LogOn,Success
2026-03-16T17:24:45.106Z,DESKTOP-C332RF6$,SYSTEM,DESKTOP-C332RF6,Negotiate,5,LogOn,Success
2026-03-16T17:30:16.560Z,DESKTOP-C332RF6$,SYSTEM,DESKTOP-C332RF6,Negotiate,5,LogOn,Success
2026-03-16T17:36:03.669Z,DESKTOP-C332RF6$,SYSTEM,DESKTOP-C332RF6,Negotiate,5,LogOn,Success
2026-03-16T17:36:07.969Z,DESKTOP-C332RF6$,SYSTEM,DESKTOP-C332RF6,Negotiate,5,LogOn,Success
2026-03-16T17:38:08.809Z,DESKTOP-C332RF6$,SYSTEM,DESKTOP-C332RF6,Negotiate,5,LogOn,Success
2026-03-16T17:38:09.141Z,DESKTOP-C332RF6$,SYSTEM,DESKTOP-C332RF6,Negotiate,5,LogOn,Success
2026-03-16T17:39:12.449Z,DESKTOP-C332RF6$,SYSTEM,DESKTOP-C332RF6,Negotiate,5,LogOn,Success
2026-03-16T17:39:45.179Z,DESKTOP-C332RF6$,SYSTEM,DESKTOP-C332RF6,Negotiate,5,LogOn,Success
2026-03-16T17:48:08.885Z,DESKTOP-C332RF6$,SYSTEM,DESKTOP-C332RF6,Negotiate,5,LogOn,Success
2026-03-16T17:48:13.476Z,DESKTOP-C332RF6$,SYSTEM,DESKTOP-C332RF6,Negotiate,5,LogOn,Success
2026-03-16T17:52:17.152Z,DESKTOP-C332RF6$,SYSTEM,DESKTOP-C332RF6,Negotiate,5,LogOn,Success
2026-03-16T17:52:18.560Z,DESKTOP-C332RF6$,SYSTEM,DESKTOP-C332RF6,Negotiate,5,LogOn,Success
2026-03-16T17:52:40.254Z,DESKTOP-C332RF6$,SYSTEM,DESKTOP-C332RF6,Negotiate,5,LogOn,Success
2026-03-16T17:56:04.046Z,DESKTOP-C332RF6$,SYSTEM,DESKTOP-C332RF6,Negotiate,5,LogOn,Success
2026-03-16T17:56:08.256Z,DESKTOP-C332RF6$,SYSTEM,DESKTOP-C332RF6,Negotiate,5,LogOn,Success
2026-03-16T17:58:08.685Z,DESKTOP-C332RF6$,SYSTEM,DESKTOP-C332RF6,Negotiate,5,LogOn,Success
2026-03-16T17:58:08.883Z,DESKTOP-C332RF6$,SYSTEM,DESKTOP-C332RF6,Negotiate,5,LogOn,Success
2026-03-16T18:02:22.504Z,DESKTOP-C332RF6$,SYSTEM,DESKTOP-C332RF6,Negotiate,5,LogOn,Success
2026-03-16T18:02:22.594Z,DESKTOP-C332RF6$,SYSTEM,DESKTOP-C332RF6,Negotiate,5,LogOn,Success
2026-03-16T18:02:30.646Z,DESKTOP-C332RF6$,UMFD-48,DESKTOP-C332RF6,Negotiate,2,LogOn,Success
2026-03-16T18:02:30.690Z,DESKTOP-C332RF6$,DWM-48,DESKTOP-C332RF6,Negotiate,2,LogOn,Success
2026-03-16T18:02:30.690Z,DESKTOP-C332RF6$,DWM-48,DESKTOP-C332RF6,Negotiate,2,LogOn,Success
2026-03-16T18:02:30.693Z,DESKTOP-C332RF6$,SYSTEM,DESKTOP-C332RF6,Negotiate,5,LogOn,Success
2026-03-16T18:02:35.682Z,,UMFD-47,DESKTOP-C332RF6,,2,LogOff,LogOff
2026-03-16T18:02:35.755Z,DESKTOP-C332RF6$,SYSTEM,DESKTOP-C332RF6,Negotiate,5,LogOn,Success
2026-03-16T18:02:36.918Z,,DWM-47,DESKTOP-C332RF6,,2,LogOff,LogOff
2026-03-16T18:02:36.918Z,,DWM-47,DESKTOP-C332RF6,,2,LogOff,LogOff
2026-03-16T18:02:39.329Z,DESKTOP-C332RF6$,SYSTEM,DESKTOP-C332RF6,Negotiate,5,LogOn,Success
2026-03-16T22:08:50.267Z,DESKTOP-C332RF6$,PC,DESKTOP-C332RF6,Negotiate,2,LogOn,Success
2026-03-16T22:08:50.267Z,DESKTOP-C332RF6$,PC,DESKTOP-C332RF6,Negotiate,2,LogOn,Success
2026-03-16T22:08:50.583Z,DESKTOP-C332RF6$,SYSTEM,DESKTOP-C332RF6,Negotiate,5,LogOn,Success
2026-03-16T22:08:51.103Z,DESKTOP-C332RF6$,SYSTEM,DESKTOP-C332RF6,Negotiate,5,LogOn,Success
2026-03-16T22:08:52.363Z,DESKTOP-C332RF6$,SYSTEM,DESKTOP-C332RF6,Negotiate,5,LogOn,Success
2026-03-16T22:09:00.611Z,DESKTOP-C332RF6$,SYSTEM,DESKTOP-C332RF6,Negotiate,5,LogOn,Success
2026-03-16T22:09:01.922Z,DESKTOP-C332RF6$,SYSTEM,DESKTOP-C332RF6,Negotiate,5,LogOn,Success
2026-03-16T22:10:08.896Z,DESKTOP-C332RF6$,SYSTEM,DESKTOP-C332RF6,Negotiate,5,LogOn,Success
2026-03-16T22:10:33.809Z,DESKTOP-C332RF6$,SYSTEM,DESKTOP-C332RF6,Negotiate,5,LogOn,Success
2026-03-16T22:14:08.568Z,DESKTOP-C332RF6$,SYSTEM,DESKTOP-C332RF6,Negotiate,5,LogOn,Success
2026-03-16T22:14:46.534Z,DESKTOP-C332RF6$,SYSTEM,DESKTOP-C332RF6,Negotiate,5,LogOn,Success
2026-03-16T22:14:46.587Z,DESKTOP-C332RF6$,SYSTEM,DESKTOP-C332RF6,Negotiate,5,LogOn,Success
2026-03-16T22:15:03.731Z,DESKTOP-C332RF6$,SYSTEM,DESKTOP-C332RF6,Negotiate,5,LogOn,Success
2026-03-16T22:17:04.155Z,DESKTOP-C332RF6$,SYSTEM,DESKTOP-C332RF6,Negotiate,5,LogOn,Success
2026-03-16T22:17:04.350Z,DESKTOP-C332RF6$,SYSTEM,DESKTOP-C332RF6,Negotiate,5,LogOn,Success
2026-03-16T22:18:48.411Z,DESKTOP-C332RF6$,SYSTEM,DESKTOP-C332RF6,Negotiate,5,LogOn,Success
2026-03-16T22:18:58.221Z,DESKTOP-C332RF6$,SYSTEM,DESKTOP-C332RF6,Negotiate,5,LogOn,Success
2026-03-16T22:23:51.993Z,DESKTOP-C332RF6$,SYSTEM,DESKTOP-C332RF6,Negotiate,5,LogOn,Success
2026-03-16T22:23:53.289Z,DESKTOP-C332RF6$,SYSTEM,DESKTOP-C332RF6,Negotiate,5,LogOn,Success
2026-03-16T22:24:58.783Z,DESKTOP-C332RF6$,SYSTEM,DESKTOP-C332RF6,Negotiate,5,LogOn,Success
2026-03-16T22:35:04.184Z,DESKTOP-C332RF6$,SYSTEM,DESKTOP-C332RF6,Negotiate,5,LogOn,Success
2026-03-16T22:35:08.358Z,DESKTOP-C332RF6$,SYSTEM,DESKTOP-C332RF6,Negotiate,5,LogOn,Success
2026-03-16T22:36:23.567Z,DESKTOP-C332RF6$,SYSTEM,DESKTOP-C332RF6,Negotiate,5,LogOn,Success
2026-03-16T22:37:08.756Z,DESKTOP-C332RF6$,SYSTEM,DESKTOP-C332RF6,Negotiate,5,LogOn,Success
2026-03-16T22:37:08.937Z,DESKTOP-C332RF6$,SYSTEM,DESKTOP-C332RF6,Negotiate,5,LogOn,Success
2026-03-16T22:39:03.099Z,DESKTOP-C332RF6$,SYSTEM,DESKTOP-C332RF6,Negotiate,5,LogOn,Success
2026-03-16T22:45:32.421Z,DESKTOP-C332RF6$,SYSTEM,DESKTOP-C332RF6,Negotiate,5,LogOn,Success
2026-03-16T22:45:53.020Z,DESKTOP-C332RF6$,SYSTEM,DESKTOP-C332RF6,Negotiate,5,LogOn,Success
2026-03-16T22:50:38.728Z,DESKTOP-C332RF6$,SYSTEM,DESKTOP-C332RF6,Negotiate,5,LogOn,Success
2026-03-16T22:54:03.164Z,DESKTOP-C332RF6$,SYSTEM,DESKTOP-C332RF6,Negotiate,5,LogOn,Success
2026-03-16T22:55:04.288Z,DESKTOP-C332RF6$,SYSTEM,DESKTOP-C332RF6,Negotiate,5,LogOn,Success
2026-03-16T22:55:08.481Z,DESKTOP-C332RF6$,SYSTEM,DESKTOP-C332RF6,Negotiate,5,LogOn,Success
2026-03-16T22:55:57.353Z,DESKTOP-C332RF6$,SYSTEM,DESKTOP-C332RF6,Negotiate,5,LogOn,Success
2026-03-16T22:57:08.900Z,DESKTOP-C332RF6$,SYSTEM,DESKTOP-C332RF6,Negotiate,5,LogOn,Success
2026-03-16T22:57:09.093Z,DESKTOP-C332RF6$,SYSTEM,DESKTOP-C332RF6,Negotiate,5,LogOn,Success
2026-03-16T23:00:57.225Z,DESKTOP-C332RF6$,SYSTEM,DESKTOP-C332RF6,Negotiate,5,LogOn,Success
2026-03-16T23:04:41.870Z,DESKTOP-C332RF6$,SYSTEM,DESKTOP-C332RF6,Negotiate,5,LogOn,Success
2026-03-16T23:11:41.640Z,DESKTOP-C332RF6$,UMFD-49,DESKTOP-C332RF6,Negotiate,2,LogOn,Success
2026-03-16T23:11:41.674Z,DESKTOP-C332RF6$,DWM-49,DESKTOP-C332RF6,Negotiate,2,LogOn,Success
2026-03-16T23:11:41.674Z,DESKTOP-C332RF6$,DWM-49,DESKTOP-C332RF6,Negotiate,2,LogOn,Success
2026-03-16T23:11:41.735Z,DESKTOP-C332RF6$,SYSTEM,DESKTOP-C332RF6,Negotiate,5,LogOn,Success
2026-03-16T23:11:47.007Z,,UMFD-48,DESKTOP-C332RF6,,2,LogOff,LogOff
2026-03-16T23:11:47.087Z,DESKTOP-C332RF6$,SYSTEM,DESKTOP-C332RF6,Negotiate,5,LogOn,Success
2026-03-16T23:11:48.248Z,,DWM-48,DESKTOP-C332RF6,,2,LogOff,LogOff
2026-03-16T23:11:48.248Z,,DWM-48,DESKTOP-C332RF6,,2,LogOff,LogOff
2026-03-16T23:11:48.347Z,DESKTOP-C332RF6$,SYSTEM,DESKTOP-C332RF6,Negotiate,5,LogOn,Success
2026-03-17T17:00:11.166Z,DESKTOP-C332RF6$,SYSTEM,DESKTOP-C332RF6,Negotiate,5,LogOn,Success
2026-03-17T17:00:13.212Z,DESKTOP-C332RF6$,SYSTEM,DESKTOP-C332RF6,Negotiate,5,LogOn,Success
2026-03-17T17:00:13.482Z,DESKTOP-C332RF6$,PC,DESKTOP-C332RF6,Negotiate,2,LogOn,Success
2026-03-17T17:00:13.482Z,DESKTOP-C332RF6$,PC,DESKTOP-C332RF6,Negotiate,2,LogOn,Success
2026-03-17T17:00:17.928Z,DESKTOP-C332RF6$,SYSTEM,DESKTOP-C332RF6,Negotiate,5,LogOn,Success
2026-03-17T17:00:24.630Z,DESKTOP-C332RF6$,SYSTEM,DESKTOP-C332RF6,Negotiate,5,LogOn,Success
2026-03-17T17:01:20.465Z,DESKTOP-C332RF6$,SYSTEM,DESKTOP-C332RF6,Negotiate,5,LogOn,Success
2026-03-17T17:05:17.123Z,DESKTOP-C332RF6$,SYSTEM,DESKTOP-C332RF6,Negotiate,5,LogOn,Success
2026-03-17T17:06:11.284Z,DESKTOP-C332RF6$,SYSTEM,DESKTOP-C332RF6,Negotiate,5,LogOn,Success
2026-03-17T17:06:11.329Z,DESKTOP-C332RF6$,SYSTEM,DESKTOP-C332RF6,Negotiate,5,LogOn,Success
2026-03-17T17:07:50.985Z,DESKTOP-C332RF6$,SYSTEM,DESKTOP-C332RF6,Negotiate,5,LogOn,Success
2026-03-17T17:13:03.424Z,DESKTOP-C332RF6$,SYSTEM,DESKTOP-C332RF6,Negotiate,5,LogOn,Success
2026-03-17T17:14:20.742Z,DESKTOP-C332RF6$,SYSTEM,DESKTOP-C332RF6,Negotiate,5,LogOn,Success
2026-03-17T17:15:15.675Z,DESKTOP-C332RF6$,SYSTEM,DESKTOP-C332RF6,Negotiate,5,LogOn,Success
2026-03-17T17:15:18.461Z,DESKTOP-C332RF6$,SYSTEM,DESKTOP-C332RF6,Negotiate,5,LogOn,Success
2026-03-17T17:15:18.893Z,DESKTOP-C332RF6$,SYSTEM,DESKTOP-C332RF6,Negotiate,5,LogOn,Success
2026-03-17T17:24:44.343Z,DESKTOP-C332RF6$,SYSTEM,DESKTOP-C332RF6,Negotiate,5,LogOn,Success
2026-03-17T17:29:05.414Z,DESKTOP-C332RF6$,SYSTEM,DESKTOP-C332RF6,Negotiate,5,LogOn,Success
2026-03-17T17:29:25.403Z,DESKTOP-C332RF6$,SYSTEM,DESKTOP-C332RF6,Negotiate,5,LogOn,Success
2026-03-17T17:29:26.396Z,DESKTOP-C332RF6$,SYSTEM,DESKTOP-C332RF6,Negotiate,5,LogOn,Success
2026-03-17T17:34:09.330Z,DESKTOP-C332RF6$,SYSTEM,DESKTOP-C332RF6,Negotiate,5,LogOn,Success
2026-03-17T17:45:32.318Z,DESKTOP-C332RF6$,SYSTEM,DESKTOP-C332RF6,Negotiate,5,LogOn,Success
2026-03-17T17:46:05.784Z,DESKTOP-C332RF6$,SYSTEM,DESKTOP-C332RF6,Negotiate,5,LogOn,Success
2026-03-17T17:47:06.751Z,DESKTOP-C332RF6$,SYSTEM,DESKTOP-C332RF6,Negotiate,5,LogOn,Success
2026-03-17T17:47:06.804Z,DESKTOP-C332RF6$,SYSTEM,DESKTOP-C332RF6,Negotiate,5,LogOn,Success
2026-03-17T17:47:10.740Z,DESKTOP-C332RF6$,SYSTEM,DESKTOP-C332RF6,Negotiate,5,LogOn,Success
2026-03-17T17:47:24.048Z,DESKTOP-C332RF6$,SYSTEM,DESKTOP-C332RF6,Negotiate,5,LogOn,Success
2026-03-17T17:47:24.078Z,DESKTOP-C332RF6$,SYSTEM,DESKTOP-C332RF6,Negotiate,5,LogOn,Success
2026-03-17T18:03:42.307Z,DESKTOP-C332RF6$,SYSTEM,DESKTOP-C332RF6,Negotiate,5,LogOn,Success
2026-03-17T18:16:39.977Z,DESKTOP-C332RF6$,SYSTEM,DESKTOP-C332RF6,Negotiate,5,LogOn,Success
2026-03-17T18:24:44.548Z,DESKTOP-C332RF6$,SYSTEM,DESKTOP-C332RF6,Negotiate,5,LogOn,Success
2026-03-17T18:31:45.370Z,DESKTOP-C332RF6$,SYSTEM,DESKTOP-C332RF6,Negotiate,5,LogOn,Success
2026-03-17T19:22:09.386Z,DESKTOP-C332RF6$,SYSTEM,DESKTOP-C332RF6,Negotiate,5,LogOn,Success
2026-03-17T19:22:09.436Z,DESKTOP-C332RF6$,SYSTEM,DESKTOP-C332RF6,Negotiate,5,LogOn,Success
2026-03-17T19:22:09.461Z,DESKTOP-C332RF6$,SYSTEM,DESKTOP-C332RF6,Negotiate,5,LogOn,Success
2026-03-17T19:22:09.935Z,DESKTOP-C332RF6$,SYSTEM,DESKTOP-C332RF6,Negotiate,5,LogOn,Success
2026-03-17T19:22:10.938Z,DESKTOP-C332RF6$,SYSTEM,DESKTOP-C332RF6,Negotiate,5,LogOn,Success
2026-03-17T19:22:11.017Z,DESKTOP-C332RF6$,SYSTEM,DESKTOP-C332RF6,Negotiate,5,LogOn,Success
2026-03-17T19:22:11.090Z,DESKTOP-C332RF6$,SYSTEM,DESKTOP-C332RF6,Negotiate,5,LogOn,Success
2026-03-17T19:22:11.108Z,DESKTOP-C332RF6$,SYSTEM,DESKTOP-C332RF6,Negotiate,5,LogOn,Success
2026-03-17T19:22:11.749Z,DESKTOP-C332RF6$,PC,DESKTOP-C332RF6,Negotiate,2,LogOn,Success
2026-03-17T19:22:11.749Z,DESKTOP-C332RF6$,PC,DESKTOP-C332RF6,Negotiate,2,LogOn,Success
2026-03-17T19:22:11.750Z,,PC,DESKTOP-C332RF6,,2,LogOff,LogOff
2026-03-17T19:22:11.750Z,,PC,DESKTOP-C332RF6,,2,LogOff,LogOff
2026-03-17T19:22:13.376Z,DESKTOP-C332RF6$,SYSTEM,DESKTOP-C332RF6,Negotiate,5,LogOn,Success
2026-03-17T19:22:16.923Z,DESKTOP-C332RF6$,UMFD-50,DESKTOP-C332RF6,Negotiate,2,LogOn,Success
2026-03-17T19:22:16.957Z,DESKTOP-C332RF6$,DWM-50,DESKTOP-C332RF6,Negotiate,2,LogOn,Success
2026-03-17T19:22:16.957Z,DESKTOP-C332RF6$,DWM-50,DESKTOP-C332RF6,Negotiate,2,LogOn,Success
2026-03-17T19:22:21.319Z,,UMFD-49,DESKTOP-C332RF6,,2,LogOff,LogOff
2026-03-17T21:19:50.626Z,,DWM-49,DESKTOP-C332RF6,,2,LogOff,LogOff
2026-03-17T21:19:50.626Z,,DWM-49,DESKTOP-C332RF6,,2,LogOff,LogOff
2026-03-17T21:19:52.921Z,DESKTOP-C332RF6$,PC,DESKTOP-C332RF6,Negotiate,2,LogOn,Success
2026-03-17T21:19:52.921Z,DESKTOP-C332RF6$,PC,DESKTOP-C332RF6,Negotiate,2,LogOn,Success
2026-03-17T21:19:53.502Z,DESKTOP-C332RF6$,SYSTEM,DESKTOP-C332RF6,Negotiate,5,LogOn,Success
2026-03-17T21:19:53.772Z,DESKTOP-C332RF6$,SYSTEM,DESKTOP-C332RF6,Negotiate,5,LogOn,Success
2026-03-17T21:19:57.047Z,DESKTOP-C332RF6$,SYSTEM,DESKTOP-C332RF6,Negotiate,5,LogOn,Success
2026-03-17T21:20:04.812Z,DESKTOP-C332RF6$,SYSTEM,DESKTOP-C332RF6,Negotiate,5,LogOn,Success
2026-03-17T21:21:01.304Z,DESKTOP-C332RF6$,SYSTEM,DESKTOP-C332RF6,Negotiate,5,LogOn,Success
2026-03-17T21:21:36.551Z,DESKTOP-C332RF6$,SYSTEM,DESKTOP-C332RF6,Negotiate,5,LogOn,Success
2026-03-17T21:24:15.849Z,DESKTOP-C332RF6$,SYSTEM,DESKTOP-C332RF6,Negotiate,5,LogOn,Success
2026-03-17T21:27:26.124Z,DESKTOP-C332RF6$,SYSTEM,DESKTOP-C332RF6,Negotiate,5,LogOn,Success
2026-03-17T21:34:54.494Z,DESKTOP-C332RF6$,SYSTEM,DESKTOP-C332RF6,Negotiate,5,LogOn,Success
2026-03-17T21:34:59.054Z,DESKTOP-C332RF6$,SYSTEM,DESKTOP-C332RF6,Negotiate,5,LogOn,Success
2026-03-17T21:35:31.905Z,DESKTOP-C332RF6$,SYSTEM,DESKTOP-C332RF6,Negotiate,5,LogOn,Success
2026-03-17T21:43:07.857Z,DESKTOP-C332RF6$,SYSTEM,DESKTOP-C332RF6,Negotiate,5,LogOn,Success
2026-03-17T21:43:10.716Z,DESKTOP-C332RF6$,UMFD-51,DESKTOP-C332RF6,Negotiate,2,LogOn,Success
2026-03-17T21:43:10.743Z,DESKTOP-C332RF6$,DWM-51,DESKTOP-C332RF6,Negotiate,2,LogOn,Success
2026-03-17T21:43:10.743Z,DESKTOP-C332RF6$,DWM-51,DESKTOP-C332RF6,Negotiate,2,LogOn,Success
2026-03-17T21:43:10.822Z,DESKTOP-C332RF6$,SYSTEM,DESKTOP-C332RF6,Negotiate,5,LogOn,Success
2026-03-17T21:43:16.022Z,,UMFD-50,DESKTOP-C332RF6,,2,LogOff,LogOff
2026-03-17T21:43:16.107Z,DESKTOP-C332RF6$,SYSTEM,DESKTOP-C332RF6,Negotiate,5,LogOn,Success
2026-03-17T21:43:16.995Z,DESKTOP-C332RF6$,SYSTEM,DESKTOP-C332RF6,Negotiate,5,LogOn,Success
2026-03-18T10:29:58.519Z,,DWM-50,DESKTOP-C332RF6,,2,LogOff,LogOff
2026-03-18T10:29:58.519Z,,DWM-50,DESKTOP-C332RF6,,2,LogOff,LogOff
2026-03-18T10:29:59.575Z,DESKTOP-C332RF6$,SYSTEM,DESKTOP-C332RF6,Negotiate,5,LogOn,Success
2026-03-18T10:30:00.378Z,DESKTOP-C332RF6$,PC,DESKTOP-C332RF6,Negotiate,2,LogOn,Success
2026-03-18T10:30:00.378Z,DESKTOP-C332RF6$,PC,DESKTOP-C332RF6,Negotiate,2,LogOn,Success
2026-03-18T10:30:03.117Z,DESKTOP-C332RF6$,SYSTEM,DESKTOP-C332RF6,Negotiate,5,LogOn,Success
2026-03-18T10:30:03.492Z,DESKTOP-C332RF6$,SYSTEM,DESKTOP-C332RF6,Negotiate,5,LogOn,Success
2026-03-18T10:30:09.514Z,DESKTOP-C332RF6$,SYSTEM,DESKTOP-C332RF6,Negotiate,5,LogOn,Success
2026-03-18T10:31:44.560Z,DESKTOP-C332RF6$,SYSTEM,DESKTOP-C332RF6,Negotiate,5,LogOn,Success
2026-03-18T10:34:20.227Z,DESKTOP-C332RF6$,SYSTEM,DESKTOP-C332RF6,Negotiate,5,LogOn,Success
2026-03-18T10:35:57.581Z,DESKTOP-C332RF6$,SYSTEM,DESKTOP-C332RF6,Negotiate,5,LogOn,Success
2026-03-18T10:35:57.650Z,DESKTOP-C332RF6$,SYSTEM,DESKTOP-C332RF6,Negotiate,5,LogOn,Success
2026-03-18T10:35:58.787Z,DESKTOP-C332RF6$,SYSTEM,DESKTOP-C332RF6,Negotiate,5,LogOn,Success
2026-03-18T10:35:58.834Z,DESKTOP-C332RF6$,SYSTEM,DESKTOP-C332RF6,Negotiate,5,LogOn,Success
2026-03-18T10:37:44.113Z,DESKTOP-C332RF6$,SYSTEM,DESKTOP-C332RF6,Negotiate,5,LogOn,Success
2026-03-18T10:39:59.325Z,DESKTOP-C332RF6$,SYSTEM,DESKTOP-C332RF6,Negotiate,5,LogOn,Success
2026-03-18T10:40:52.766Z,DESKTOP-C332RF6$,SYSTEM,DESKTOP-C332RF6,Negotiate,5,LogOn,Success
2026-03-18T10:45:01.753Z,DESKTOP-C332RF6$,SYSTEM,DESKTOP-C332RF6,Negotiate,5,LogOn,Success
2026-03-18T10:45:13.717Z,DESKTOP-C332RF6$,SYSTEM,DESKTOP-C332RF6,Negotiate,5,LogOn,Success
2026-03-18T10:56:08.820Z,DESKTOP-C332RF6$,SYSTEM,DESKTOP-C332RF6,Negotiate,5,LogOn,Success
2026-03-18T11:00:04.121Z,DESKTOP-C332RF6$,SYSTEM,DESKTOP-C332RF6,Negotiate,5,LogOn,Success
2026-03-18T11:00:40.925Z,DESKTOP-C332RF6$,SYSTEM,DESKTOP-C332RF6,Negotiate,5,LogOn,Success
2026-03-18T11:03:42.694Z,DESKTOP-C332RF6$,SYSTEM,DESKTOP-C332RF6,Negotiate,5,LogOn,Success
2026-03-18T11:11:32.317Z,DESKTOP-C332RF6$,SYSTEM,DESKTOP-C332RF6,Negotiate,5,LogOn,Success
2026-03-18T11:15:04.188Z,DESKTOP-C332RF6$,SYSTEM,DESKTOP-C332RF6,Negotiate,5,LogOn,Success
2026-03-18T11:16:42.312Z,DESKTOP-C332RF6$,SYSTEM,DESKTOP-C332RF6,Negotiate,5,LogOn,Success
2026-03-18T11:30:04.247Z,DESKTOP-C332RF6$,SYSTEM,DESKTOP-C332RF6,Negotiate,5,LogOn,Success
2026-03-18T11:34:17.604Z,DESKTOP-C332RF6$,SYSTEM,DESKTOP-C332RF6,Negotiate,5,LogOn,Success
2026-03-18T11:35:25.164Z,DESKTOP-C332RF6$,SYSTEM,DESKTOP-C332RF6,Negotiate,5,LogOn,Success
2026-03-18T11:35:38.339Z,DESKTOP-C332RF6$,SYSTEM,DESKTOP-C332RF6,Negotiate,5,LogOn,Success
2026-03-18T11:35:45.299Z,DESKTOP-C332RF6$,SYSTEM,DESKTOP-C332RF6,Negotiate,5,LogOn,Success
2026-03-18T11:35:46.054Z,DESKTOP-C332RF6$,SYSTEM,DESKTOP-C332RF6,Negotiate,5,LogOn,Success
2026-03-18T11:38:30.613Z,DESKTOP-C332RF6$,SYSTEM,DESKTOP-C332RF6,Negotiate,5,LogOn,Success
2026-03-18T11:38:30.732Z,DESKTOP-C332RF6$,SYSTEM,DESKTOP-C332RF6,Negotiate,5,LogOn,Success
2026-03-18T11:38:31.695Z,DESKTOP-C332RF6$,SYSTEM,DESKTOP-C332RF6,Negotiate,5,LogOn,Success
2026-03-18T11:38:40.359Z,DESKTOP-C332RF6$,SYSTEM,DESKTOP-C332RF6,Negotiate,5,LogOn,Success
2026-03-18T11:50:56.183Z,DESKTOP-C332RF6$,SYSTEM,DESKTOP-C332RF6,Negotiate,5,LogOn,Success
2026-03-18T11:50:56.354Z,DESKTOP-C332RF6$,SYSTEM,DESKTOP-C332RF6,Negotiate,5,LogOn,Success
2026-03-18T11:51:19.291Z,DESKTOP-C332RF6$,SYSTEM,DESKTOP-C332RF6,Negotiate,5,LogOn,Success
2026-03-18T11:59:04.349Z,DESKTOP-C332RF6$,SYSTEM,DESKTOP-C332RF6,Negotiate,5,LogOn,Success
2026-03-18T12:00:28.865Z,DESKTOP-C332RF6$,SYSTEM,DESKTOP-C332RF6,Negotiate,5,LogOn,Success
2026-03-18T12:03:36.615Z,DESKTOP-C332RF6$,SYSTEM,DESKTOP-C332RF6,Negotiate,5,LogOn,Success
2026-03-18T12:03:55.964Z,DESKTOP-C332RF6$,SYSTEM,DESKTOP-C332RF6,Negotiate,5,LogOn,Success
2026-03-18T12:03:56.707Z,DESKTOP-C332RF6$,SYSTEM,DESKTOP-C332RF6,Negotiate,5,LogOn,Success
2026-03-18T12:03:57.686Z,DESKTOP-C332RF6$,SYSTEM,DESKTOP-C332RF6,Negotiate,5,LogOn,Success
2026-03-18T12:07:40.387Z,DESKTOP-C332RF6$,SYSTEM,DESKTOP-C332RF6,Negotiate,5,LogOn,Success
2026-03-18T12:16:42.316Z,DESKTOP-C332RF6$,SYSTEM,DESKTOP-C332RF6,Negotiate,5,LogOn,Success
2026-03-18T12:30:01.556Z,DESKTOP-C332RF6$,SYSTEM,DESKTOP-C332RF6,Negotiate,5,LogOn,Success
2026-03-18T12:30:01.595Z,DESKTOP-C332RF6$,SYSTEM,DESKTOP-C332RF6,Negotiate,5,LogOn,Success
2026-03-18T12:30:05.034Z,DESKTOP-C332RF6$,SYSTEM,DESKTOP-C332RF6,Negotiate,5,LogOn,Success
2026-03-18T12:34:20.584Z,DESKTOP-C332RF6$,SYSTEM,DESKTOP-C332RF6,Negotiate,5,LogOn,Success
2026-03-18T12:35:58.307Z,DESKTOP-C332RF6$,SYSTEM,DESKTOP-C332RF6,Negotiate,5,LogOn,Success
2026-03-18T12:54:27.771Z,DESKTOP-C332RF6$,SYSTEM,DESKTOP-C332RF6,Negotiate,5,LogOn,Success
2026-03-18T12:54:28.476Z,DESKTOP-C332RF6$,SYSTEM,DESKTOP-C332RF6,Negotiate,5,LogOn,Success
2026-03-18T12:54:29.854Z,DESKTOP-C332RF6$,SYSTEM,DESKTOP-C332RF6,Negotiate,5,LogOn,Success
2026-03-18T12:54:38.255Z,DESKTOP-C332RF6$,SYSTEM,DESKTOP-C332RF6,Negotiate,5,LogOn,Success
2026-03-18T13:03:42.495Z,DESKTOP-C332RF6$,SYSTEM,DESKTOP-C332RF6,Negotiate,5,LogOn,Success
2026-03-18T13:09:35.249Z,DESKTOP-C332RF6$,SYSTEM,DESKTOP-C332RF6,Negotiate,5,LogOn,Success
2026-03-18T13:15:10.747Z,DESKTOP-C332RF6$,SYSTEM,DESKTOP-C332RF6,Negotiate,5,LogOn,Success
2026-03-18T13:30:27.304Z,DESKTOP-C332RF6$,SYSTEM,DESKTOP-C332RF6,Negotiate,5,LogOn,Success
2026-03-18T13:30:28.617Z,DESKTOP-C332RF6$,SYSTEM,DESKTOP-C332RF6,Negotiate,5,LogOn,Success
2026-03-18T13:35:58.494Z,DESKTOP-C332RF6$,SYSTEM,DESKTOP-C332RF6,Negotiate,5,LogOn,Success
2026-03-18T13:43:25.772Z,DESKTOP-C332RF6$,SYSTEM,DESKTOP-C332RF6,Negotiate,5,LogOn,Success
2026-03-18T13:44:29.384Z,DESKTOP-C332RF6$,SYSTEM,DESKTOP-C332RF6,Negotiate,5,LogOn,Success
2026-03-18T13:45:35.508Z,DESKTOP-C332RF6$,SYSTEM,DESKTOP-C332RF6,Negotiate,5,LogOn,Success
2026-03-18T13:49:48.861Z,DESKTOP-C332RF6$,SYSTEM,DESKTOP-C332RF6,Negotiate,5,LogOn,Success
2026-03-18T13:49:48.970Z,DESKTOP-C332RF6$,SYSTEM,DESKTOP-C332RF6,Negotiate,5,LogOn,Success
2026-03-18T13:50:20.136Z,DESKTOP-C332RF6$,UMFD-52,DESKTOP-C332RF6,Negotiate,2,LogOn,Success
2026-03-18T13:50:20.174Z,DESKTOP-C332RF6$,DWM-52,DESKTOP-C332RF6,Negotiate,2,LogOn,Success
2026-03-18T13:50:20.174Z,DESKTOP-C332RF6$,DWM-52,DESKTOP-C332RF6,Negotiate,2,LogOn,Success
2026-03-18T13:50:20.239Z,DESKTOP-C332RF6$,SYSTEM,DESKTOP-C332RF6,Negotiate,5,LogOn,Success
2026-03-18T13:50:20.699Z,DESKTOP-C332RF6$,SYSTEM,DESKTOP-C332RF6,Negotiate,5,LogOn,Success
2026-03-18T13:50:29.232Z,DESKTOP-C332RF6$,SYSTEM,DESKTOP-C332RF6,Negotiate,5,LogOn,Success
2026-03-18T13:50:29.406Z,,UMFD-51,DESKTOP-C332RF6,,2,LogOff,LogOff
2026-03-18T13:50:30.632Z,DESKTOP-C332RF6$,SYSTEM,DESKTOP-C332RF6,Negotiate,5,LogOn,Success
2026-03-18T16:03:50.040Z,DESKTOP-C332RF6$,SYSTEM,DESKTOP-C332RF6,Negotiate,5,LogOn,Success
2026-03-18T16:03:50.591Z,,DWM-51,DESKTOP-C332RF6,,2,LogOff,LogOff
2026-03-18T16:03:50.592Z,,DWM-51,DESKTOP-C332RF6,,2,LogOff,LogOff
2026-03-18T16:03:52.438Z,DESKTOP-C332RF6$,SYSTEM,DESKTOP-C332RF6,Negotiate,5,LogOn,Success
2026-03-18T16:03:52.724Z,DESKTOP-C332RF6$,PC,DESKTOP-C332RF6,Negotiate,2,LogOn,Success
2026-03-18T16:03:52.724Z,DESKTOP-C332RF6$,PC,DESKTOP-C332RF6,Negotiate,2,LogOn,Success
2026-03-18T16:04:02.967Z,DESKTOP-C332RF6$,SYSTEM,DESKTOP-C332RF6,Negotiate,5,LogOn,Success
2026-03-18T16:05:38.046Z,DESKTOP-C332RF6$,SYSTEM,DESKTOP-C332RF6,Negotiate,5,LogOn,Success
2026-03-18T16:06:20.228Z,DESKTOP-C332RF6$,SYSTEM,DESKTOP-C332RF6,Negotiate,5,LogOn,Success
2026-03-18T16:06:20.307Z,DESKTOP-C332RF6$,SYSTEM,DESKTOP-C332RF6,Negotiate,5,LogOn,Success
2026-03-18T16:07:51.229Z,DESKTOP-C332RF6$,SYSTEM,DESKTOP-C332RF6,Negotiate,5,LogOn,Success
2026-03-18T16:09:27.394Z,DESKTOP-C332RF6$,SYSTEM,DESKTOP-C332RF6,Negotiate,5,LogOn,Success
2026-03-18T16:09:27.435Z,DESKTOP-C332RF6$,SYSTEM,DESKTOP-C332RF6,Negotiate,5,LogOn,Success
2026-03-18T16:11:01.312Z,DESKTOP-C332RF6$,SYSTEM,DESKTOP-C332RF6,Negotiate,5,LogOn,Success
2026-03-18T16:12:51.786Z,DESKTOP-C332RF6$,SYSTEM,DESKTOP-C332RF6,Negotiate,5,LogOn,Success
2026-03-18T16:18:54.430Z,DESKTOP-C332RF6$,SYSTEM,DESKTOP-C332RF6,Negotiate,5,LogOn,Success
2026-03-18T16:19:34.372Z,DESKTOP-C332RF6$,SYSTEM,DESKTOP-C332RF6,Negotiate,5,LogOn,Success
2026-03-18T16:19:34.534Z,DESKTOP-C332RF6$,SYSTEM,DESKTOP-C332RF6,Negotiate,5,LogOn,Success
2026-03-18T16:19:54.362Z,DESKTOP-C332RF6$,SYSTEM,DESKTOP-C332RF6,Negotiate,5,LogOn,Success
2026-03-18T16:34:05.614Z,DESKTOP-C332RF6$,SYSTEM,DESKTOP-C332RF6,Negotiate,5,LogOn,Success
2026-03-18T16:49:03.961Z,DESKTOP-C332RF6$,SYSTEM,DESKTOP-C332RF6,Negotiate,5,LogOn,Success
2026-03-18T16:49:08.564Z,DESKTOP-C332RF6$,SYSTEM,DESKTOP-C332RF6,Negotiate,5,LogOn,Success
2026-03-18T16:55:15.600Z,DESKTOP-C332RF6$,SYSTEM,DESKTOP-C332RF6,Negotiate,5,LogOn,Success
2026-03-18T16:58:17.620Z,DESKTOP-C332RF6$,SYSTEM,DESKTOP-C332RF6,Negotiate,5,LogOn,Success
2026-03-18T17:00:31.964Z,DESKTOP-C332RF6$,SYSTEM,DESKTOP-C332RF6,Negotiate,5,LogOn,Success
2026-03-18T17:00:56.688Z,DESKTOP-C332RF6$,SYSTEM,DESKTOP-C332RF6,Negotiate,5,LogOn,Success
2026-03-18T17:01:46.515Z,DESKTOP-C332RF6$,SYSTEM,DESKTOP-C332RF6,Negotiate,5,LogOn,Success
2026-03-18T17:10:19.260Z,DESKTOP-C332RF6$,SYSTEM,DESKTOP-C332RF6,Negotiate,5,LogOn,Success
2026-03-18T17:12:15.183Z,DESKTOP-C332RF6$,SYSTEM,DESKTOP-C332RF6,Negotiate,5,LogOn,Success
2026-03-18T17:19:16.548Z,DESKTOP-C332RF6$,SYSTEM,DESKTOP-C332RF6,Negotiate,5,LogOn,Success
2026-03-18T17:34:03.918Z,DESKTOP-C332RF6$,SYSTEM,DESKTOP-C332RF6,Negotiate,5,LogOn,Success
2026-03-18T17:34:05.544Z,DESKTOP-C332RF6$,SYSTEM,DESKTOP-C332RF6,Negotiate,5,LogOn,Success
2026-03-18T17:49:04.042Z,DESKTOP-C332RF6$,SYSTEM,DESKTOP-C332RF6,Negotiate,5,LogOn,Success
2026-03-18T17:49:06.092Z,DESKTOP-C332RF6$,SYSTEM,DESKTOP-C332RF6,Negotiate,5,LogOn,Success
2026-03-18T18:00:34.860Z,DESKTOP-C332RF6$,SYSTEM,DESKTOP-C332RF6,Negotiate,5,LogOn,Success
2026-03-18T18:00:35.425Z,DESKTOP-C332RF6$,SYSTEM,DESKTOP-C332RF6,Negotiate,5,LogOn,Success
2026-03-18T18:00:40.940Z,DESKTOP-C332RF6$,SYSTEM,DESKTOP-C332RF6,Negotiate,5,LogOn,Success
2026-03-18T18:00:41.693Z,DESKTOP-C332RF6$,SYSTEM,DESKTOP-C332RF6,Negotiate,5,LogOn,Success
2026-03-18T18:03:53.625Z,DESKTOP-C332RF6$,SYSTEM,DESKTOP-C332RF6,Negotiate,5,LogOn,Success
2026-03-18T18:03:53.691Z,DESKTOP-C332RF6$,SYSTEM,DESKTOP-C332RF6,Negotiate,5,LogOn,Success
2026-03-18T18:03:59.169Z,DESKTOP-C332RF6$,SYSTEM,DESKTOP-C332RF6,Negotiate,5,LogOn,Success
2026-03-18T18:04:06.181Z,DESKTOP-C332RF6$,SYSTEM,DESKTOP-C332RF6,Negotiate,5,LogOn,Success
2026-03-18T18:06:47.863Z,DESKTOP-C332RF6$,SYSTEM,DESKTOP-C332RF6,Negotiate,5,LogOn,Success
2026-03-18T18:06:56.682Z,DESKTOP-C332RF6$,UMFD-53,DESKTOP-C332RF6,Negotiate,2,LogOn,Success
2026-03-18T18:06:56.719Z,DESKTOP-C332RF6$,DWM-53,DESKTOP-C332RF6,Negotiate,2,LogOn,Success
2026-03-18T18:06:56.719Z,DESKTOP-C332RF6$,DWM-53,DESKTOP-C332RF6,Negotiate,2,LogOn,Success
2026-03-18T18:06:56.806Z,DESKTOP-C332RF6$,SYSTEM,DESKTOP-C332RF6,Negotiate,5,LogOn,Success
2026-03-18T18:07:05.793Z,DESKTOP-C332RF6$,SYSTEM,DESKTOP-C332RF6,Negotiate,5,LogOn,Success
2026-03-18T18:07:06.097Z,,UMFD-52,DESKTOP-C332RF6,,2,LogOff,LogOff
2026-03-18T18:07:06.924Z,DESKTOP-C332RF6$,SYSTEM,DESKTOP-C332RF6,Negotiate,5,LogOn,Success
2026-03-18T19:17:08.684Z,,DWM-52,DESKTOP-C332RF6,,2,LogOff,LogOff
2026-03-18T19:17:08.684Z,,DWM-52,DESKTOP-C332RF6,,2,LogOff,LogOff
2026-03-18T19:17:11.126Z,DESKTOP-C332RF6$,SYSTEM,DESKTOP-C332RF6,Negotiate,5,LogOn,Success
2026-03-18T19:17:11.554Z,DESKTOP-C332RF6$,PC,DESKTOP-C332RF6,Negotiate,2,LogOn,Success
2026-03-18T19:17:11.554Z,DESKTOP-C332RF6$,PC,DESKTOP-C332RF6,Negotiate,2,LogOn,Success
2026-03-18T19:17:21.643Z,DESKTOP-C332RF6$,SYSTEM,DESKTOP-C332RF6,Negotiate,5,LogOn,Success
2026-03-18T19:25:21.391Z,DESKTOP-C332RF6$,SYSTEM,DESKTOP-C332RF6,Negotiate,5,LogOn,Success
2026-03-18T19:25:31.654Z,DESKTOP-C332RF6$,SYSTEM,DESKTOP-C332RF6,Negotiate,5,LogOn,Success
2026-03-18T19:25:50.797Z,DESKTOP-C332RF6$,SYSTEM,DESKTOP-C332RF6,Negotiate,5,LogOn,Success
2026-03-18T19:27:20.372Z,DESKTOP-C332RF6$,SYSTEM,DESKTOP-C332RF6,Negotiate,5,LogOn,Success
2026-03-18T19:27:21.351Z,DESKTOP-C332RF6$,SYSTEM,DESKTOP-C332RF6,Negotiate,5,LogOn,Success
2026-03-18T19:27:21.830Z,DESKTOP-C332RF6$,SYSTEM,DESKTOP-C332RF6,Negotiate,5,LogOn,Success
2026-03-18T19:27:22.126Z,DESKTOP-C332RF6$,SYSTEM,DESKTOP-C332RF6,Negotiate,5,LogOn,Success
2026-03-18T19:27:25.099Z,DESKTOP-C332RF6$,SYSTEM,DESKTOP-C332RF6,Negotiate,5,LogOn,Success
2026-03-18T19:27:25.300Z,DESKTOP-C332RF6$,SYSTEM,DESKTOP-C332RF6,Negotiate,5,LogOn,Success
2026-03-18T19:27:30.858Z,DESKTOP-C332RF6$,SYSTEM,DESKTOP-C332RF6,Negotiate,5,LogOn,Success
2026-03-18T19:31:49.892Z,DESKTOP-C332RF6$,SYSTEM,DESKTOP-C332RF6,Negotiate,5,LogOn,Success
2026-03-18T19:33:21.352Z,DESKTOP-C332RF6$,SYSTEM,DESKTOP-C332RF6,Negotiate,5,LogOn,Success
2026-03-18T19:34:51.223Z,DESKTOP-C332RF6$,SYSTEM,DESKTOP-C332RF6,Negotiate,5,LogOn,Success
2026-03-18T19:57:20.113Z,DESKTOP-C332RF6$,SYSTEM,DESKTOP-C332RF6,Negotiate,5,LogOn,Success
2026-03-18T19:57:20.573Z,DESKTOP-C332RF6$,SYSTEM,DESKTOP-C332RF6,Negotiate,5,LogOn,Success
2026-03-18T19:57:21.558Z,DESKTOP-C332RF6$,SYSTEM,DESKTOP-C332RF6,Negotiate,5,LogOn,Success
2026-03-18T19:57:22.008Z,DESKTOP-C332RF6$,SYSTEM,DESKTOP-C332RF6,Negotiate,5,LogOn,Success
2026-03-18T20:18:19.813Z,DESKTOP-C332RF6$,SYSTEM,DESKTOP-C332RF6,Negotiate,5,LogOn,Success
2026-03-18T20:18:21.125Z,DESKTOP-C332RF6$,SYSTEM,DESKTOP-C332RF6,Negotiate,5,LogOn,Success
2026-03-18T20:18:21.204Z,DESKTOP-C332RF6$,SYSTEM,DESKTOP-C332RF6,Negotiate,5,LogOn,Success
2026-03-18T20:32:49.407Z,DESKTOP-C332RF6$,SYSTEM,DESKTOP-C332RF6,Negotiate,5,LogOn,Success
2026-03-18T20:32:50.862Z,DESKTOP-C332RF6$,SYSTEM,DESKTOP-C332RF6,Negotiate,5,LogOn,Success
2026-03-18T20:45:37.676Z,DESKTOP-C332RF6$,SYSTEM,DESKTOP-C332RF6,Negotiate,5,LogOn,Success
2026-03-18T20:45:38.241Z,DESKTOP-C332RF6$,SYSTEM,DESKTOP-C332RF6,Negotiate,5,LogOn,Success
2026-03-18T20:45:39.237Z,DESKTOP-C332RF6$,SYSTEM,DESKTOP-C332RF6,Negotiate,5,LogOn,Success
2026-03-18T20:45:39.286Z,DESKTOP-C332RF6$,SYSTEM,DESKTOP-C332RF6,Negotiate,5,LogOn,Success
2026-03-18T20:45:39.337Z,DESKTOP-C332RF6$,SYSTEM,DESKTOP-C332RF6,Negotiate,5,LogOn,Success
2026-03-18T20:45:39.855Z,DESKTOP-C332RF6$,SYSTEM,DESKTOP-C332RF6,Negotiate,5,LogOn,Success
2026-03-18T20:45:41.421Z,DESKTOP-C332RF6$,PC,DESKTOP-C332RF6,Negotiate,2,LogOn,Success
2026-03-18T20:45:41.421Z,DESKTOP-C332RF6$,PC,DESKTOP-C332RF6,Negotiate,2,LogOn,Success
2026-03-18T20:45:41.421Z,,PC,DESKTOP-C332RF6,,2,LogOff,LogOff
2026-03-18T20:45:41.421Z,,PC,DESKTOP-C332RF6,,2,LogOff,LogOff
2026-03-18T20:47:22.507Z,DESKTOP-C332RF6$,SYSTEM,DESKTOP-C332RF6,Negotiate,5,LogOn,Success
2026-03-18T20:49:42.275Z,DESKTOP-C332RF6$,SYSTEM,DESKTOP-C332RF6,Negotiate,5,LogOn,Success
2026-03-18T21:00:40.044Z,DESKTOP-C332RF6$,SYSTEM,DESKTOP-C332RF6,Negotiate,5,LogOn,Success
2026-03-18T21:03:42.295Z,DESKTOP-C332RF6$,SYSTEM,DESKTOP-C332RF6,Negotiate,5,LogOn,Success
2026-03-18T21:06:42.307Z,DESKTOP-C332RF6$,SYSTEM,DESKTOP-C332RF6,Negotiate,5,LogOn,Success
2026-03-18T21:09:43.471Z,DESKTOP-C332RF6$,SYSTEM,DESKTOP-C332RF6,Negotiate,5,LogOn,Success
2026-03-18T21:09:43.557Z,DESKTOP-C332RF6$,SYSTEM,DESKTOP-C332RF6,Negotiate,5,LogOn,Success
2026-03-18T21:15:40.100Z,DESKTOP-C332RF6$,SYSTEM,DESKTOP-C332RF6,Negotiate,5,LogOn,Success
2026-03-18T21:16:42.442Z,DESKTOP-C332RF6$,SYSTEM,DESKTOP-C332RF6,Negotiate,5,LogOn,Success
2026-03-18T21:17:12.756Z,DESKTOP-C332RF6$,SYSTEM,DESKTOP-C332RF6,Negotiate,5,LogOn,Success
2026-03-18T21:17:12.824Z,DESKTOP-C332RF6$,SYSTEM,DESKTOP-C332RF6,Negotiate,5,LogOn,Success
2026-03-18T21:17:17.945Z,DESKTOP-C332RF6$,SYSTEM,DESKTOP-C332RF6,Negotiate,5,LogOn,Success
2026-03-18T21:22:19.687Z,DESKTOP-C332RF6$,SYSTEM,DESKTOP-C332RF6,Negotiate,5,LogOn,Success
2026-03-18T21:30:19.281Z,DESKTOP-C332RF6$,SYSTEM,DESKTOP-C332RF6,Negotiate,5,LogOn,Success
2026-03-18T21:30:40.159Z,DESKTOP-C332RF6$,SYSTEM,DESKTOP-C332RF6,Negotiate,5,LogOn,Success
2026-03-18T21:32:49.846Z,DESKTOP-C332RF6$,SYSTEM,DESKTOP-C332RF6,Negotiate,5,LogOn,Success
2026-03-18T21:45:40.223Z,DESKTOP-C332RF6$,SYSTEM,DESKTOP-C332RF6,Negotiate,5,LogOn,Success
2026-03-18T21:53:16.659Z,DESKTOP-C332RF6$,SYSTEM,DESKTOP-C332RF6,Negotiate,5,LogOn,Success
2026-03-18T21:56:50.370Z,DESKTOP-C332RF6$,SYSTEM,DESKTOP-C332RF6,Negotiate,5,LogOn,Success
2026-03-18T22:00:40.293Z,DESKTOP-C332RF6$,SYSTEM,DESKTOP-C332RF6,Negotiate,5,LogOn,Success
2026-03-18T22:03:42.479Z,DESKTOP-C332RF6$,SYSTEM,DESKTOP-C332RF6,Negotiate,5,LogOn,Success
2026-03-18T22:11:29.354Z,DESKTOP-C332RF6$,SYSTEM,DESKTOP-C332RF6,Negotiate,5,LogOn,Success
2026-03-18T22:15:40.372Z,DESKTOP-C332RF6$,SYSTEM,DESKTOP-C332RF6,Negotiate,5,LogOn,Success
2026-03-18T22:16:42.453Z,DESKTOP-C332RF6$,SYSTEM,DESKTOP-C332RF6,Negotiate,5,LogOn,Success
2026-03-18T22:24:44.365Z,DESKTOP-C332RF6$,SYSTEM,DESKTOP-C332RF6,Negotiate,5,LogOn,Success
2026-03-18T22:26:39.822Z,DESKTOP-C332RF6$,SYSTEM,DESKTOP-C332RF6,Negotiate,5,LogOn,Success
2026-03-18T22:26:41.393Z,DESKTOP-C332RF6$,SYSTEM,DESKTOP-C332RF6,Negotiate,5,LogOn,Success
2026-03-18T22:32:50.089Z,DESKTOP-C332RF6$,SYSTEM,DESKTOP-C332RF6,Negotiate,5,LogOn,Success
2026-03-18T22:45:40.453Z,DESKTOP-C332RF6$,SYSTEM,DESKTOP-C332RF6,Negotiate,5,LogOn,Success
2026-03-18T22:56:16.461Z,DESKTOP-C332RF6$,SYSTEM,DESKTOP-C332RF6,Negotiate,5,LogOn,Success
2026-03-18T23:00:40.526Z,DESKTOP-C332RF6$,SYSTEM,DESKTOP-C332RF6,Negotiate,5,LogOn,Success
2026-03-18T23:01:05.905Z,DESKTOP-C332RF6$,SYSTEM,DESKTOP-C332RF6,Negotiate,5,LogOn,Success
2026-03-18T23:11:15.178Z,DESKTOP-C332RF6$,SYSTEM,DESKTOP-C332RF6,Negotiate,5,LogOn,Success
2026-03-18T23:11:15.270Z,DESKTOP-C332RF6$,SYSTEM,DESKTOP-C332RF6,Negotiate,5,LogOn,Success
2026-03-18T23:12:27.880Z,DESKTOP-C332RF6$,UMFD-54,DESKTOP-C332RF6,Negotiate,2,LogOn,Success
2026-03-18T23:12:27.908Z,DESKTOP-C332RF6$,DWM-54,DESKTOP-C332RF6,Negotiate,2,LogOn,Success
2026-03-18T23:12:27.908Z,DESKTOP-C332RF6$,DWM-54,DESKTOP-C332RF6,Negotiate,2,LogOn,Success
2026-03-18T23:12:27.917Z,DESKTOP-C332RF6$,SYSTEM,DESKTOP-C332RF6,Negotiate,5,LogOn,Success
2026-03-18T23:12:27.988Z,DESKTOP-C332RF6$,SYSTEM,DESKTOP-C332RF6,Negotiate,5,LogOn,Success
2026-03-18T23:12:32.482Z,,UMFD-53,DESKTOP-C332RF6,,2,LogOff,LogOff
2026-03-18T23:12:32.544Z,DESKTOP-C332RF6$,SYSTEM,DESKTOP-C332RF6,Negotiate,5,LogOn,Success
2026-03-18T23:12:33.425Z,DESKTOP-C332RF6$,SYSTEM,DESKTOP-C332RF6,Negotiate,5,LogOn,Success
2026-03-19T09:50:37.508Z,,DWM-53,DESKTOP-C332RF6,,2,LogOff,LogOff
2026-03-19T09:50:37.508Z,,DWM-53,DESKTOP-C332RF6,,2,LogOff,LogOff
2026-03-19T09:50:39.396Z,DESKTOP-C332RF6$,PC,DESKTOP-C332RF6,Negotiate,2,LogOn,Success
2026-03-19T09:50:39.396Z,DESKTOP-C332RF6$,PC,DESKTOP-C332RF6,Negotiate,2,LogOn,Success
2026-03-19T09:50:39.487Z,DESKTOP-C332RF6$,SYSTEM,DESKTOP-C332RF6,Negotiate,5,LogOn,Success
2026-03-19T09:50:41.555Z,DESKTOP-C332RF6$,SYSTEM,DESKTOP-C332RF6,Negotiate,5,LogOn,Success
2026-03-19T09:50:48.047Z,DESKTOP-C332RF6$,SYSTEM,DESKTOP-C332RF6,Negotiate,5,LogOn,Success
2026-03-19T09:51:43.739Z,DESKTOP-C332RF6$,SYSTEM,DESKTOP-C332RF6,Negotiate,5,LogOn,Success
2026-03-19T09:55:01.739Z,DESKTOP-C332RF6$,SYSTEM,DESKTOP-C332RF6,Negotiate,5,LogOn,Success
2026-03-19T09:56:37.428Z,DESKTOP-C332RF6$,SYSTEM,DESKTOP-C332RF6,Negotiate,5,LogOn,Success
2026-03-19T10:05:41.136Z,DESKTOP-C332RF6$,SYSTEM,DESKTOP-C332RF6,Negotiate,5,LogOn,Success
2026-03-19T10:05:43.547Z,DESKTOP-C332RF6$,SYSTEM,DESKTOP-C332RF6,Negotiate,5,LogOn,Success
2026-03-19T10:06:11.105Z,DESKTOP-C332RF6$,SYSTEM,DESKTOP-C332RF6,Negotiate,5,LogOn,Success
2026-03-19T10:20:43.627Z,DESKTOP-C332RF6$,SYSTEM,DESKTOP-C332RF6,Negotiate,5,LogOn,Success
2026-03-19T10:20:44.609Z,DESKTOP-C332RF6$,SYSTEM,DESKTOP-C332RF6,Negotiate,5,LogOn,Success
2026-03-19T10:35:43.704Z,DESKTOP-C332RF6$,SYSTEM,DESKTOP-C332RF6,Negotiate,5,LogOn,Success
2026-03-19T10:35:59.834Z,DESKTOP-C332RF6$,SYSTEM,DESKTOP-C332RF6,Negotiate,5,LogOn,Success
2026-03-19T10:35:59.984Z,DESKTOP-C332RF6$,SYSTEM,DESKTOP-C332RF6,Negotiate,5,LogOn,Success
2026-03-19T10:49:43.311Z,DESKTOP-C332RF6$,SYSTEM,DESKTOP-C332RF6,Negotiate,5,LogOn,Success
2026-03-19T10:50:24.838Z,DESKTOP-C332RF6$,SYSTEM,DESKTOP-C332RF6,Negotiate,5,LogOn,Success
2026-03-19T10:50:43.769Z,DESKTOP-C332RF6$,SYSTEM,DESKTOP-C332RF6,Negotiate,5,LogOn,Success
2026-03-19T10:51:20.602Z,DESKTOP-C332RF6$,SYSTEM,DESKTOP-C332RF6,Negotiate,5,LogOn,Success
2026-03-19T10:55:41.648Z,DESKTOP-C332RF6$,SYSTEM,DESKTOP-C332RF6,Negotiate,5,LogOn,Success
2026-03-19T11:03:30.865Z,DESKTOP-C332RF6$,SYSTEM,DESKTOP-C332RF6,Negotiate,5,LogOn,Success
2026-03-19T11:05:43.828Z,DESKTOP-C332RF6$,SYSTEM,DESKTOP-C332RF6,Negotiate,5,LogOn,Success
2026-03-19T11:06:11.386Z,DESKTOP-C332RF6$,SYSTEM,DESKTOP-C332RF6,Negotiate,5,LogOn,Success
2026-03-19T11:10:46.561Z,DESKTOP-C332RF6$,SYSTEM,DESKTOP-C332RF6,Negotiate,5,LogOn,Success
2026-03-19T11:20:43.895Z,DESKTOP-C332RF6$,SYSTEM,DESKTOP-C332RF6,Negotiate,5,LogOn,Success
2026-03-19T11:20:57.842Z,DESKTOP-C332RF6$,SYSTEM,DESKTOP-C332RF6,Negotiate,5,LogOn,Success
2026-03-19T11:26:30.967Z,DESKTOP-C332RF6$,SYSTEM,DESKTOP-C332RF6,Negotiate,5,LogOn,Success
2026-03-19T11:35:43.958Z,DESKTOP-C332RF6$,SYSTEM,DESKTOP-C332RF6,Negotiate,5,LogOn,Success
2026-03-19T11:35:58.098Z,DESKTOP-C332RF6$,SYSTEM,DESKTOP-C332RF6,Negotiate,5,LogOn,Success
2026-03-19T11:50:39.959Z,DESKTOP-C332RF6$,SYSTEM,DESKTOP-C332RF6,Negotiate,5,LogOn,Success
2026-03-19T11:50:40.033Z,DESKTOP-C332RF6$,SYSTEM,DESKTOP-C332RF6,Negotiate,5,LogOn,Success
2026-03-19T11:50:44.028Z,DESKTOP-C332RF6$,SYSTEM,DESKTOP-C332RF6,Negotiate,5,LogOn,Success
2026-03-19T11:50:45.940Z,DESKTOP-C332RF6$,SYSTEM,DESKTOP-C332RF6,Negotiate,5,LogOn,Success
2026-03-19T11:51:34.312Z,DESKTOP-C332RF6$,SYSTEM,DESKTOP-C332RF6,Negotiate,5,LogOn,Success
2026-03-19T12:05:44.105Z,DESKTOP-C332RF6$,SYSTEM,DESKTOP-C332RF6,Negotiate,5,LogOn,Success
2026-03-19T12:06:11.404Z,DESKTOP-C332RF6$,SYSTEM,DESKTOP-C332RF6,Negotiate,5,LogOn,Success
2026-03-19T12:11:07.142Z,DESKTOP-C332RF6$,SYSTEM,DESKTOP-C332RF6,Negotiate,5,LogOn,Success
2026-03-19T12:15:29.521Z,DESKTOP-C332RF6$,SYSTEM,DESKTOP-C332RF6,Negotiate,5,LogOn,Success
2026-03-19T12:15:49.389Z,DESKTOP-C332RF6$,SYSTEM,DESKTOP-C332RF6,Negotiate,5,LogOn,Success
2026-03-19T12:15:50.359Z,DESKTOP-C332RF6$,SYSTEM,DESKTOP-C332RF6,Negotiate,5,LogOn,Success
2026-03-19T12:19:23.160Z,DESKTOP-C332RF6$,SYSTEM,DESKTOP-C332RF6,Negotiate,5,LogOn,Success
2026-03-19T12:19:25.253Z,DESKTOP-C332RF6$,SYSTEM,DESKTOP-C332RF6,Negotiate,5,LogOn,Success
2026-03-19T12:20:44.184Z,DESKTOP-C332RF6$,SYSTEM,DESKTOP-C332RF6,Negotiate,5,LogOn,Success
2026-03-19T12:35:44.242Z,DESKTOP-C332RF6$,SYSTEM,DESKTOP-C332RF6,Negotiate,5,LogOn,Success
2026-03-19T12:35:58.728Z,DESKTOP-C332RF6$,SYSTEM,DESKTOP-C332RF6,Negotiate,5,LogOn,Success
2026-03-19T12:38:55.233Z,DESKTOP-C332RF6$,SYSTEM,DESKTOP-C332RF6,Negotiate,5,LogOn,Success
2026-03-19T12:38:55.650Z,DESKTOP-C332RF6$,SYSTEM,DESKTOP-C332RF6,Negotiate,5,LogOn,Success
2026-03-19T12:38:55.712Z,DESKTOP-C332RF6$,SYSTEM,DESKTOP-C332RF6,Negotiate,5,LogOn,Success
2026-03-19T12:49:56.370Z,DESKTOP-C332RF6$,SYSTEM,DESKTOP-C332RF6,Negotiate,5,LogOn,Success
2026-03-19T12:49:58.151Z,DESKTOP-C332RF6$,SYSTEM,DESKTOP-C332RF6,Negotiate,5,LogOn,Success
2026-03-19T12:50:00.414Z,DESKTOP-C332RF6$,SYSTEM,DESKTOP-C332RF6,Negotiate,5,LogOn,Success
2026-03-19T13:05:25.499Z,DESKTOP-C332RF6$,SYSTEM,DESKTOP-C332RF6,Negotiate,5,LogOn,Success
2026-03-19T13:05:25.744Z,DESKTOP-C332RF6$,SYSTEM,DESKTOP-C332RF6,Negotiate,5,LogOn,Success
2026-03-19T13:05:44.307Z,DESKTOP-C332RF6$,SYSTEM,DESKTOP-C332RF6,Negotiate,5,LogOn,Success
2026-03-19T13:20:44.389Z,DESKTOP-C332RF6$,SYSTEM,DESKTOP-C332RF6,Negotiate,5,LogOn,Success
2026-03-19T13:21:25.599Z,DESKTOP-C332RF6$,SYSTEM,DESKTOP-C332RF6,Negotiate,5,LogOn,Success
2026-03-19T13:35:44.455Z,DESKTOP-C332RF6$,SYSTEM,DESKTOP-C332RF6,Negotiate,5,LogOn,Success
2026-03-19T13:35:58.481Z,DESKTOP-C332RF6$,SYSTEM,DESKTOP-C332RF6,Negotiate,5,LogOn,Success
2026-03-19T13:36:10.674Z,DESKTOP-C332RF6$,SYSTEM,DESKTOP-C332RF6,Negotiate,5,LogOn,Success
2026-03-19T13:36:10.767Z,DESKTOP-C332RF6$,SYSTEM,DESKTOP-C332RF6,Negotiate,5,LogOn,Success
2026-03-19T13:38:13.722Z,DESKTOP-C332RF6$,SYSTEM,DESKTOP-C332RF6,Negotiate,5,LogOn,Success
2026-03-19T13:40:04.302Z,DESKTOP-C332RF6$,SYSTEM,DESKTOP-C332RF6,Negotiate,5,LogOn,Success
2026-03-19T13:43:48.943Z,DESKTOP-C332RF6$,SYSTEM,DESKTOP-C332RF6,Negotiate,5,LogOn,Success
2026-03-19T13:45:39.359Z,DESKTOP-C332RF6$,SYSTEM,DESKTOP-C332RF6,Negotiate,5,LogOn,Success
2026-03-19T13:46:12.563Z,DESKTOP-C332RF6$,SYSTEM,DESKTOP-C332RF6,Negotiate,5,LogOn,Success
2026-03-19T13:51:28.747Z,DESKTOP-C332RF6$,SYSTEM,DESKTOP-C332RF6,Negotiate,5,LogOn,Success
2026-03-19T13:55:55.941Z,DESKTOP-C332RF6$,SYSTEM,DESKTOP-C332RF6,Negotiate,5,LogOn,Success
2026-03-19T14:03:26.226Z,DESKTOP-C332RF6$,SYSTEM,DESKTOP-C332RF6,Negotiate,5,LogOn,Success
2026-03-19T14:03:32.397Z,DESKTOP-C332RF6$,SYSTEM,DESKTOP-C332RF6,Negotiate,5,LogOn,Success
2026-03-19T14:03:32.490Z,DESKTOP-C332RF6$,SYSTEM,DESKTOP-C332RF6,Negotiate,5,LogOn,Success
2026-03-19T14:03:35.885Z,DESKTOP-C332RF6$,UMFD-55,DESKTOP-C332RF6,Negotiate,2,LogOn,Success
2026-03-19T14:03:35.922Z,DESKTOP-C332RF6$,DWM-55,DESKTOP-C332RF6,Negotiate,2,LogOn,Success
2026-03-19T14:03:35.922Z,DESKTOP-C332RF6$,DWM-55,DESKTOP-C332RF6,Negotiate,2,LogOn,Success
2026-03-19T14:03:35.935Z,DESKTOP-C332RF6$,SYSTEM,DESKTOP-C332RF6,Negotiate,5,LogOn,Success
2026-03-19T14:03:35.987Z,DESKTOP-C332RF6$,SYSTEM,DESKTOP-C332RF6,Negotiate,5,LogOn,Success
2026-03-19T14:03:44.930Z,DESKTOP-C332RF6$,SYSTEM,DESKTOP-C332RF6,Negotiate,5,LogOn,Success
2026-03-19T14:03:45.228Z,,UMFD-54,DESKTOP-C332RF6,,2,LogOff,LogOff
2026-03-19T14:03:46.086Z,DESKTOP-C332RF6$,SYSTEM,DESKTOP-C332RF6,Negotiate,5,LogOn,Success
2026-03-19T14:03:46.398Z,DESKTOP-C332RF6$,SYSTEM,DESKTOP-C332RF6,Negotiate,5,LogOn,Success
2026-03-19T17:08:26.505Z,,DWM-54,DESKTOP-C332RF6,,2,LogOff,LogOff
2026-03-19T17:08:26.505Z,,DWM-54,DESKTOP-C332RF6,,2,LogOff,LogOff
2026-03-19T17:08:28.645Z,DESKTOP-C332RF6$,PC,DESKTOP-C332RF6,Negotiate,2,LogOn,Success
2026-03-19T17:08:28.645Z,DESKTOP-C332RF6$,PC,DESKTOP-C332RF6,Negotiate,2,LogOn,Success
2026-03-19T17:08:30.942Z,DESKTOP-C332RF6$,SYSTEM,DESKTOP-C332RF6,Negotiate,5,LogOn,Success
2026-03-19T17:08:37.864Z,DESKTOP-C332RF6$,SYSTEM,DESKTOP-C332RF6,Negotiate,5,LogOn,Success
2026-03-19T17:09:34.797Z,DESKTOP-C332RF6$,SYSTEM,DESKTOP-C332RF6,Negotiate,5,LogOn,Success
2026-03-19T17:10:12.597Z,DESKTOP-C332RF6$,SYSTEM,DESKTOP-C332RF6,Negotiate,5,LogOn,Success
2026-03-19T17:12:20.198Z,DESKTOP-C332RF6$,SYSTEM,DESKTOP-C332RF6,Negotiate,5,LogOn,Success
2026-03-19T17:18:28.262Z,DESKTOP-C332RF6$,SYSTEM,DESKTOP-C332RF6,Negotiate,5,LogOn,Success
2026-03-19T17:23:30.414Z,DESKTOP-C332RF6$,SYSTEM,DESKTOP-C332RF6,Negotiate,5,LogOn,Success
2026-03-19T17:24:25.030Z,DESKTOP-C332RF6$,SYSTEM,DESKTOP-C332RF6,Negotiate,5,LogOn,Success
2026-03-19T17:38:32.061Z,DESKTOP-C332RF6$,SYSTEM,DESKTOP-C332RF6,Negotiate,5,LogOn,Success
2026-03-19T17:53:11.186Z,DESKTOP-C332RF6$,SYSTEM,DESKTOP-C332RF6,Negotiate,5,LogOn,Success
2026-03-19T17:53:13.058Z,DESKTOP-C332RF6$,SYSTEM,DESKTOP-C332RF6,Negotiate,5,LogOn,Success
2026-03-19T18:00:43.102Z,DESKTOP-C332RF6$,SYSTEM,DESKTOP-C332RF6,Negotiate,5,LogOn,Success
2026-03-19T18:00:45.316Z,DESKTOP-C332RF6$,SYSTEM,DESKTOP-C332RF6,Negotiate,5,LogOn,Success
2026-03-19T18:01:03.046Z,DESKTOP-C332RF6$,SYSTEM,DESKTOP-C332RF6,Negotiate,5,LogOn,Success
2026-03-19T18:01:04.010Z,DESKTOP-C332RF6$,SYSTEM,DESKTOP-C332RF6,Negotiate,5,LogOn,Success
2026-03-19T18:02:18.237Z,DESKTOP-C332RF6$,UMFD-56,DESKTOP-C332RF6,Negotiate,2,LogOn,Success
2026-03-19T18:02:18.279Z,DESKTOP-C332RF6$,DWM-56,DESKTOP-C332RF6,Negotiate,2,LogOn,Success
2026-03-19T18:02:18.279Z,DESKTOP-C332RF6$,DWM-56,DESKTOP-C332RF6,Negotiate,2,LogOn,Success
2026-03-19T18:02:18.344Z,DESKTOP-C332RF6$,SYSTEM,DESKTOP-C332RF6,Negotiate,5,LogOn,Success
2026-03-19T18:02:18.507Z,DESKTOP-C332RF6$,SYSTEM,DESKTOP-C332RF6,Negotiate,5,LogOn,Success
2026-03-19T18:02:22.807Z,,UMFD-55,DESKTOP-C332RF6,,2,LogOff,LogOff
2026-03-19T18:02:22.874Z,DESKTOP-C332RF6$,SYSTEM,DESKTOP-C332RF6,Negotiate,5,LogOn,Success
2026-03-19T18:02:23.036Z,DESKTOP-C332RF6$,SYSTEM,DESKTOP-C332RF6,Negotiate,5,LogOn,Success
2026-03-19T18:02:23.949Z,DESKTOP-C332RF6$,SYSTEM,DESKTOP-C332RF6,Negotiate,5,LogOn,Success
2026-03-19T22:15:52.647Z,,DWM-55,DESKTOP-C332RF6,,2,LogOff,LogOff
2026-03-19T22:15:52.647Z,,DWM-55,DESKTOP-C332RF6,,2,LogOff,LogOff
2026-03-19T22:15:54.016Z,DESKTOP-C332RF6$,SYSTEM,DESKTOP-C332RF6,Negotiate,5,LogOn,Success
2026-03-19T22:15:54.586Z,DESKTOP-C332RF6$,PC,DESKTOP-C332RF6,Negotiate,2,LogOn,Success
2026-03-19T22:15:54.586Z,DESKTOP-C332RF6$,PC,DESKTOP-C332RF6,Negotiate,2,LogOn,Success
2026-03-19T22:16:04.536Z,DESKTOP-C332RF6$,SYSTEM,DESKTOP-C332RF6,Negotiate,5,LogOn,Success
2026-03-19T22:17:38.834Z,DESKTOP-C332RF6$,SYSTEM,DESKTOP-C332RF6,Negotiate,5,LogOn,Success
2026-03-19T22:20:56.638Z,DESKTOP-C332RF6$,SYSTEM,DESKTOP-C332RF6,Negotiate,5,LogOn,Success
2026-03-19T22:20:59.869Z,DESKTOP-C332RF6$,SYSTEM,DESKTOP-C332RF6,Negotiate,5,LogOn,Success
2026-03-19T22:24:44.601Z,DESKTOP-C332RF6$,SYSTEM,DESKTOP-C332RF6,Negotiate,5,LogOn,Success
2026-03-19T22:30:56.074Z,DESKTOP-C332RF6$,SYSTEM,DESKTOP-C332RF6,Negotiate,5,LogOn,Success
2026-03-19T22:30:56.377Z,DESKTOP-C332RF6$,SYSTEM,DESKTOP-C332RF6,Negotiate,5,LogOn,Success
2026-03-19T22:31:05.285Z,DESKTOP-C332RF6$,SYSTEM,DESKTOP-C332RF6,Negotiate,5,LogOn,Success
2026-03-19T22:31:05.397Z,DESKTOP-C332RF6$,SYSTEM,DESKTOP-C332RF6,Negotiate,5,LogOn,Success
2026-03-19T22:31:55.927Z,DESKTOP-C332RF6$,SYSTEM,DESKTOP-C332RF6,Negotiate,5,LogOn,Success
2026-03-19T22:35:23.000Z,DESKTOP-C332RF6$,SYSTEM,DESKTOP-C332RF6,Negotiate,5,LogOn,Success
2026-03-19T22:35:23.160Z,DESKTOP-C332RF6$,SYSTEM,DESKTOP-C332RF6,Negotiate,5,LogOn,Success
2026-03-19T22:36:18.171Z,DESKTOP-C332RF6$,SYSTEM,DESKTOP-C332RF6,Negotiate,5,LogOn,Success
2026-03-19T22:51:53.156Z,DESKTOP-C332RF6$,SYSTEM,DESKTOP-C332RF6,Negotiate,5,LogOn,Success
2026-03-19T22:51:56.101Z,DESKTOP-C332RF6$,SYSTEM,DESKTOP-C332RF6,Negotiate,5,LogOn,Success
2026-03-19T22:53:42.594Z,DESKTOP-C332RF6$,SYSTEM,DESKTOP-C332RF6,Negotiate,5,LogOn,Success
2026-03-19T22:55:55.264Z,DESKTOP-C332RF6$,SYSTEM,DESKTOP-C332RF6,Negotiate,5,LogOn,Success
2026-03-19T22:58:20.759Z,DESKTOP-C332RF6$,SYSTEM,DESKTOP-C332RF6,Negotiate,5,LogOn,Success
2026-03-19T22:59:02.527Z,DESKTOP-C332RF6$,SYSTEM,DESKTOP-C332RF6,Negotiate,5,LogOn,Success
2026-03-19T23:19:06.557Z,DESKTOP-C332RF6$,SYSTEM,DESKTOP-C332RF6,Negotiate,5,LogOn,Success
2026-03-19T23:20:26.640Z,DESKTOP-C332RF6$,SYSTEM,DESKTOP-C332RF6,Negotiate,5,LogOn,Success
2026-03-19T23:20:33.827Z,DESKTOP-C332RF6$,SYSTEM,DESKTOP-C332RF6,Negotiate,5,LogOn,Success
2026-03-19T23:21:27.194Z,DESKTOP-C332RF6$,UMFD-57,DESKTOP-C332RF6,Negotiate,2,LogOn,Success
2026-03-19T23:21:27.232Z,DESKTOP-C332RF6$,DWM-57,DESKTOP-C332RF6,Negotiate,2,LogOn,Success
2026-03-19T23:21:27.232Z,DESKTOP-C332RF6$,DWM-57,DESKTOP-C332RF6,Negotiate,2,LogOn,Success
2026-03-19T23:21:27.307Z,DESKTOP-C332RF6$,SYSTEM,DESKTOP-C332RF6,Negotiate,5,LogOn,Success
2026-03-19T23:21:36.006Z,DESKTOP-C332RF6$,SYSTEM,DESKTOP-C332RF6,Negotiate,5,LogOn,Success
2026-03-19T23:21:36.196Z,DESKTOP-C332RF6$,SYSTEM,DESKTOP-C332RF6,Negotiate,5,LogOn,Success
2026-03-19T23:21:36.313Z,,UMFD-56,DESKTOP-C332RF6,,2,LogOff,LogOff
2026-03-19T23:21:37.334Z,DESKTOP-C332RF6$,SYSTEM,DESKTOP-C332RF6,Negotiate,5,LogOn,Success
2026-03-21T11:01:58.507Z,,DWM-56,DESKTOP-C332RF6,,2,LogOff,LogOff
2026-03-21T11:01:58.507Z,,DWM-56,DESKTOP-C332RF6,,2,LogOff,LogOff
2026-03-21T11:01:59.190Z,DESKTOP-C332RF6$,SYSTEM,DESKTOP-C332RF6,Negotiate,5,LogOn,Success
2026-03-21T11:02:01.558Z,DESKTOP-C332RF6$,PC,DESKTOP-C332RF6,Negotiate,2,LogOn,Success
2026-03-21T11:02:01.558Z,DESKTOP-C332RF6$,PC,DESKTOP-C332RF6,Negotiate,2,LogOn,Success
2026-03-21T11:02:12.485Z,DESKTOP-C332RF6$,SYSTEM,DESKTOP-C332RF6,Negotiate,5,LogOn,Success
2026-03-21T11:07:03.690Z,DESKTOP-C332RF6$,SYSTEM,DESKTOP-C332RF6,Negotiate,5,LogOn,Success
2026-03-21T11:07:42.060Z,DESKTOP-C332RF6$,SYSTEM,DESKTOP-C332RF6,Negotiate,5,LogOn,Success
2026-03-21T11:07:57.593Z,DESKTOP-C332RF6$,SYSTEM,DESKTOP-C332RF6,Negotiate,5,LogOn,Success
2026-03-21T11:07:58.361Z,DESKTOP-C332RF6$,SYSTEM,DESKTOP-C332RF6,Negotiate,5,LogOn,Success
2026-03-21T11:07:58.407Z,DESKTOP-C332RF6$,SYSTEM,DESKTOP-C332RF6,Negotiate,5,LogOn,Success
2026-03-21T11:08:05.114Z,DESKTOP-C332RF6$,SYSTEM,DESKTOP-C332RF6,Negotiate,5,LogOn,Success
2026-03-21T11:10:45.245Z,DESKTOP-C332RF6$,SYSTEM,DESKTOP-C332RF6,Negotiate,5,LogOn,Success
2026-03-21T11:11:59.599Z,DESKTOP-C332RF6$,SYSTEM,DESKTOP-C332RF6,Negotiate,5,LogOn,Success
2026-03-21T11:12:29.218Z,DESKTOP-C332RF6$,SYSTEM,DESKTOP-C332RF6,Negotiate,5,LogOn,Success
2026-03-21T11:16:58.060Z,DESKTOP-C332RF6$,SYSTEM,DESKTOP-C332RF6,Negotiate,5,LogOn,Success
2026-03-21T11:17:03.291Z,DESKTOP-C332RF6$,SYSTEM,DESKTOP-C332RF6,Negotiate,5,LogOn,Success
2026-03-21T11:17:26.095Z,DESKTOP-C332RF6$,SYSTEM,DESKTOP-C332RF6,Negotiate,5,LogOn,Success
2026-03-21T11:21:45.940Z,DESKTOP-C332RF6$,SYSTEM,DESKTOP-C332RF6,Negotiate,5,LogOn,Success
2026-03-21T11:21:48.204Z,DESKTOP-C332RF6$,SYSTEM,DESKTOP-C332RF6,Negotiate,5,LogOn,Success
2026-03-21T11:22:35.484Z,DESKTOP-C332RF6$,SYSTEM,DESKTOP-C332RF6,Negotiate,5,LogOn,Success
2026-03-21T11:24:18.273Z,DESKTOP-C332RF6$,SYSTEM,DESKTOP-C332RF6,Negotiate,5,LogOn,Success
2026-03-21T11:25:31.779Z,DESKTOP-C332RF6$,SYSTEM,DESKTOP-C332RF6,Negotiate,5,LogOn,Success
2026-03-21T11:26:27.581Z,DESKTOP-C332RF6$,SYSTEM,DESKTOP-C332RF6,Negotiate,5,LogOn,Success
2026-03-21T11:26:27.612Z,DESKTOP-C332RF6$,SYSTEM,DESKTOP-C332RF6,Negotiate,5,LogOn,Success
2026-03-21T11:28:57.233Z,DESKTOP-C332RF6$,SYSTEM,DESKTOP-C332RF6,Negotiate,5,LogOn,Success
2026-03-21T11:28:58.942Z,DESKTOP-C332RF6$,SYSTEM,DESKTOP-C332RF6,Negotiate,5,LogOn,Success
2026-03-21T11:35:58.752Z,DESKTOP-C332RF6$,SYSTEM,DESKTOP-C332RF6,Negotiate,5,LogOn,Success
2026-03-21T12:06:45.325Z,DESKTOP-C332RF6$,SYSTEM,DESKTOP-C332RF6,Negotiate,5,LogOn,Success
2026-03-21T12:14:19.791Z,DESKTOP-C332RF6$,SYSTEM,DESKTOP-C332RF6,Negotiate,5,LogOn,Success
2026-03-21T12:14:40.266Z,DESKTOP-C332RF6$,SYSTEM,DESKTOP-C332RF6,Negotiate,5,LogOn,Success
2026-03-21T12:14:41.083Z,DESKTOP-C332RF6$,SYSTEM,DESKTOP-C332RF6,Negotiate,5,LogOn,Success
2026-03-21T12:14:41.649Z,DESKTOP-C332RF6$,SYSTEM,DESKTOP-C332RF6,Negotiate,5,LogOn,Success
2026-03-21T12:14:44.525Z,DESKTOP-C332RF6$,SYSTEM,DESKTOP-C332RF6,Negotiate,5,LogOn,Success
2026-03-21T12:14:44.689Z,DESKTOP-C332RF6$,SYSTEM,DESKTOP-C332RF6,Negotiate,5,LogOn,Success
2026-03-21T12:14:48.334Z,DESKTOP-C332RF6$,SYSTEM,DESKTOP-C332RF6,Negotiate,5,LogOn,Success
2026-03-21T12:14:52.669Z,DESKTOP-C332RF6$,SYSTEM,DESKTOP-C332RF6,Negotiate,5,LogOn,Success
2026-03-21T12:15:07.828Z,DESKTOP-C332RF6$,SYSTEM,DESKTOP-C332RF6,Negotiate,5,LogOn,Success
2026-03-21T12:20:17.309Z,DESKTOP-C332RF6$,SYSTEM,DESKTOP-C332RF6,Negotiate,5,LogOn,Success
2026-03-21T12:21:50.820Z,DESKTOP-C332RF6$,SYSTEM,DESKTOP-C332RF6,Negotiate,5,LogOn,Success
2026-03-21T12:35:58.324Z,DESKTOP-C332RF6$,SYSTEM,DESKTOP-C332RF6,Negotiate,5,LogOn,Success
2026-03-21T12:38:51.271Z,DESKTOP-C332RF6$,SYSTEM,DESKTOP-C332RF6,Negotiate,5,LogOn,Success
2026-03-21T12:39:12.687Z,DESKTOP-C332RF6$,SYSTEM,DESKTOP-C332RF6,Negotiate,5,LogOn,Success
2026-03-21T12:41:58.684Z,DESKTOP-C332RF6$,SYSTEM,DESKTOP-C332RF6,Negotiate,5,LogOn,Success
2026-03-21T12:41:58.719Z,DESKTOP-C332RF6$,SYSTEM,DESKTOP-C332RF6,Negotiate,5,LogOn,Success
2026-03-21T12:54:25.764Z,DESKTOP-C332RF6$,SYSTEM,DESKTOP-C332RF6,Negotiate,5,LogOn,Success
2026-03-21T12:54:26.013Z,DESKTOP-C332RF6$,SYSTEM,DESKTOP-C332RF6,Negotiate,5,LogOn,Success
2026-03-21T13:02:03.069Z,DESKTOP-C332RF6$,SYSTEM,DESKTOP-C332RF6,Negotiate,5,LogOn,Success
2026-03-21T13:02:03.159Z,DESKTOP-C332RF6$,SYSTEM,DESKTOP-C332RF6,Negotiate,5,LogOn,Success
2026-03-21T13:02:09.313Z,DESKTOP-C332RF6$,SYSTEM,DESKTOP-C332RF6,Negotiate,5,LogOn,Success
2026-03-21T13:02:29.771Z,DESKTOP-C332RF6$,SYSTEM,DESKTOP-C332RF6,Negotiate,5,LogOn,Success
2026-03-21T13:07:29.499Z,DESKTOP-C332RF6$,SYSTEM,DESKTOP-C332RF6,Negotiate,5,LogOn,Success
2026-03-21T13:32:25.719Z,DESKTOP-C332RF6$,SYSTEM,DESKTOP-C332RF6,Negotiate,5,LogOn,Success
2026-03-21T13:32:27.903Z,DESKTOP-C332RF6$,SYSTEM,DESKTOP-C332RF6,Negotiate,5,LogOn,Success
2026-03-21T14:02:05.646Z,DESKTOP-C332RF6$,SYSTEM,DESKTOP-C332RF6,Negotiate,5,LogOn,Success
2026-03-21T14:02:08.561Z,DESKTOP-C332RF6$,SYSTEM,DESKTOP-C332RF6,Negotiate,5,LogOn,Success
2026-03-21T14:17:14.265Z,DESKTOP-C332RF6$,SYSTEM,DESKTOP-C332RF6,Negotiate,5,LogOn,Success
2026-03-21T14:32:23.738Z,DESKTOP-C332RF6$,SYSTEM,DESKTOP-C332RF6,Negotiate,5,LogOn,Success
2026-03-21T14:32:25.837Z,DESKTOP-C332RF6$,SYSTEM,DESKTOP-C332RF6,Negotiate,5,LogOn,Success
2026-03-21T14:38:17.926Z,DESKTOP-C332RF6$,SYSTEM,DESKTOP-C332RF6,Negotiate,5,LogOn,Success
2026-03-21T15:02:23.309Z,DESKTOP-C332RF6$,SYSTEM,DESKTOP-C332RF6,Negotiate,5,LogOn,Success
2026-03-21T15:02:24.708Z,DESKTOP-C332RF6$,SYSTEM,DESKTOP-C332RF6,Negotiate,5,LogOn,Success
2026-03-21T15:32:21.786Z,DESKTOP-C332RF6$,SYSTEM,DESKTOP-C332RF6,Negotiate,5,LogOn,Success
2026-03-21T15:32:23.604Z,DESKTOP-C332RF6$,SYSTEM,DESKTOP-C332RF6,Negotiate,5,LogOn,Success
2026-03-21T15:36:48.206Z,DESKTOP-C332RF6$,SYSTEM,DESKTOP-C332RF6,Negotiate,5,LogOn,Success
2026-03-21T15:37:08.459Z,DESKTOP-C332RF6$,SYSTEM,DESKTOP-C332RF6,Negotiate,5,LogOn,Success
2026-03-21T15:37:08.557Z,DESKTOP-C332RF6$,SYSTEM,DESKTOP-C332RF6,Negotiate,5,LogOn,Success
2026-03-21T15:37:09.541Z,DESKTOP-C332RF6$,SYSTEM,DESKTOP-C332RF6,Negotiate,5,LogOn,Success
2026-03-21T15:40:50.221Z,DESKTOP-C332RF6$,SYSTEM,DESKTOP-C332RF6,Negotiate,5,LogOn,Success
2026-03-21T15:40:51.559Z,DESKTOP-C332RF6$,SYSTEM,DESKTOP-C332RF6,Negotiate,5,LogOn,Success
2026-03-21T15:40:52.868Z,DESKTOP-C332RF6$,SYSTEM,DESKTOP-C332RF6,Negotiate,5,LogOn,Success
2026-03-21T16:03:10.210Z,DESKTOP-C332RF6$,SYSTEM,DESKTOP-C332RF6,Negotiate,5,LogOn,Success
2026-03-21T16:06:45.328Z,DESKTOP-C332RF6$,SYSTEM,DESKTOP-C332RF6,Negotiate,5,LogOn,Success
2026-03-21T16:32:33.614Z,DESKTOP-C332RF6$,SYSTEM,DESKTOP-C332RF6,Negotiate,5,LogOn,Success
2026-03-21T16:32:33.693Z,DESKTOP-C332RF6$,SYSTEM,DESKTOP-C332RF6,Negotiate,5,LogOn,Success
2026-03-21T16:40:50.425Z,DESKTOP-C332RF6$,SYSTEM,DESKTOP-C332RF6,Negotiate,5,LogOn,Success
2026-03-21T17:06:45.322Z,DESKTOP-C332RF6$,SYSTEM,DESKTOP-C332RF6,Negotiate,5,LogOn,Success
2026-03-21T17:09:20.782Z,DESKTOP-C332RF6$,SYSTEM,DESKTOP-C332RF6,Negotiate,5,LogOn,Success
2026-03-21T17:09:25.850Z,DESKTOP-C332RF6$,SYSTEM,DESKTOP-C332RF6,Negotiate,5,LogOn,Success
2026-03-21T17:14:42.176Z,DESKTOP-C332RF6$,SYSTEM,DESKTOP-C332RF6,Negotiate,5,LogOn,Success
2026-03-21T17:25:19.071Z,DESKTOP-C332RF6$,SYSTEM,DESKTOP-C332RF6,Negotiate,5,LogOn,Success
2026-03-21T17:25:19.259Z,DESKTOP-C332RF6$,SYSTEM,DESKTOP-C332RF6,Negotiate,5,LogOn,Success
2026-03-21T17:32:20.523Z,DESKTOP-C332RF6$,SYSTEM,DESKTOP-C332RF6,Negotiate,5,LogOn,Success
2026-03-21T17:34:01.181Z,DESKTOP-C332RF6$,SYSTEM,DESKTOP-C332RF6,Negotiate,5,LogOn,Success
2026-03-21T17:57:55.518Z,DESKTOP-C332RF6$,SYSTEM,DESKTOP-C332RF6,Negotiate,5,LogOn,Success
2026-03-21T17:58:01.769Z,DESKTOP-C332RF6$,SYSTEM,DESKTOP-C332RF6,Negotiate,5,LogOn,Success
2026-03-21T17:58:08.593Z,DESKTOP-C332RF6$,SYSTEM,DESKTOP-C332RF6,Negotiate,5,LogOn,Success
2026-03-21T18:02:13.305Z,DESKTOP-C332RF6$,SYSTEM,DESKTOP-C332RF6,Negotiate,5,LogOn,Success
2026-03-21T18:02:44.212Z,DESKTOP-C332RF6$,SYSTEM,DESKTOP-C332RF6,Negotiate,5,LogOn,Success
2026-03-21T18:32:30.544Z,DESKTOP-C332RF6$,SYSTEM,DESKTOP-C332RF6,Negotiate,5,LogOn,Success
2026-03-21T18:32:30.622Z,DESKTOP-C332RF6$,SYSTEM,DESKTOP-C332RF6,Negotiate,5,LogOn,Success
2026-03-21T19:02:13.513Z,DESKTOP-C332RF6$,SYSTEM,DESKTOP-C332RF6,Negotiate,5,LogOn,Success
2026-03-21T19:06:45.310Z,DESKTOP-C332RF6$,SYSTEM,DESKTOP-C332RF6,Negotiate,5,LogOn,Success
2026-03-21T19:28:14.699Z,DESKTOP-C332RF6$,SYSTEM,DESKTOP-C332RF6,Negotiate,5,LogOn,Success
2026-03-21T19:28:17.802Z,DESKTOP-C332RF6$,UMFD-58,DESKTOP-C332RF6,Negotiate,2,LogOn,Success
2026-03-21T19:28:17.851Z,DESKTOP-C332RF6$,SYSTEM,DESKTOP-C332RF6,Negotiate,5,LogOn,Success
2026-03-21T19:28:17.856Z,DESKTOP-C332RF6$,DWM-58,DESKTOP-C332RF6,Negotiate,2,LogOn,Success
2026-03-21T19:28:17.857Z,DESKTOP-C332RF6$,DWM-58,DESKTOP-C332RF6,Negotiate,2,LogOn,Success
2026-03-21T19:28:17.918Z,DESKTOP-C332RF6$,SYSTEM,DESKTOP-C332RF6,Negotiate,5,LogOn,Success
2026-03-21T19:28:23.230Z,DESKTOP-C332RF6$,SYSTEM,DESKTOP-C332RF6,Negotiate,5,LogOn,Success
2026-03-21T19:28:23.242Z,,UMFD-57,DESKTOP-C332RF6,,2,LogOff,LogOff
2026-03-21T19:28:24.468Z,,DWM-57,DESKTOP-C332RF6,,2,LogOff,LogOff
2026-03-21T19:28:24.468Z,,DWM-57,DESKTOP-C332RF6,,2,LogOff,LogOff
2026-03-21T19:28:24.665Z,DESKTOP-C332RF6$,SYSTEM,DESKTOP-C332RF6,Negotiate,5,LogOn,Success
2026-03-21T21:05:20.565Z,DESKTOP-C332RF6$,SYSTEM,DESKTOP-C332RF6,Negotiate,5,LogOn,Success
2026-03-21T21:05:22.398Z,DESKTOP-C332RF6$,PC,DESKTOP-C332RF6,Negotiate,2,LogOn,Success
2026-03-21T21:05:22.398Z,DESKTOP-C332RF6$,PC,DESKTOP-C332RF6,Negotiate,2,LogOn,Success
2026-03-21T21:05:22.667Z,DESKTOP-C332RF6$,SYSTEM,DESKTOP-C332RF6,Negotiate,5,LogOn,Success
2026-03-21T21:05:28.454Z,DESKTOP-C332RF6$,SYSTEM,DESKTOP-C332RF6,Negotiate,5,LogOn,Success
2026-03-21T21:05:36.559Z,DESKTOP-C332RF6$,SYSTEM,DESKTOP-C332RF6,Negotiate,5,LogOn,Success
2026-03-21T21:06:32.835Z,DESKTOP-C332RF6$,SYSTEM,DESKTOP-C332RF6,Negotiate,5,LogOn,Success
2026-03-21T21:07:06.633Z,DESKTOP-C332RF6$,SYSTEM,DESKTOP-C332RF6,Negotiate,5,LogOn,Success
2026-03-21T21:08:44.065Z,DESKTOP-C332RF6$,SYSTEM,DESKTOP-C332RF6,Negotiate,5,LogOn,Success
2026-03-21T21:08:44.141Z,DESKTOP-C332RF6$,SYSTEM,DESKTOP-C332RF6,Negotiate,5,LogOn,Success
2026-03-21T21:08:45.116Z,DESKTOP-C332RF6$,SYSTEM,DESKTOP-C332RF6,Negotiate,5,LogOn,Success
2026-03-21T21:20:24.075Z,DESKTOP-C332RF6$,SYSTEM,DESKTOP-C332RF6,Negotiate,5,LogOn,Success
2026-03-21T21:20:29.768Z,DESKTOP-C332RF6$,SYSTEM,DESKTOP-C332RF6,Negotiate,5,LogOn,Success
2026-03-21T21:21:23.783Z,DESKTOP-C332RF6$,SYSTEM,DESKTOP-C332RF6,Negotiate,5,LogOn,Success
2026-03-21T21:35:29.834Z,DESKTOP-C332RF6$,SYSTEM,DESKTOP-C332RF6,Negotiate,5,LogOn,Success
2026-03-21T21:36:32.010Z,DESKTOP-C332RF6$,SYSTEM,DESKTOP-C332RF6,Negotiate,5,LogOn,Success
2026-03-21T21:46:10.988Z,DESKTOP-C332RF6$,SYSTEM,DESKTOP-C332RF6,Negotiate,5,LogOn,Success
2026-03-21T21:50:29.906Z,DESKTOP-C332RF6$,SYSTEM,DESKTOP-C332RF6,Negotiate,5,LogOn,Success
2026-03-21T21:52:44.029Z,DESKTOP-C332RF6$,SYSTEM,DESKTOP-C332RF6,Negotiate,5,LogOn,Success
2026-03-21T21:57:54.786Z,DESKTOP-C332RF6$,SYSTEM,DESKTOP-C332RF6,Negotiate,5,LogOn,Success
2026-03-21T21:57:58.221Z,DESKTOP-C332RF6$,SYSTEM,DESKTOP-C332RF6,Negotiate,5,LogOn,Success
2026-03-21T21:57:58.329Z,DESKTOP-C332RF6$,SYSTEM,DESKTOP-C332RF6,Negotiate,5,LogOn,Success
2026-03-21T21:58:11.141Z,DESKTOP-C332RF6$,UMFD-59,DESKTOP-C332RF6,Negotiate,2,LogOn,Success
2026-03-21T21:58:11.169Z,DESKTOP-C332RF6$,DWM-59,DESKTOP-C332RF6,Negotiate,2,LogOn,Success
2026-03-21T21:58:11.169Z,DESKTOP-C332RF6$,DWM-59,DESKTOP-C332RF6,Negotiate,2,LogOn,Success
2026-03-21T21:58:11.249Z,DESKTOP-C332RF6$,SYSTEM,DESKTOP-C332RF6,Negotiate,5,LogOn,Success
2026-03-21T21:58:20.213Z,DESKTOP-C332RF6$,SYSTEM,DESKTOP-C332RF6,Negotiate,5,LogOn,Success
2026-03-21T21:58:20.549Z,,UMFD-58,DESKTOP-C332RF6,,2,LogOff,LogOff
2026-03-21T21:58:21.539Z,DESKTOP-C332RF6$,SYSTEM,DESKTOP-C332RF6,Negotiate,5,LogOn,Success
2026-03-22T08:59:14.400Z,DESKTOP-C332RF6$,SYSTEM,DESKTOP-C332RF6,Negotiate,5,LogOn,Success
2026-03-22T08:59:14.685Z,,DWM-58,DESKTOP-C332RF6,,2,LogOff,LogOff
2026-03-22T08:59:14.686Z,,DWM-58,DESKTOP-C332RF6,,2,LogOff,LogOff
2026-03-22T08:59:16.581Z,DESKTOP-C332RF6$,PC,DESKTOP-C332RF6,Negotiate,2,LogOn,Success
2026-03-22T08:59:16.581Z,DESKTOP-C332RF6$,PC,DESKTOP-C332RF6,Negotiate,2,LogOn,Success
2026-03-22T08:59:18.859Z,DESKTOP-C332RF6$,SYSTEM,DESKTOP-C332RF6,Negotiate,5,LogOn,Success
2026-03-22T08:59:25.310Z,DESKTOP-C332RF6$,SYSTEM,DESKTOP-C332RF6,Negotiate,5,LogOn,Success
2026-03-22T09:01:02.119Z,DESKTOP-C332RF6$,SYSTEM,DESKTOP-C332RF6,Negotiate,5,LogOn,Success
2026-03-22T09:03:36.489Z,DESKTOP-C332RF6$,SYSTEM,DESKTOP-C332RF6,Negotiate,5,LogOn,Success
2026-03-22T09:04:00.135Z,DESKTOP-C332RF6$,SYSTEM,DESKTOP-C332RF6,Negotiate,5,LogOn,Success
2026-03-22T09:05:14.091Z,DESKTOP-C332RF6$,SYSTEM,DESKTOP-C332RF6,Negotiate,5,LogOn,Success
2026-03-22T09:05:14.133Z,DESKTOP-C332RF6$,SYSTEM,DESKTOP-C332RF6,Negotiate,5,LogOn,Success
2026-03-22T09:05:14.340Z,DESKTOP-C332RF6$,SYSTEM,DESKTOP-C332RF6,Negotiate,5,LogOn,Success
2026-03-22T09:14:18.166Z,DESKTOP-C332RF6$,SYSTEM,DESKTOP-C332RF6,Negotiate,5,LogOn,Success
2026-03-22T09:14:21.954Z,DESKTOP-C332RF6$,SYSTEM,DESKTOP-C332RF6,Negotiate,5,LogOn,Success
2026-03-22T09:14:40.923Z,DESKTOP-C332RF6$,SYSTEM,DESKTOP-C332RF6,Negotiate,5,LogOn,Success
2026-03-22T09:22:47.725Z,DESKTOP-C332RF6$,SYSTEM,DESKTOP-C332RF6,Negotiate,5,LogOn,Success
2026-03-22T09:27:18.942Z,DESKTOP-C332RF6$,SYSTEM,DESKTOP-C332RF6,Negotiate,5,LogOn,Success
2026-03-22T09:29:22.016Z,DESKTOP-C332RF6$,SYSTEM,DESKTOP-C332RF6,Negotiate,5,LogOn,Success
2026-03-22T09:30:26.758Z,DESKTOP-C332RF6$,SYSTEM,DESKTOP-C332RF6,Negotiate,5,LogOn,Success
2026-03-22T09:41:12.774Z,DESKTOP-C332RF6$,SYSTEM,DESKTOP-C332RF6,Negotiate,5,LogOn,Success
2026-03-22T09:44:22.084Z,DESKTOP-C332RF6$,SYSTEM,DESKTOP-C332RF6,Negotiate,5,LogOn,Success
2026-03-22T09:47:02.622Z,DESKTOP-C332RF6$,SYSTEM,DESKTOP-C332RF6,Negotiate,5,LogOn,Success
2026-03-22T09:53:16.066Z,DESKTOP-C332RF6$,SYSTEM,DESKTOP-C332RF6,Negotiate,5,LogOn,Success
2026-03-22T09:59:22.146Z,DESKTOP-C332RF6$,SYSTEM,DESKTOP-C332RF6,Negotiate,5,LogOn,Success
2026-03-22T10:02:04.130Z,DESKTOP-C332RF6$,SYSTEM,DESKTOP-C332RF6,Negotiate,5,LogOn,Success
2026-03-22T10:06:42.767Z,DESKTOP-C332RF6$,SYSTEM,DESKTOP-C332RF6,Negotiate,5,LogOn,Success
2026-03-22T10:13:09.983Z,DESKTOP-C332RF6$,SYSTEM,DESKTOP-C332RF6,Negotiate,5,LogOn,Success
2026-03-22T10:14:22.215Z,DESKTOP-C332RF6$,SYSTEM,DESKTOP-C332RF6,Negotiate,5,LogOn,Success
2026-03-22T10:29:22.275Z,DESKTOP-C332RF6$,SYSTEM,DESKTOP-C332RF6,Negotiate,5,LogOn,Success
2026-03-22T10:33:15.759Z,DESKTOP-C332RF6$,SYSTEM,DESKTOP-C332RF6,Negotiate,5,LogOn,Success
2026-03-22T10:42:50.597Z,DESKTOP-C332RF6$,SYSTEM,DESKTOP-C332RF6,Negotiate,5,LogOn,Success
2026-03-22T10:42:54.348Z,DESKTOP-C332RF6$,SYSTEM,DESKTOP-C332RF6,Negotiate,5,LogOn,Success
2026-03-22T10:46:58.000Z,DESKTOP-C332RF6$,SYSTEM,DESKTOP-C332RF6,Negotiate,5,LogOn,Success
2026-03-22T10:56:16.133Z,DESKTOP-C332RF6$,SYSTEM,DESKTOP-C332RF6,Negotiate,5,LogOn,Success
2026-03-22T10:59:17.986Z,DESKTOP-C332RF6$,SYSTEM,DESKTOP-C332RF6,Negotiate,5,LogOn,Success
2026-03-22T10:59:18.025Z,DESKTOP-C332RF6$,SYSTEM,DESKTOP-C332RF6,Negotiate,5,LogOn,Success
2026-03-22T10:59:21.561Z,DESKTOP-C332RF6$,SYSTEM,DESKTOP-C332RF6,Negotiate,5,LogOn,Success
2026-03-22T10:59:22.334Z,DESKTOP-C332RF6$,SYSTEM,DESKTOP-C332RF6,Negotiate,5,LogOn,Success
2026-03-22T11:03:07.952Z,DESKTOP-C332RF6$,SYSTEM,DESKTOP-C332RF6,Negotiate,5,LogOn,Success
2026-03-22T11:08:08.281Z,DESKTOP-C332RF6$,SYSTEM,DESKTOP-C332RF6,Negotiate,5,LogOn,Success
2026-03-22T11:08:08.337Z,DESKTOP-C332RF6$,SYSTEM,DESKTOP-C332RF6,Negotiate,5,LogOn,Success
2026-03-22T11:13:10.188Z,DESKTOP-C332RF6$,SYSTEM,DESKTOP-C332RF6,Negotiate,5,LogOn,Success
2026-03-22T11:13:10.979Z,DESKTOP-C332RF6$,SYSTEM,DESKTOP-C332RF6,Negotiate,5,LogOn,Success
2026-03-22T11:13:11.176Z,DESKTOP-C332RF6$,SYSTEM,DESKTOP-C332RF6,Negotiate,5,LogOn,Success
2026-03-22T11:14:22.390Z,DESKTOP-C332RF6$,SYSTEM,DESKTOP-C332RF6,Negotiate,5,LogOn,Success
2026-03-22T11:26:24.577Z,DESKTOP-C332RF6$,SYSTEM,DESKTOP-C332RF6,Negotiate,5,LogOn,Success
2026-03-22T11:41:28.727Z,DESKTOP-C332RF6$,SYSTEM,DESKTOP-C332RF6,Negotiate,5,LogOn,Success
2026-03-22T11:47:02.911Z,DESKTOP-C332RF6$,SYSTEM,DESKTOP-C332RF6,Negotiate,5,LogOn,Success
2026-03-22T12:13:15.465Z,DESKTOP-C332RF6$,SYSTEM,DESKTOP-C332RF6,Negotiate,5,LogOn,Success
2026-03-22T12:40:32.830Z,DESKTOP-C332RF6$,SYSTEM,DESKTOP-C332RF6,Negotiate,5,LogOn,Success
2026-03-22T12:40:32.881Z,DESKTOP-C332RF6$,SYSTEM,DESKTOP-C332RF6,Negotiate,5,LogOn,Success
2026-03-22T12:40:34.549Z,DESKTOP-C332RF6$,SYSTEM,DESKTOP-C332RF6,Negotiate,5,LogOn,Success
2026-03-22T12:40:37.600Z,DESKTOP-C332RF6$,PC,DESKTOP-C332RF6,Negotiate,2,LogOn,Success
2026-03-22T12:40:37.600Z,DESKTOP-C332RF6$,PC,DESKTOP-C332RF6,Negotiate,2,LogOn,Success
2026-03-22T12:40:37.601Z,,PC,DESKTOP-C332RF6,,2,LogOff,LogOff
2026-03-22T12:40:37.601Z,,PC,DESKTOP-C332RF6,,2,LogOff,LogOff
2026-03-22T12:40:38.831Z,DESKTOP-C332RF6$,SYSTEM,DESKTOP-C332RF6,Negotiate,5,LogOn,Success
2026-03-22T12:44:40.013Z,DESKTOP-C332RF6$,SYSTEM,DESKTOP-C332RF6,Negotiate,5,LogOn,Success
2026-03-22T12:45:41.853Z,DESKTOP-C332RF6$,SYSTEM,DESKTOP-C332RF6,Negotiate,5,LogOn,Success
2026-03-22T12:45:47.005Z,DESKTOP-C332RF6$,SYSTEM,DESKTOP-C332RF6,Negotiate,5,LogOn,Success
2026-03-22T12:45:57.689Z,DESKTOP-C332RF6$,SYSTEM,DESKTOP-C332RF6,Negotiate,5,LogOn,Success
2026-03-22T12:53:27.002Z,DESKTOP-C332RF6$,SYSTEM,DESKTOP-C332RF6,Negotiate,5,LogOn,Success
2026-03-22T12:53:28.705Z,DESKTOP-C332RF6$,SYSTEM,DESKTOP-C332RF6,Negotiate,5,LogOn,Success
2026-03-22T12:53:28.785Z,DESKTOP-C332RF6$,SYSTEM,DESKTOP-C332RF6,Negotiate,5,LogOn,Success
2026-03-22T12:53:29.770Z,DESKTOP-C332RF6$,SYSTEM,DESKTOP-C332RF6,Negotiate,5,LogOn,Success
2026-03-22T12:53:32.394Z,DESKTOP-C332RF6$,SYSTEM,DESKTOP-C332RF6,Negotiate,5,LogOn,Success
2026-03-22T12:56:33.391Z,DESKTOP-C332RF6$,SYSTEM,DESKTOP-C332RF6,Negotiate,5,LogOn,Success
2026-03-22T13:06:45.158Z,DESKTOP-C332RF6$,SYSTEM,DESKTOP-C332RF6,Negotiate,5,LogOn,Success
2026-03-22T13:08:51.837Z,DESKTOP-C332RF6$,SYSTEM,DESKTOP-C332RF6,Negotiate,5,LogOn,Success
2026-03-22T13:11:33.460Z,DESKTOP-C332RF6$,SYSTEM,DESKTOP-C332RF6,Negotiate,5,LogOn,Success
2026-03-22T13:26:33.522Z,DESKTOP-C332RF6$,SYSTEM,DESKTOP-C332RF6,Negotiate,5,LogOn,Success
2026-03-22T13:41:33.586Z,DESKTOP-C332RF6$,SYSTEM,DESKTOP-C332RF6,Negotiate,5,LogOn,Success
2026-03-22T13:47:15.449Z,DESKTOP-C332RF6$,SYSTEM,DESKTOP-C332RF6,Negotiate,5,LogOn,Success
2026-03-22T13:52:55.038Z,DESKTOP-C332RF6$,SYSTEM,DESKTOP-C332RF6,Negotiate,5,LogOn,Success
2026-03-22T14:00:26.495Z,DESKTOP-C332RF6$,SYSTEM,DESKTOP-C332RF6,Negotiate,5,LogOn,Success
2026-03-22T14:06:45.763Z,DESKTOP-C332RF6$,SYSTEM,DESKTOP-C332RF6,Negotiate,5,LogOn,Success
2026-03-22T14:10:53.284Z,DESKTOP-C332RF6$,SYSTEM,DESKTOP-C332RF6,Negotiate,5,LogOn,Success
2026-03-22T14:10:54.881Z,DESKTOP-C332RF6$,SYSTEM,DESKTOP-C332RF6,Negotiate,5,LogOn,Success
2026-03-22T14:11:33.669Z,DESKTOP-C332RF6$,SYSTEM,DESKTOP-C332RF6,Negotiate,5,LogOn,Success
2026-03-22T14:25:15.726Z,DESKTOP-C332RF6$,SYSTEM,DESKTOP-C332RF6,Negotiate,5,LogOn,Success
2026-03-22T14:25:18.577Z,DESKTOP-C332RF6$,SYSTEM,DESKTOP-C332RF6,Negotiate,5,LogOn,Success
2026-03-22T14:25:23.425Z,DESKTOP-C332RF6$,SYSTEM,DESKTOP-C332RF6,Negotiate,5,LogOn,Success
2026-03-22T14:38:07.130Z,DESKTOP-C332RF6$,SYSTEM,DESKTOP-C332RF6,Negotiate,5,LogOn,Success
2026-03-22T14:38:22.623Z,DESKTOP-C332RF6$,SYSTEM,DESKTOP-C332RF6,Negotiate,5,LogOn,Success
2026-03-22T14:38:24.665Z,DESKTOP-C332RF6$,SYSTEM,DESKTOP-C332RF6,Negotiate,5,LogOn,Success
2026-03-22T14:38:30.298Z,DESKTOP-C332RF6$,UMFD-60,DESKTOP-C332RF6,Negotiate,2,LogOn,Success
2026-03-22T14:38:30.339Z,DESKTOP-C332RF6$,DWM-60,DESKTOP-C332RF6,Negotiate,2,LogOn,Success
2026-03-22T14:38:30.339Z,DESKTOP-C332RF6$,DWM-60,DESKTOP-C332RF6,Negotiate,2,LogOn,Success
2026-03-22T14:38:30.348Z,DESKTOP-C332RF6$,SYSTEM,DESKTOP-C332RF6,Negotiate,5,LogOn,Success
2026-03-22T14:38:30.407Z,DESKTOP-C332RF6$,SYSTEM,DESKTOP-C332RF6,Negotiate,5,LogOn,Success
2026-03-22T14:38:31.196Z,DESKTOP-C332RF6$,SYSTEM,DESKTOP-C332RF6,Negotiate,5,LogOn,Success
2026-03-22T14:38:39.395Z,DESKTOP-C332RF6$,SYSTEM,DESKTOP-C332RF6,Negotiate,5,LogOn,Success
2026-03-22T14:38:39.649Z,,UMFD-59,DESKTOP-C332RF6,,2,LogOff,LogOff
2026-03-22T14:38:40.664Z,DESKTOP-C332RF6$,SYSTEM,DESKTOP-C332RF6,Negotiate,5,LogOn,Success
2026-03-22T16:50:34.510Z,,DWM-59,DESKTOP-C332RF6,,2,LogOff,LogOff
2026-03-22T16:50:34.510Z,,DWM-59,DESKTOP-C332RF6,,2,LogOff,LogOff
2026-03-22T16:50:36.889Z,DESKTOP-C332RF6$,PC,DESKTOP-C332RF6,Negotiate,2,LogOn,Success
2026-03-22T16:50:36.889Z,DESKTOP-C332RF6$,PC,DESKTOP-C332RF6,Negotiate,2,LogOn,Success
2026-03-22T16:50:37.650Z,DESKTOP-C332RF6$,SYSTEM,DESKTOP-C332RF6,Negotiate,5,LogOn,Success
2026-03-22T16:50:50.684Z,DESKTOP-C332RF6$,SYSTEM,DESKTOP-C332RF6,Negotiate,5,LogOn,Success
2026-03-22T16:52:20.714Z,DESKTOP-C332RF6$,SYSTEM,DESKTOP-C332RF6,Negotiate,5,LogOn,Success
2026-03-22T17:01:05.900Z,DESKTOP-C332RF6$,SYSTEM,DESKTOP-C332RF6,Negotiate,5,LogOn,Success
2026-03-22T17:05:38.571Z,DESKTOP-C332RF6$,SYSTEM,DESKTOP-C332RF6,Negotiate,5,LogOn,Success
2026-03-22T17:05:42.178Z,DESKTOP-C332RF6$,SYSTEM,DESKTOP-C332RF6,Negotiate,5,LogOn,Success
2026-03-22T17:06:38.182Z,DESKTOP-C332RF6$,SYSTEM,DESKTOP-C332RF6,Negotiate,5,LogOn,Success
2026-03-22T17:19:25.149Z,DESKTOP-C332RF6$,SYSTEM,DESKTOP-C332RF6,Negotiate,5,LogOn,Success
2026-03-22T17:20:42.250Z,DESKTOP-C332RF6$,SYSTEM,DESKTOP-C332RF6,Negotiate,5,LogOn,Success
2026-03-22T17:21:46.320Z,DESKTOP-C332RF6$,SYSTEM,DESKTOP-C332RF6,Negotiate,5,LogOn,Success
2026-03-22T17:27:27.129Z,DESKTOP-C332RF6$,SYSTEM,DESKTOP-C332RF6,Negotiate,5,LogOn,Success
2026-03-22T17:27:27.289Z,DESKTOP-C332RF6$,SYSTEM,DESKTOP-C332RF6,Negotiate,5,LogOn,Success
2026-03-22T17:31:23.636Z,DESKTOP-C332RF6$,SYSTEM,DESKTOP-C332RF6,Negotiate,5,LogOn,Success
2026-03-22T17:35:42.306Z,DESKTOP-C332RF6$,SYSTEM,DESKTOP-C332RF6,Negotiate,5,LogOn,Success
2026-03-22T17:52:11.930Z,DESKTOP-C332RF6$,SYSTEM,DESKTOP-C332RF6,Negotiate,5,LogOn,Success
2026-03-22T17:53:12.876Z,DESKTOP-C332RF6$,SYSTEM,DESKTOP-C332RF6,Negotiate,5,LogOn,Success
2026-03-22T17:53:17.427Z,DESKTOP-C332RF6$,SYSTEM,DESKTOP-C332RF6,Negotiate,5,LogOn,Success
2026-03-22T18:05:43.877Z,DESKTOP-C332RF6$,SYSTEM,DESKTOP-C332RF6,Negotiate,5,LogOn,Success
2026-03-22T18:05:47.541Z,DESKTOP-C332RF6$,SYSTEM,DESKTOP-C332RF6,Negotiate,5,LogOn,Success
2026-03-22T18:05:48.204Z,DESKTOP-C332RF6$,SYSTEM,DESKTOP-C332RF6,Negotiate,5,LogOn,Success
2026-03-22T18:06:35.140Z,DESKTOP-C332RF6$,SYSTEM,DESKTOP-C332RF6,Negotiate,5,LogOn,Success
2026-03-22T18:11:58.345Z,DESKTOP-C332RF6$,SYSTEM,DESKTOP-C332RF6,Negotiate,5,LogOn,Success
2026-03-22T18:11:58.426Z,DESKTOP-C332RF6$,SYSTEM,DESKTOP-C332RF6,Negotiate,5,LogOn,Success
2026-03-22T18:11:59.415Z,DESKTOP-C332RF6$,SYSTEM,DESKTOP-C332RF6,Negotiate,5,LogOn,Success
2026-03-22T18:11:59.526Z,DESKTOP-C332RF6$,SYSTEM,DESKTOP-C332RF6,Negotiate,5,LogOn,Success
2026-03-22T18:18:37.243Z,DESKTOP-C332RF6$,SYSTEM,DESKTOP-C332RF6,Negotiate,5,LogOn,Success
2026-03-22T18:19:15.462Z,DESKTOP-C332RF6$,SYSTEM,DESKTOP-C332RF6,Negotiate,5,LogOn,Success
2026-03-22T18:24:53.075Z,DESKTOP-C332RF6$,SYSTEM,DESKTOP-C332RF6,Negotiate,5,LogOn,Success
2026-03-22T18:24:54.369Z,DESKTOP-C332RF6$,SYSTEM,DESKTOP-C332RF6,Negotiate,5,LogOn,Success
2026-03-22T18:27:35.332Z,DESKTOP-C332RF6$,SYSTEM,DESKTOP-C332RF6,Negotiate,5,LogOn,Success
2026-03-22T18:50:38.350Z,DESKTOP-C332RF6$,SYSTEM,DESKTOP-C332RF6,Negotiate,5,LogOn,Success
2026-03-22T18:50:38.389Z,DESKTOP-C332RF6$,SYSTEM,DESKTOP-C332RF6,Negotiate,5,LogOn,Success
2026-03-22T18:50:41.999Z,DESKTOP-C332RF6$,SYSTEM,DESKTOP-C332RF6,Negotiate,5,LogOn,Success
2026-03-22T18:52:20.927Z,DESKTOP-C332RF6$,SYSTEM,DESKTOP-C332RF6,Negotiate,5,LogOn,Success
2026-03-22T18:52:26.821Z,DESKTOP-C332RF6$,SYSTEM,DESKTOP-C332RF6,Negotiate,5,LogOn,Success
2026-03-22T18:58:32.898Z,DESKTOP-C332RF6$,SYSTEM,DESKTOP-C332RF6,Negotiate,5,LogOn,Success
2026-03-22T18:58:32.937Z,DESKTOP-C332RF6$,SYSTEM,DESKTOP-C332RF6,Negotiate,5,LogOn,Success
2026-03-22T19:13:36.618Z,DESKTOP-C332RF6$,SYSTEM,DESKTOP-C332RF6,Negotiate,5,LogOn,Success
2026-03-22T19:58:59.262Z,DESKTOP-C332RF6$,SYSTEM,DESKTOP-C332RF6,Negotiate,5,LogOn,Success
2026-03-22T19:59:02.288Z,DESKTOP-C332RF6$,SYSTEM,DESKTOP-C332RF6,Negotiate,5,LogOn,Success
2026-03-22T19:59:20.486Z,DESKTOP-C332RF6$,SYSTEM,DESKTOP-C332RF6,Negotiate,5,LogOn,Success
2026-03-22T20:42:11.016Z,DESKTOP-C332RF6$,SYSTEM,DESKTOP-C332RF6,Negotiate,5,LogOn,Success
2026-03-22T20:42:11.080Z,DESKTOP-C332RF6$,SYSTEM,DESKTOP-C332RF6,Negotiate,5,LogOn,Success
2026-03-22T20:42:11.806Z,DESKTOP-C332RF6$,SYSTEM,DESKTOP-C332RF6,Negotiate,5,LogOn,Success
2026-03-22T20:42:12.794Z,DESKTOP-C332RF6$,SYSTEM,DESKTOP-C332RF6,Negotiate,5,LogOn,Success
2026-03-22T20:42:15.063Z,DESKTOP-C332RF6$,PC,DESKTOP-C332RF6,Negotiate,2,LogOn,Success
2026-03-22T20:42:15.063Z,DESKTOP-C332RF6$,PC,DESKTOP-C332RF6,Negotiate,2,LogOn,Success
2026-03-22T20:42:15.064Z,,PC,DESKTOP-C332RF6,,2,LogOff,LogOff
2026-03-22T20:42:15.064Z,,PC,DESKTOP-C332RF6,,2,LogOff,LogOff
2026-03-22T20:42:28.599Z,DESKTOP-C332RF6$,SYSTEM,DESKTOP-C332RF6,Negotiate,5,LogOn,Success
2026-03-22T20:51:07.485Z,DESKTOP-C332RF6$,SYSTEM,DESKTOP-C332RF6,Negotiate,5,LogOn,Success
2026-03-22T20:58:02.987Z,DESKTOP-C332RF6$,SYSTEM,DESKTOP-C332RF6,Negotiate,5,LogOn,Success
2026-03-22T20:59:37.858Z,DESKTOP-C332RF6$,SYSTEM,DESKTOP-C332RF6,Negotiate,5,LogOn,Success
2026-03-22T21:02:22.644Z,DESKTOP-C332RF6$,UMFD-61,DESKTOP-C332RF6,Negotiate,2,LogOn,Success
2026-03-22T21:02:22.677Z,DESKTOP-C332RF6$,DWM-61,DESKTOP-C332RF6,Negotiate,2,LogOn,Success
2026-03-22T21:02:22.677Z,DESKTOP-C332RF6$,DWM-61,DESKTOP-C332RF6,Negotiate,2,LogOn,Success
2026-03-22T21:02:22.681Z,DESKTOP-C332RF6$,SYSTEM,DESKTOP-C332RF6,Negotiate,5,LogOn,Success
2026-03-22T21:02:22.744Z,DESKTOP-C332RF6$,SYSTEM,DESKTOP-C332RF6,Negotiate,5,LogOn,Success
2026-03-22T21:02:22.883Z,DESKTOP-C332RF6$,SYSTEM,DESKTOP-C332RF6,Negotiate,5,LogOn,Success
2026-03-22T21:02:22.989Z,DESKTOP-C332RF6$,SYSTEM,DESKTOP-C332RF6,Negotiate,5,LogOn,Success
2026-03-22T21:02:27.821Z,,UMFD-60,DESKTOP-C332RF6,,2,LogOff,LogOff
2026-03-22T21:02:27.888Z,DESKTOP-C332RF6$,SYSTEM,DESKTOP-C332RF6,Negotiate,5,LogOn,Success
2026-03-22T21:02:32.058Z,,DWM-60,DESKTOP-C332RF6,,2,LogOff,LogOff
2026-03-22T21:02:32.058Z,,DWM-60,DESKTOP-C332RF6,,2,LogOff,LogOff
2026-03-22T21:02:32.401Z,DESKTOP-C332RF6$,SYSTEM,DESKTOP-C332RF6,Negotiate,5,LogOn,Success
2026-03-23T10:10:42.373Z,DESKTOP-C332RF6$,PC,DESKTOP-C332RF6,Negotiate,2,LogOn,Success
2026-03-23T10:10:42.373Z,DESKTOP-C332RF6$,PC,DESKTOP-C332RF6,Negotiate,2,LogOn,Success
2026-03-23T10:10:45.284Z,DESKTOP-C332RF6$,SYSTEM,DESKTOP-C332RF6,Negotiate,5,LogOn,Success
2026-03-23T10:10:52.234Z,DESKTOP-C332RF6$,SYSTEM,DESKTOP-C332RF6,Negotiate,5,LogOn,Success
2026-03-23T10:11:49.094Z,DESKTOP-C332RF6$,SYSTEM,DESKTOP-C332RF6,Negotiate,5,LogOn,Success
2026-03-23T10:12:26.617Z,DESKTOP-C332RF6$,SYSTEM,DESKTOP-C332RF6,Negotiate,5,LogOn,Success
2026-03-23T10:15:01.371Z,DESKTOP-C332RF6$,SYSTEM,DESKTOP-C332RF6,Negotiate,5,LogOn,Success
2026-03-23T10:16:40.269Z,DESKTOP-C332RF6$,SYSTEM,DESKTOP-C332RF6,Negotiate,5,LogOn,Success
2026-03-23T10:16:40.316Z,DESKTOP-C332RF6$,SYSTEM,DESKTOP-C332RF6,Negotiate,5,LogOn,Success
2026-03-23T10:17:11.834Z,DESKTOP-C332RF6$,SYSTEM,DESKTOP-C332RF6,Negotiate,5,LogOn,Success
2026-03-23T10:17:16.071Z,DESKTOP-C332RF6$,SYSTEM,DESKTOP-C332RF6,Negotiate,5,LogOn,Success
2026-03-23T10:18:47.521Z,DESKTOP-C332RF6$,SYSTEM,DESKTOP-C332RF6,Negotiate,5,LogOn,Success
2026-03-23T10:19:16.525Z,DESKTOP-C332RF6$,SYSTEM,DESKTOP-C332RF6,Negotiate,5,LogOn,Success
2026-03-23T10:19:16.718Z,DESKTOP-C332RF6$,SYSTEM,DESKTOP-C332RF6,Negotiate,5,LogOn,Success
2026-03-23T10:24:15.765Z,DESKTOP-C332RF6$,SYSTEM,DESKTOP-C332RF6,Negotiate,5,LogOn,Success
2026-03-23T10:25:44.753Z,DESKTOP-C332RF6$,SYSTEM,DESKTOP-C332RF6,Negotiate,5,LogOn,Success
2026-03-23T10:26:01.618Z,DESKTOP-C332RF6$,SYSTEM,DESKTOP-C332RF6,Negotiate,5,LogOn,Success
2026-03-23T10:37:04.707Z,DESKTOP-C332RF6$,SYSTEM,DESKTOP-C332RF6,Negotiate,5,LogOn,Success
2026-03-23T10:37:08.904Z,DESKTOP-C332RF6$,SYSTEM,DESKTOP-C332RF6,Negotiate,5,LogOn,Success
2026-03-23T10:39:09.343Z,DESKTOP-C332RF6$,SYSTEM,DESKTOP-C332RF6,Negotiate,5,LogOn,Success
2026-03-23T10:39:09.550Z,DESKTOP-C332RF6$,SYSTEM,DESKTOP-C332RF6,Negotiate,5,LogOn,Success
2026-03-23T10:40:46.922Z,DESKTOP-C332RF6$,SYSTEM,DESKTOP-C332RF6,Negotiate,5,LogOn,Success
2026-03-23T10:45:09.203Z,DESKTOP-C332RF6$,SYSTEM,DESKTOP-C332RF6,Negotiate,5,LogOn,Success
2026-03-23T10:50:58.881Z,DESKTOP-C332RF6$,SYSTEM,DESKTOP-C332RF6,Negotiate,5,LogOn,Success
2026-03-23T10:51:29.027Z,DESKTOP-C332RF6$,SYSTEM,DESKTOP-C332RF6,Negotiate,5,LogOn,Success
2026-03-23T10:51:30.201Z,DESKTOP-C332RF6$,SYSTEM,DESKTOP-C332RF6,Negotiate,5,LogOn,Success
2026-03-23T10:55:46.976Z,DESKTOP-C332RF6$,SYSTEM,DESKTOP-C332RF6,Negotiate,5,LogOn,Success
2026-03-23T10:57:04.467Z,DESKTOP-C332RF6$,SYSTEM,DESKTOP-C332RF6,Negotiate,5,LogOn,Success
2026-03-23T10:57:08.678Z,DESKTOP-C332RF6$,SYSTEM,DESKTOP-C332RF6,Negotiate,5,LogOn,Success
2026-03-23T10:59:09.304Z,DESKTOP-C332RF6$,SYSTEM,DESKTOP-C332RF6,Negotiate,5,LogOn,Success
2026-03-23T10:59:09.520Z,DESKTOP-C332RF6$,SYSTEM,DESKTOP-C332RF6,Negotiate,5,LogOn,Success
2026-03-23T11:03:07.103Z,DESKTOP-C332RF6$,SYSTEM,DESKTOP-C332RF6,Negotiate,5,LogOn,Success
2026-03-23T11:06:38.175Z,DESKTOP-C332RF6$,SYSTEM,DESKTOP-C332RF6,Negotiate,5,LogOn,Success
2026-03-23T11:08:10.405Z,DESKTOP-C332RF6$,SYSTEM,DESKTOP-C332RF6,Negotiate,5,LogOn,Success
2026-03-23T11:08:10.485Z,DESKTOP-C332RF6$,SYSTEM,DESKTOP-C332RF6,Negotiate,5,LogOn,Success
2026-03-23T11:10:47.032Z,DESKTOP-C332RF6$,SYSTEM,DESKTOP-C332RF6,Negotiate,5,LogOn,Success
2026-03-23T11:16:40.314Z,DESKTOP-C332RF6$,SYSTEM,DESKTOP-C332RF6,Negotiate,5,LogOn,Success
2026-03-23T11:17:05.104Z,DESKTOP-C332RF6$,SYSTEM,DESKTOP-C332RF6,Negotiate,5,LogOn,Success
2026-03-23T11:17:09.334Z,DESKTOP-C332RF6$,SYSTEM,DESKTOP-C332RF6,Negotiate,5,LogOn,Success
2026-03-23T11:19:09.871Z,DESKTOP-C332RF6$,SYSTEM,DESKTOP-C332RF6,Negotiate,5,LogOn,Success
2026-03-23T11:19:10.075Z,DESKTOP-C332RF6$,SYSTEM,DESKTOP-C332RF6,Negotiate,5,LogOn,Success
2026-03-23T11:22:06.416Z,DESKTOP-C332RF6$,SYSTEM,DESKTOP-C332RF6,Negotiate,5,LogOn,Success
2026-03-23T11:25:50.457Z,DESKTOP-C332RF6$,SYSTEM,DESKTOP-C332RF6,Negotiate,5,LogOn,Success
2026-03-23T11:25:55.186Z,DESKTOP-C332RF6$,SYSTEM,DESKTOP-C332RF6,Negotiate,5,LogOn,Success
2026-03-23T11:31:42.317Z,DESKTOP-C332RF6$,SYSTEM,DESKTOP-C332RF6,Negotiate,5,LogOn,Success
2026-03-23T11:31:42.692Z,DESKTOP-C332RF6$,SYSTEM,DESKTOP-C332RF6,Negotiate,5,LogOn,Success
2026-03-23T11:31:45.565Z,DESKTOP-C332RF6$,SYSTEM,DESKTOP-C332RF6,Negotiate,5,LogOn,Success
2026-03-23T11:31:45.992Z,DESKTOP-C332RF6$,SYSTEM,DESKTOP-C332RF6,Negotiate,5,LogOn,Success
2026-03-23T11:37:03.531Z,DESKTOP-C332RF6$,SYSTEM,DESKTOP-C332RF6,Negotiate,5,LogOn,Success
2026-03-23T11:37:07.746Z,DESKTOP-C332RF6$,SYSTEM,DESKTOP-C332RF6,Negotiate,5,LogOn,Success
2026-03-23T11:38:49.533Z,DESKTOP-C332RF6$,SYSTEM,DESKTOP-C332RF6,Negotiate,5,LogOn,Success
2026-03-23T11:39:08.253Z,DESKTOP-C332RF6$,SYSTEM,DESKTOP-C332RF6,Negotiate,5,LogOn,Success
2026-03-23T11:39:08.469Z,DESKTOP-C332RF6$,SYSTEM,DESKTOP-C332RF6,Negotiate,5,LogOn,Success
2026-03-23T11:41:19.812Z,DESKTOP-C332RF6$,SYSTEM,DESKTOP-C332RF6,Negotiate,5,LogOn,Success
2026-03-23T11:41:21.895Z,DESKTOP-C332RF6$,SYSTEM,DESKTOP-C332RF6,Negotiate,5,LogOn,Success
2026-03-23T11:57:03.598Z,DESKTOP-C332RF6$,SYSTEM,DESKTOP-C332RF6,Negotiate,5,LogOn,Success
2026-03-23T11:57:07.806Z,DESKTOP-C332RF6$,SYSTEM,DESKTOP-C332RF6,Negotiate,5,LogOn,Success
2026-03-23T11:59:08.312Z,DESKTOP-C332RF6$,SYSTEM,DESKTOP-C332RF6,Negotiate,5,LogOn,Success
2026-03-23T11:59:08.531Z,DESKTOP-C332RF6$,SYSTEM,DESKTOP-C332RF6,Negotiate,5,LogOn,Success
2026-03-23T12:06:45.039Z,DESKTOP-C332RF6$,SYSTEM,DESKTOP-C332RF6,Negotiate,5,LogOn,Success
2026-03-23T12:06:57.250Z,DESKTOP-C332RF6$,SYSTEM,DESKTOP-C332RF6,Negotiate,5,LogOn,Success
2026-03-23T12:07:17.893Z,DESKTOP-C332RF6$,SYSTEM,DESKTOP-C332RF6,Negotiate,5,LogOn,Success
2026-03-23T12:07:18.007Z,DESKTOP-C332RF6$,SYSTEM,DESKTOP-C332RF6,Negotiate,5,LogOn,Success
2026-03-23T12:07:18.973Z,DESKTOP-C332RF6$,SYSTEM,DESKTOP-C332RF6,Negotiate,5,LogOn,Success
2026-03-23T12:10:44.466Z,DESKTOP-C332RF6$,SYSTEM,DESKTOP-C332RF6,Negotiate,5,LogOn,Success
2026-03-23T12:10:44.504Z,DESKTOP-C332RF6$,SYSTEM,DESKTOP-C332RF6,Negotiate,5,LogOn,Success
2026-03-23T12:10:47.885Z,DESKTOP-C332RF6$,SYSTEM,DESKTOP-C332RF6,Negotiate,5,LogOn,Success
2026-03-23T12:10:49.367Z,DESKTOP-C332RF6$,SYSTEM,DESKTOP-C332RF6,Negotiate,5,LogOn,Success
2026-03-23T12:17:04.072Z,DESKTOP-C332RF6$,SYSTEM,DESKTOP-C332RF6,Negotiate,5,LogOn,Success
2026-03-23T12:17:08.258Z,DESKTOP-C332RF6$,SYSTEM,DESKTOP-C332RF6,Negotiate,5,LogOn,Success
2026-03-23T12:19:08.730Z,DESKTOP-C332RF6$,SYSTEM,DESKTOP-C332RF6,Negotiate,5,LogOn,Success
2026-03-23T12:19:08.934Z,DESKTOP-C332RF6$,SYSTEM,DESKTOP-C332RF6,Negotiate,5,LogOn,Success
2026-03-23T12:19:24.532Z,DESKTOP-C332RF6$,SYSTEM,DESKTOP-C332RF6,Negotiate,5,LogOn,Success
2026-03-23T12:30:42.213Z,DESKTOP-C332RF6$,SYSTEM,DESKTOP-C332RF6,Negotiate,5,LogOn,Success
2026-03-23T12:30:43.971Z,DESKTOP-C332RF6$,SYSTEM,DESKTOP-C332RF6,Negotiate,5,LogOn,Success
2026-03-23T12:37:03.625Z,DESKTOP-C332RF6$,SYSTEM,DESKTOP-C332RF6,Negotiate,5,LogOn,Success
2026-03-23T12:37:07.842Z,DESKTOP-C332RF6$,SYSTEM,DESKTOP-C332RF6,Negotiate,5,LogOn,Success
2026-03-23T12:37:59.165Z,DESKTOP-C332RF6$,SYSTEM,DESKTOP-C332RF6,Negotiate,5,LogOn,Success
2026-03-23T12:39:08.385Z,DESKTOP-C332RF6$,SYSTEM,DESKTOP-C332RF6,Negotiate,5,LogOn,Success
2026-03-23T12:39:08.595Z,DESKTOP-C332RF6$,SYSTEM,DESKTOP-C332RF6,Negotiate,5,LogOn,Success
2026-03-23T12:53:41.275Z,DESKTOP-C332RF6$,SYSTEM,DESKTOP-C332RF6,Negotiate,5,LogOn,Success
2026-03-23T12:55:46.547Z,DESKTOP-C332RF6$,SYSTEM,DESKTOP-C332RF6,Negotiate,5,LogOn,Success
2026-03-23T12:55:48.978Z,DESKTOP-C332RF6$,SYSTEM,DESKTOP-C332RF6,Negotiate,5,LogOn,Success
2026-03-23T12:55:57.685Z,DESKTOP-C332RF6$,SYSTEM,DESKTOP-C332RF6,Negotiate,5,LogOn,Success
2026-03-23T12:57:03.683Z,DESKTOP-C332RF6$,SYSTEM,DESKTOP-C332RF6,Negotiate,5,LogOn,Success
2026-03-23T12:57:07.917Z,DESKTOP-C332RF6$,SYSTEM,DESKTOP-C332RF6,Negotiate,5,LogOn,Success
2026-03-23T12:59:08.521Z,DESKTOP-C332RF6$,SYSTEM,DESKTOP-C332RF6,Negotiate,5,LogOn,Success
2026-03-23T12:59:08.752Z,DESKTOP-C332RF6$,SYSTEM,DESKTOP-C332RF6,Negotiate,5,LogOn,Success
2026-03-23T12:59:56.207Z,DESKTOP-C332RF6$,SYSTEM,DESKTOP-C332RF6,Negotiate,5,LogOn,Success
2026-03-23T13:02:43.393Z,DESKTOP-C332RF6$,SYSTEM,DESKTOP-C332RF6,Negotiate,5,LogOn,Success
2026-03-23T13:06:45.077Z,DESKTOP-C332RF6$,SYSTEM,DESKTOP-C332RF6,Negotiate,5,LogOn,Success
2026-03-23T13:11:29.291Z,DESKTOP-C332RF6$,SYSTEM,DESKTOP-C332RF6,Negotiate,5,LogOn,Success
2026-03-23T13:13:05.457Z,DESKTOP-C332RF6$,SYSTEM,DESKTOP-C332RF6,Negotiate,5,LogOn,Success
2026-03-23T13:17:04.220Z,DESKTOP-C332RF6$,SYSTEM,DESKTOP-C332RF6,Negotiate,5,LogOn,Success
2026-03-23T13:17:08.434Z,DESKTOP-C332RF6$,SYSTEM,DESKTOP-C332RF6,Negotiate,5,LogOn,Success
2026-03-23T13:19:08.939Z,DESKTOP-C332RF6$,SYSTEM,DESKTOP-C332RF6,Negotiate,5,LogOn,Success
2026-03-23T13:19:09.153Z,DESKTOP-C332RF6$,SYSTEM,DESKTOP-C332RF6,Negotiate,5,LogOn,Success
2026-03-23T13:25:42.349Z,DESKTOP-C332RF6$,SYSTEM,DESKTOP-C332RF6,Negotiate,5,LogOn,Success
2026-03-23T13:25:42.441Z,DESKTOP-C332RF6$,SYSTEM,DESKTOP-C332RF6,Negotiate,5,LogOn,Success
2026-03-23T13:25:44.388Z,DESKTOP-C332RF6$,UMFD-62,DESKTOP-C332RF6,Negotiate,2,LogOn,Success
2026-03-23T13:25:44.426Z,DESKTOP-C332RF6$,DWM-62,DESKTOP-C332RF6,Negotiate,2,LogOn,Success
2026-03-23T13:25:44.426Z,DESKTOP-C332RF6$,DWM-62,DESKTOP-C332RF6,Negotiate,2,LogOn,Success
2026-03-23T13:25:44.427Z,DESKTOP-C332RF6$,SYSTEM,DESKTOP-C332RF6,Negotiate,5,LogOn,Success
2026-03-23T13:25:44.490Z,DESKTOP-C332RF6$,SYSTEM,DESKTOP-C332RF6,Negotiate,5,LogOn,Success
2026-03-23T13:25:44.690Z,DESKTOP-C332RF6$,SYSTEM,DESKTOP-C332RF6,Negotiate,5,LogOn,Success
2026-03-23T13:25:53.161Z,DESKTOP-C332RF6$,SYSTEM,DESKTOP-C332RF6,Negotiate,5,LogOn,Success
2026-03-23T13:25:53.499Z,,UMFD-61,DESKTOP-C332RF6,,2,LogOff,LogOff
2026-03-23T13:25:55.027Z,,DWM-61,DESKTOP-C332RF6,,2,LogOff,LogOff
2026-03-23T13:25:55.027Z,,DWM-61,DESKTOP-C332RF6,,2,LogOff,LogOff
2026-03-23T13:25:55.243Z,DESKTOP-C332RF6$,SYSTEM,DESKTOP-C332RF6,Negotiate,5,LogOn,Success
2026-03-23T16:02:50.916Z,DESKTOP-C332RF6$,PC,DESKTOP-C332RF6,Negotiate,2,LogOn,Success
2026-03-23T16:02:50.916Z,DESKTOP-C332RF6$,PC,DESKTOP-C332RF6,Negotiate,2,LogOn,Success
2026-03-23T16:02:54.019Z,DESKTOP-C332RF6$,SYSTEM,DESKTOP-C332RF6,Negotiate,5,LogOn,Success
2026-03-23T16:03:00.988Z,DESKTOP-C332RF6$,SYSTEM,DESKTOP-C332RF6,Negotiate,5,LogOn,Success
2026-03-23T16:04:34.589Z,DESKTOP-C332RF6$,SYSTEM,DESKTOP-C332RF6,Negotiate,5,LogOn,Success
2026-03-23T16:09:03.865Z,DESKTOP-C332RF6$,SYSTEM,DESKTOP-C332RF6,Negotiate,5,LogOn,Success
2026-03-23T16:09:08.124Z,DESKTOP-C332RF6$,SYSTEM,DESKTOP-C332RF6,Negotiate,5,LogOn,Success
2026-03-23T16:11:08.863Z,DESKTOP-C332RF6$,SYSTEM,DESKTOP-C332RF6,Negotiate,5,LogOn,Success
2026-03-23T16:11:09.153Z,DESKTOP-C332RF6$,SYSTEM,DESKTOP-C332RF6,Negotiate,5,LogOn,Success
2026-03-23T16:12:51.582Z,DESKTOP-C332RF6$,SYSTEM,DESKTOP-C332RF6,Negotiate,5,LogOn,Success
2026-03-23T16:13:02.529Z,DESKTOP-C332RF6$,SYSTEM,DESKTOP-C332RF6,Negotiate,5,LogOn,Success
2026-03-23T16:13:16.529Z,DESKTOP-C332RF6$,SYSTEM,DESKTOP-C332RF6,Negotiate,5,LogOn,Success
2026-03-23T16:13:16.617Z,DESKTOP-C332RF6$,SYSTEM,DESKTOP-C332RF6,Negotiate,5,LogOn,Success
2026-03-23T16:13:17.602Z,DESKTOP-C332RF6$,SYSTEM,DESKTOP-C332RF6,Negotiate,5,LogOn,Success
2026-03-23T16:13:39.422Z,DESKTOP-C332RF6$,SYSTEM,DESKTOP-C332RF6,Negotiate,5,LogOn,Success
2026-03-23T16:17:52.812Z,DESKTOP-C332RF6$,SYSTEM,DESKTOP-C332RF6,Negotiate,5,LogOn,Success
2026-03-23T16:22:53.793Z,DESKTOP-C332RF6$,SYSTEM,DESKTOP-C332RF6,Negotiate,5,LogOn,Success
2026-03-23T16:29:04.244Z,DESKTOP-C332RF6$,SYSTEM,DESKTOP-C332RF6,Negotiate,5,LogOn,Success
2026-03-23T16:29:08.457Z,DESKTOP-C332RF6$,SYSTEM,DESKTOP-C332RF6,Negotiate,5,LogOn,Success
2026-03-23T16:31:09.004Z,DESKTOP-C332RF6$,SYSTEM,DESKTOP-C332RF6,Negotiate,5,LogOn,Success
2026-03-23T16:31:09.226Z,DESKTOP-C332RF6$,SYSTEM,DESKTOP-C332RF6,Negotiate,5,LogOn,Success
2026-03-23T16:33:22.111Z,DESKTOP-C332RF6$,SYSTEM,DESKTOP-C332RF6,Negotiate,5,LogOn,Success
2026-03-23T16:33:22.142Z,DESKTOP-C332RF6$,SYSTEM,DESKTOP-C332RF6,Negotiate,5,LogOn,Success
2026-03-23T16:33:23.110Z,DESKTOP-C332RF6$,SYSTEM,DESKTOP-C332RF6,Negotiate,5,LogOn,Success
2026-03-23T16:44:34.146Z,DESKTOP-C332RF6$,SYSTEM,DESKTOP-C332RF6,Negotiate,5,LogOn,Success
2026-03-23T16:49:04.222Z,DESKTOP-C332RF6$,SYSTEM,DESKTOP-C332RF6,Negotiate,5,LogOn,Success
2026-03-23T16:49:08.412Z,DESKTOP-C332RF6$,SYSTEM,DESKTOP-C332RF6,Negotiate,5,LogOn,Success
2026-03-23T16:51:09.096Z,DESKTOP-C332RF6$,SYSTEM,DESKTOP-C332RF6,Negotiate,5,LogOn,Success
2026-03-23T16:51:09.529Z,DESKTOP-C332RF6$,SYSTEM,DESKTOP-C332RF6,Negotiate,5,LogOn,Success
2026-03-23T16:56:34.090Z,DESKTOP-C332RF6$,SYSTEM,DESKTOP-C332RF6,Negotiate,5,LogOn,Success
2026-03-23T16:56:36.055Z,DESKTOP-C332RF6$,SYSTEM,DESKTOP-C332RF6,Negotiate,5,LogOn,Success
2026-03-23T17:06:45.042Z,DESKTOP-C332RF6$,SYSTEM,DESKTOP-C332RF6,Negotiate,5,LogOn,Success
2026-03-23T17:09:04.874Z,DESKTOP-C332RF6$,SYSTEM,DESKTOP-C332RF6,Negotiate,5,LogOn,Success
2026-03-23T17:09:09.110Z,DESKTOP-C332RF6$,SYSTEM,DESKTOP-C332RF6,Negotiate,5,LogOn,Success
2026-03-23T17:11:09.626Z,DESKTOP-C332RF6$,SYSTEM,DESKTOP-C332RF6,Negotiate,5,LogOn,Success
2026-03-23T17:11:09.842Z,DESKTOP-C332RF6$,SYSTEM,DESKTOP-C332RF6,Negotiate,5,LogOn,Success
2026-03-23T17:16:40.313Z,DESKTOP-C332RF6$,SYSTEM,DESKTOP-C332RF6,Negotiate,5,LogOn,Success
2026-03-23T17:29:04.304Z,DESKTOP-C332RF6$,SYSTEM,DESKTOP-C332RF6,Negotiate,5,LogOn,Success
2026-03-23T17:29:08.506Z,DESKTOP-C332RF6$,SYSTEM,DESKTOP-C332RF6,Negotiate,5,LogOn,Success
2026-03-23T17:30:01.611Z,DESKTOP-C332RF6$,SYSTEM,DESKTOP-C332RF6,Negotiate,5,LogOn,Success
2026-03-23T17:30:05.963Z,DESKTOP-C332RF6$,SYSTEM,DESKTOP-C332RF6,Negotiate,5,LogOn,Success
2026-03-23T17:31:09.051Z,DESKTOP-C332RF6$,SYSTEM,DESKTOP-C332RF6,Negotiate,5,LogOn,Success
2026-03-23T17:31:09.279Z,DESKTOP-C332RF6$,SYSTEM,DESKTOP-C332RF6,Negotiate,5,LogOn,Success
2026-03-23T17:44:34.400Z,DESKTOP-C332RF6$,SYSTEM,DESKTOP-C332RF6,Negotiate,5,LogOn,Success
2026-03-23T17:49:04.443Z,DESKTOP-C332RF6$,SYSTEM,DESKTOP-C332RF6,Negotiate,5,LogOn,Success
2026-03-23T17:49:08.600Z,DESKTOP-C332RF6$,SYSTEM,DESKTOP-C332RF6,Negotiate,5,LogOn,Success
2026-03-23T17:51:09.082Z,DESKTOP-C332RF6$,SYSTEM,DESKTOP-C332RF6,Negotiate,5,LogOn,Success
2026-03-23T17:51:09.307Z,DESKTOP-C332RF6$,SYSTEM,DESKTOP-C332RF6,Negotiate,5,LogOn,Success
2026-03-23T17:54:09.672Z,DESKTOP-C332RF6$,SYSTEM,DESKTOP-C332RF6,Negotiate,5,LogOn,Success
2026-03-23T17:54:09.720Z,DESKTOP-C332RF6$,SYSTEM,DESKTOP-C332RF6,Negotiate,5,LogOn,Success
2026-03-23T17:54:22.313Z,DESKTOP-C332RF6$,SYSTEM,DESKTOP-C332RF6,Negotiate,5,LogOn,Success
2026-03-23T18:02:52.579Z,DESKTOP-C332RF6$,SYSTEM,DESKTOP-C332RF6,Negotiate,5,LogOn,Success
2026-03-23T18:02:52.619Z,DESKTOP-C332RF6$,SYSTEM,DESKTOP-C332RF6,Negotiate,5,LogOn,Success
2026-03-23T18:02:56.102Z,DESKTOP-C332RF6$,SYSTEM,DESKTOP-C332RF6,Negotiate,5,LogOn,Success
2026-03-23T18:03:31.938Z,DESKTOP-C332RF6$,SYSTEM,DESKTOP-C332RF6,Negotiate,5,LogOn,Success
2026-03-23T18:03:52.007Z,DESKTOP-C332RF6$,SYSTEM,DESKTOP-C332RF6,Negotiate,5,LogOn,Success
2026-03-23T18:03:52.988Z,DESKTOP-C332RF6$,SYSTEM,DESKTOP-C332RF6,Negotiate,5,LogOn,Success
2026-03-23T18:04:50.248Z,DESKTOP-C332RF6$,SYSTEM,DESKTOP-C332RF6,Negotiate,5,LogOn,Success
2026-03-23T18:04:52.306Z,DESKTOP-C332RF6$,SYSTEM,DESKTOP-C332RF6,Negotiate,5,LogOn,Success
2026-03-23T18:09:04.954Z,DESKTOP-C332RF6$,SYSTEM,DESKTOP-C332RF6,Negotiate,5,LogOn,Success
2026-03-23T18:09:09.145Z,DESKTOP-C332RF6$,SYSTEM,DESKTOP-C332RF6,Negotiate,5,LogOn,Success
2026-03-23T18:09:37.600Z,DESKTOP-C332RF6$,SYSTEM,DESKTOP-C332RF6,Negotiate,5,LogOn,Success
2026-03-23T18:11:09.679Z,DESKTOP-C332RF6$,SYSTEM,DESKTOP-C332RF6,Negotiate,5,LogOn,Success
2026-03-23T18:11:09.915Z,DESKTOP-C332RF6$,SYSTEM,DESKTOP-C332RF6,Negotiate,5,LogOn,Success
2026-03-23T18:15:50.356Z,DESKTOP-C332RF6$,SYSTEM,DESKTOP-C332RF6,Negotiate,5,LogOn,Success
2026-03-23T18:15:51.112Z,DESKTOP-C332RF6$,SYSTEM,DESKTOP-C332RF6,Negotiate,5,LogOn,Success
2026-03-23T18:15:52.082Z,DESKTOP-C332RF6$,SYSTEM,DESKTOP-C332RF6,Negotiate,5,LogOn,Success
2026-03-23T18:16:40.303Z,DESKTOP-C332RF6$,SYSTEM,DESKTOP-C332RF6,Negotiate,5,LogOn,Success
2026-03-23T18:19:34.247Z,DESKTOP-C332RF6$,SYSTEM,DESKTOP-C332RF6,Negotiate,5,LogOn,Success
2026-03-23T18:19:35.276Z,DESKTOP-C332RF6$,SYSTEM,DESKTOP-C332RF6,Negotiate,5,LogOn,Success
2026-03-23T18:19:53.518Z,DESKTOP-C332RF6$,SYSTEM,DESKTOP-C332RF6,Negotiate,5,LogOn,Success
2026-03-23T18:20:12.650Z,DESKTOP-C332RF6$,SYSTEM,DESKTOP-C332RF6,Negotiate,5,LogOn,Success
2026-03-23T18:20:12.679Z,DESKTOP-C332RF6$,SYSTEM,DESKTOP-C332RF6,Negotiate,5,LogOn,Success
2026-03-23T18:24:50.442Z,DESKTOP-C332RF6$,SYSTEM,DESKTOP-C332RF6,Negotiate,5,LogOn,Success
2026-03-23T18:29:04.407Z,DESKTOP-C332RF6$,SYSTEM,DESKTOP-C332RF6,Negotiate,5,LogOn,Success
2026-03-23T18:29:08.614Z,DESKTOP-C332RF6$,SYSTEM,DESKTOP-C332RF6,Negotiate,5,LogOn,Success
2026-03-23T18:31:09.071Z,DESKTOP-C332RF6$,SYSTEM,DESKTOP-C332RF6,Negotiate,5,LogOn,Success
2026-03-23T18:31:09.275Z,DESKTOP-C332RF6$,SYSTEM,DESKTOP-C332RF6,Negotiate,5,LogOn,Success
2026-03-23T18:44:34.584Z,DESKTOP-C332RF6$,SYSTEM,DESKTOP-C332RF6,Negotiate,5,LogOn,Success
2026-03-23T18:49:04.427Z,DESKTOP-C332RF6$,SYSTEM,DESKTOP-C332RF6,Negotiate,5,LogOn,Success
2026-03-23T18:49:08.598Z,DESKTOP-C332RF6$,SYSTEM,DESKTOP-C332RF6,Negotiate,5,LogOn,Success
2026-03-23T18:51:09.076Z,DESKTOP-C332RF6$,SYSTEM,DESKTOP-C332RF6,Negotiate,5,LogOn,Success
2026-03-23T18:51:09.279Z,DESKTOP-C332RF6$,SYSTEM,DESKTOP-C332RF6,Negotiate,5,LogOn,Success
2026-03-23T18:52:03.528Z,DESKTOP-C332RF6$,SYSTEM,DESKTOP-C332RF6,Negotiate,5,LogOn,Success
2026-03-23T18:52:05.482Z,DESKTOP-C332RF6$,SYSTEM,DESKTOP-C332RF6,Negotiate,5,LogOn,Success
2026-03-23T18:54:04.055Z,DESKTOP-C332RF6$,SYSTEM,DESKTOP-C332RF6,Negotiate,5,LogOn,Success
2026-03-23T19:02:40.482Z,DESKTOP-C332RF6$,SYSTEM,DESKTOP-C332RF6,Negotiate,5,LogOn,Success
2026-03-23T19:02:40.578Z,DESKTOP-C332RF6$,SYSTEM,DESKTOP-C332RF6,Negotiate,5,LogOn,Success
2026-03-23T19:02:41.016Z,DESKTOP-C332RF6$,SYSTEM,DESKTOP-C332RF6,Negotiate,5,LogOn,Success
2026-03-23T19:02:42.005Z,DESKTOP-C332RF6$,SYSTEM,DESKTOP-C332RF6,Negotiate,5,LogOn,Success
2026-03-23T19:02:42.159Z,DESKTOP-C332RF6$,SYSTEM,DESKTOP-C332RF6,Negotiate,5,LogOn,Success
2026-03-23T19:17:51.693Z,DESKTOP-C332RF6$,SYSTEM,DESKTOP-C332RF6,Negotiate,5,LogOn,Success
2026-03-23T19:19:50.403Z,DESKTOP-C332RF6$,SYSTEM,DESKTOP-C332RF6,Negotiate,5,LogOn,Success
2026-03-23T19:39:53.800Z,DESKTOP-C332RF6$,SYSTEM,DESKTOP-C332RF6,Negotiate,5,LogOn,Success
2026-03-23T19:39:55.415Z,DESKTOP-C332RF6$,SYSTEM,DESKTOP-C332RF6,Negotiate,5,LogOn,Success
2026-03-23T19:39:55.455Z,DESKTOP-C332RF6$,SYSTEM,DESKTOP-C332RF6,Negotiate,5,LogOn,Success
2026-03-23T19:39:55.504Z,DESKTOP-C332RF6$,SYSTEM,DESKTOP-C332RF6,Negotiate,5,LogOn,Success
2026-03-23T19:39:58.902Z,DESKTOP-C332RF6$,PC,DESKTOP-C332RF6,Negotiate,2,LogOn,Success
2026-03-23T19:39:58.902Z,DESKTOP-C332RF6$,PC,DESKTOP-C332RF6,Negotiate,2,LogOn,Success
2026-03-23T19:39:58.902Z,,PC,DESKTOP-C332RF6,,2,LogOff,LogOff
2026-03-23T19:39:58.902Z,,PC,DESKTOP-C332RF6,,2,LogOff,LogOff
2026-03-23T19:40:00.839Z,DESKTOP-C332RF6$,SYSTEM,DESKTOP-C332RF6,Negotiate,5,LogOn,Success
2026-03-23T19:40:14.337Z,DESKTOP-C332RF6$,UMFD-63,DESKTOP-C332RF6,Negotiate,2,LogOn,Success
2026-03-23T19:40:14.380Z,DESKTOP-C332RF6$,DWM-63,DESKTOP-C332RF6,Negotiate,2,LogOn,Success
2026-03-23T19:40:14.380Z,DESKTOP-C332RF6$,DWM-63,DESKTOP-C332RF6,Negotiate,2,LogOn,Success
2026-03-23T19:40:19.148Z,,UMFD-62,DESKTOP-C332RF6,,2,LogOff,LogOff
2026-03-23T19:40:20.358Z,DESKTOP-C332RF6$,SYSTEM,DESKTOP-C332RF6,Negotiate,5,LogOn,Success
2026-03-23T20:27:32.519Z,,DWM-62,DESKTOP-C332RF6,,2,LogOff,LogOff
2026-03-23T20:27:32.519Z,,DWM-62,DESKTOP-C332RF6,,2,LogOff,LogOff
2026-03-23T20:27:35.160Z,DESKTOP-C332RF6$,PC,DESKTOP-C332RF6,Negotiate,2,LogOn,Success
2026-03-23T20:27:35.160Z,DESKTOP-C332RF6$,PC,DESKTOP-C332RF6,Negotiate,2,LogOn,Success
2026-03-23T20:27:35.396Z,DESKTOP-C332RF6$,SYSTEM,DESKTOP-C332RF6,Negotiate,5,LogOn,Success
2026-03-23T20:27:35.636Z,DESKTOP-C332RF6$,SYSTEM,DESKTOP-C332RF6,Negotiate,5,LogOn,Success
2026-03-23T20:27:35.851Z,DESKTOP-C332RF6$,SYSTEM,DESKTOP-C332RF6,Negotiate,5,LogOn,Success
2026-03-23T20:27:35.886Z,DESKTOP-C332RF6$,SYSTEM,DESKTOP-C332RF6,Negotiate,5,LogOn,Success
2026-03-23T20:27:44.908Z,DESKTOP-C332RF6$,SYSTEM,DESKTOP-C332RF6,Negotiate,5,LogOn,Success
2026-03-23T20:29:18.964Z,DESKTOP-C332RF6$,SYSTEM,DESKTOP-C332RF6,Negotiate,5,LogOn,Success
2026-03-23T20:32:28.879Z,DESKTOP-C332RF6$,SYSTEM,DESKTOP-C332RF6,Negotiate,5,LogOn,Success
2026-03-23T20:34:02.862Z,DESKTOP-C332RF6$,SYSTEM,DESKTOP-C332RF6,Negotiate,5,LogOn,Success
2026-03-23T20:34:54.208Z,DESKTOP-C332RF6$,SYSTEM,DESKTOP-C332RF6,Negotiate,5,LogOn,Success
2026-03-23T20:34:54.287Z,DESKTOP-C332RF6$,SYSTEM,DESKTOP-C332RF6,Negotiate,5,LogOn,Success
2026-03-23T20:34:55.285Z,DESKTOP-C332RF6$,SYSTEM,DESKTOP-C332RF6,Negotiate,5,LogOn,Success
2026-03-23T20:35:20.663Z,DESKTOP-C332RF6$,SYSTEM,DESKTOP-C332RF6,Negotiate,5,LogOn,Success
2026-03-23T20:36:03.386Z,DESKTOP-C332RF6$,SYSTEM,DESKTOP-C332RF6,Negotiate,5,LogOn,Success
2026-03-23T20:36:03.624Z,DESKTOP-C332RF6$,SYSTEM,DESKTOP-C332RF6,Negotiate,5,LogOn,Success
2026-03-23T20:39:54.815Z,DESKTOP-C332RF6$,SYSTEM,DESKTOP-C332RF6,Negotiate,5,LogOn,Success
2026-03-23T20:42:36.674Z,DESKTOP-C332RF6$,SYSTEM,DESKTOP-C332RF6,Negotiate,5,LogOn,Success
2026-03-23T20:42:39.351Z,DESKTOP-C332RF6$,SYSTEM,DESKTOP-C332RF6,Negotiate,5,LogOn,Success
2026-03-23T20:43:44.032Z,DESKTOP-C332RF6$,SYSTEM,DESKTOP-C332RF6,Negotiate,5,LogOn,Success
2026-03-23T20:47:10.929Z,DESKTOP-C332RF6$,SYSTEM,DESKTOP-C332RF6,Negotiate,5,LogOn,Success
2026-03-23T20:48:37.206Z,DESKTOP-C332RF6$,SYSTEM,DESKTOP-C332RF6,Negotiate,5,LogOn,Success
2026-03-23T20:54:03.824Z,DESKTOP-C332RF6$,SYSTEM,DESKTOP-C332RF6,Negotiate,5,LogOn,Success
2026-03-23T20:54:08.034Z,DESKTOP-C332RF6$,SYSTEM,DESKTOP-C332RF6,Negotiate,5,LogOn,Success
2026-03-23T20:56:08.782Z,DESKTOP-C332RF6$,SYSTEM,DESKTOP-C332RF6,Negotiate,5,LogOn,Success
2026-03-23T20:56:09.002Z,DESKTOP-C332RF6$,SYSTEM,DESKTOP-C332RF6,Negotiate,5,LogOn,Success
2026-03-23T20:57:39.414Z,DESKTOP-C332RF6$,SYSTEM,DESKTOP-C332RF6,Negotiate,5,LogOn,Success
2026-03-23T20:58:40.775Z,DESKTOP-C332RF6$,SYSTEM,DESKTOP-C332RF6,Negotiate,5,LogOn,Success
2026-03-23T20:59:18.571Z,DESKTOP-C332RF6$,SYSTEM,DESKTOP-C332RF6,Negotiate,5,LogOn,Success
2026-03-23T21:02:59.540Z,DESKTOP-C332RF6$,SYSTEM,DESKTOP-C332RF6,Negotiate,5,LogOn,Success
2026-03-23T21:06:47.687Z,DESKTOP-C332RF6$,SYSTEM,DESKTOP-C332RF6,Negotiate,5,LogOn,Success
2026-03-23T21:11:05.846Z,DESKTOP-C332RF6$,SYSTEM,DESKTOP-C332RF6,Negotiate,5,LogOn,Success
2026-03-23T21:11:26.154Z,DESKTOP-C332RF6$,SYSTEM,DESKTOP-C332RF6,Negotiate,5,LogOn,Success
2026-03-23T21:11:27.130Z,DESKTOP-C332RF6$,SYSTEM,DESKTOP-C332RF6,Negotiate,5,LogOn,Success
2026-03-23T21:12:39.471Z,DESKTOP-C332RF6$,SYSTEM,DESKTOP-C332RF6,Negotiate,5,LogOn,Success
2026-03-23T21:14:03.879Z,DESKTOP-C332RF6$,SYSTEM,DESKTOP-C332RF6,Negotiate,5,LogOn,Success
2026-03-23T21:14:08.100Z,DESKTOP-C332RF6$,SYSTEM,DESKTOP-C332RF6,Negotiate,5,LogOn,Success
2026-03-23T21:15:01.667Z,DESKTOP-C332RF6$,SYSTEM,DESKTOP-C332RF6,Negotiate,5,LogOn,Success
2026-03-23T21:16:08.524Z,DESKTOP-C332RF6$,SYSTEM,DESKTOP-C332RF6,Negotiate,5,LogOn,Success
2026-03-23T21:16:08.721Z,DESKTOP-C332RF6$,SYSTEM,DESKTOP-C332RF6,Negotiate,5,LogOn,Success
2026-03-23T21:16:42.919Z,DESKTOP-C332RF6$,SYSTEM,DESKTOP-C332RF6,Negotiate,5,LogOn,Success
2026-03-23T21:27:39.540Z,DESKTOP-C332RF6$,SYSTEM,DESKTOP-C332RF6,Negotiate,5,LogOn,Success
2026-03-23T21:31:44.431Z,DESKTOP-C332RF6$,SYSTEM,DESKTOP-C332RF6,Negotiate,5,LogOn,Success
2026-03-23T21:32:29.844Z,DESKTOP-C332RF6$,SYSTEM,DESKTOP-C332RF6,Negotiate,5,LogOn,Success
2026-03-23T21:34:03.966Z,DESKTOP-C332RF6$,SYSTEM,DESKTOP-C332RF6,Negotiate,5,LogOn,Success
2026-03-23T21:34:08.167Z,DESKTOP-C332RF6$,SYSTEM,DESKTOP-C332RF6,Negotiate,5,LogOn,Success
2026-03-23T21:36:08.708Z,DESKTOP-C332RF6$,SYSTEM,DESKTOP-C332RF6,Negotiate,5,LogOn,Success
2026-03-23T21:36:08.908Z,DESKTOP-C332RF6$,SYSTEM,DESKTOP-C332RF6,Negotiate,5,LogOn,Success
2026-03-23T21:42:39.605Z,DESKTOP-C332RF6$,SYSTEM,DESKTOP-C332RF6,Negotiate,5,LogOn,Success
2026-03-23T21:47:18.842Z,DESKTOP-C332RF6$,SYSTEM,DESKTOP-C332RF6,Negotiate,5,LogOn,Success
2026-03-23T21:54:04.048Z,DESKTOP-C332RF6$,SYSTEM,DESKTOP-C332RF6,Negotiate,5,LogOn,Success
2026-03-23T21:54:08.249Z,DESKTOP-C332RF6$,SYSTEM,DESKTOP-C332RF6,Negotiate,5,LogOn,Success
2026-03-23T21:56:08.679Z,DESKTOP-C332RF6$,SYSTEM,DESKTOP-C332RF6,Negotiate,5,LogOn,Success
2026-03-23T21:56:08.876Z,DESKTOP-C332RF6$,SYSTEM,DESKTOP-C332RF6,Negotiate,5,LogOn,Success
2026-03-23T21:57:39.670Z,DESKTOP-C332RF6$,SYSTEM,DESKTOP-C332RF6,Negotiate,5,LogOn,Success
2026-03-23T22:06:45.033Z,DESKTOP-C332RF6$,SYSTEM,DESKTOP-C332RF6,Negotiate,5,LogOn,Success
2026-03-23T22:12:39.735Z,DESKTOP-C332RF6$,SYSTEM,DESKTOP-C332RF6,Negotiate,5,LogOn,Success
2026-03-23T22:14:04.004Z,DESKTOP-C332RF6$,SYSTEM,DESKTOP-C332RF6,Negotiate,5,LogOn,Success
2026-03-23T22:14:08.176Z,DESKTOP-C332RF6$,SYSTEM,DESKTOP-C332RF6,Negotiate,5,LogOn,Success
2026-03-23T22:15:26.491Z,DESKTOP-C332RF6$,SYSTEM,DESKTOP-C332RF6,Negotiate,5,LogOn,Success
2026-03-23T22:15:35.018Z,DESKTOP-C332RF6$,SYSTEM,DESKTOP-C332RF6,Negotiate,5,LogOn,Success
2026-03-23T22:16:08.096Z,DESKTOP-C332RF6$,SYSTEM,DESKTOP-C332RF6,Negotiate,5,LogOn,Success
2026-03-23T22:16:08.651Z,DESKTOP-C332RF6$,SYSTEM,DESKTOP-C332RF6,Negotiate,5,LogOn,Success
2026-03-23T22:16:08.865Z,DESKTOP-C332RF6$,SYSTEM,DESKTOP-C332RF6,Negotiate,5,LogOn,Success
2026-03-23T22:18:34.897Z,DESKTOP-C332RF6$,SYSTEM,DESKTOP-C332RF6,Negotiate,5,LogOn,Success
2026-03-23T22:24:07.788Z,DESKTOP-C332RF6$,SYSTEM,DESKTOP-C332RF6,Negotiate,5,LogOn,Success
2026-03-23T22:24:10.651Z,DESKTOP-C332RF6$,SYSTEM,DESKTOP-C332RF6,Negotiate,5,LogOn,Success
2026-03-23T22:27:36.484Z,DESKTOP-C332RF6$,SYSTEM,DESKTOP-C332RF6,Negotiate,5,LogOn,Success
2026-03-23T22:27:36.529Z,DESKTOP-C332RF6$,SYSTEM,DESKTOP-C332RF6,Negotiate,5,LogOn,Success
2026-03-23T22:27:40.165Z,DESKTOP-C332RF6$,SYSTEM,DESKTOP-C332RF6,Negotiate,5,LogOn,Success
2026-03-23T22:27:54.850Z,DESKTOP-C332RF6$,SYSTEM,DESKTOP-C332RF6,Negotiate,5,LogOn,Success
2026-03-23T22:30:11.625Z,DESKTOP-C332RF6$,SYSTEM,DESKTOP-C332RF6,Negotiate,5,LogOn,Success
2026-03-23T22:32:30.818Z,DESKTOP-C332RF6$,SYSTEM,DESKTOP-C332RF6,Negotiate,5,LogOn,Success
2026-03-23T22:34:04.023Z,DESKTOP-C332RF6$,SYSTEM,DESKTOP-C332RF6,Negotiate,5,LogOn,Success
2026-03-23T22:34:08.180Z,DESKTOP-C332RF6$,SYSTEM,DESKTOP-C332RF6,Negotiate,5,LogOn,Success
2026-03-23T22:34:53.727Z,DESKTOP-C332RF6$,SYSTEM,DESKTOP-C332RF6,Negotiate,5,LogOn,Success
2026-03-23T22:34:53.843Z,DESKTOP-C332RF6$,SYSTEM,DESKTOP-C332RF6,Negotiate,5,LogOn,Success
2026-03-23T22:35:01.204Z,DESKTOP-C332RF6$,UMFD-64,DESKTOP-C332RF6,Negotiate,2,LogOn,Success
2026-03-23T22:35:01.233Z,DESKTOP-C332RF6$,DWM-64,DESKTOP-C332RF6,Negotiate,2,LogOn,Success
2026-03-23T22:35:01.233Z,DESKTOP-C332RF6$,DWM-64,DESKTOP-C332RF6,Negotiate,2,LogOn,Success
2026-03-23T22:35:01.253Z,DESKTOP-C332RF6$,SYSTEM,DESKTOP-C332RF6,Negotiate,5,LogOn,Success
2026-03-23T22:35:01.324Z,DESKTOP-C332RF6$,SYSTEM,DESKTOP-C332RF6,Negotiate,5,LogOn,Success
2026-03-23T22:35:10.193Z,DESKTOP-C332RF6$,SYSTEM,DESKTOP-C332RF6,Negotiate,5,LogOn,Success
2026-03-23T22:35:10.601Z,,UMFD-63,DESKTOP-C332RF6,,2,LogOff,LogOff
2026-03-23T22:35:11.606Z,DESKTOP-C332RF6$,SYSTEM,DESKTOP-C332RF6,Negotiate,5,LogOn,Success
2026-03-24T09:58:19.646Z,,DWM-63,DESKTOP-C332RF6,,2,LogOff,LogOff
2026-03-24T09:58:19.646Z,,DWM-63,DESKTOP-C332RF6,,2,LogOff,LogOff
2026-03-24T09:58:20.218Z,DESKTOP-C332RF6$,SYSTEM,DESKTOP-C332RF6,Negotiate,5,LogOn,Success
2026-03-24T09:58:21.522Z,DESKTOP-C332RF6$,PC,DESKTOP-C332RF6,Negotiate,2,LogOn,Success
2026-03-24T09:58:21.522Z,DESKTOP-C332RF6$,PC,DESKTOP-C332RF6,Negotiate,2,LogOn,Success
2026-03-24T09:58:23.846Z,DESKTOP-C332RF6$,SYSTEM,DESKTOP-C332RF6,Negotiate,5,LogOn,Success
2026-03-24T09:58:30.181Z,DESKTOP-C332RF6$,SYSTEM,DESKTOP-C332RF6,Negotiate,5,LogOn,Success
2026-03-24T10:02:52.446Z,DESKTOP-C332RF6$,SYSTEM,DESKTOP-C332RF6,Negotiate,5,LogOn,Success
2026-03-24T10:03:16.707Z,DESKTOP-C332RF6$,SYSTEM,DESKTOP-C332RF6,Negotiate,5,LogOn,Success
2026-03-24T10:04:19.258Z,DESKTOP-C332RF6$,SYSTEM,DESKTOP-C332RF6,Negotiate,5,LogOn,Success
2026-03-24T10:04:19.318Z,DESKTOP-C332RF6$,SYSTEM,DESKTOP-C332RF6,Negotiate,5,LogOn,Success
2026-03-24T10:13:23.052Z,DESKTOP-C332RF6$,SYSTEM,DESKTOP-C332RF6,Negotiate,5,LogOn,Success
2026-03-24T10:14:21.635Z,DESKTOP-C332RF6$,SYSTEM,DESKTOP-C332RF6,Negotiate,5,LogOn,Success
2026-03-24T10:14:21.760Z,DESKTOP-C332RF6$,SYSTEM,DESKTOP-C332RF6,Negotiate,5,LogOn,Success
2026-03-24T10:18:23.556Z,DESKTOP-C332RF6$,SYSTEM,DESKTOP-C332RF6,Negotiate,5,LogOn,Success
2026-03-24T10:27:51.763Z,DESKTOP-C332RF6$,SYSTEM,DESKTOP-C332RF6,Negotiate,5,LogOn,Success
2026-03-24T10:27:52.822Z,DESKTOP-C332RF6$,SYSTEM,DESKTOP-C332RF6,Negotiate,5,LogOn,Success
2026-03-24T10:27:52.915Z,DESKTOP-C332RF6$,SYSTEM,DESKTOP-C332RF6,Negotiate,5,LogOn,Success
2026-03-24T10:27:53.885Z,DESKTOP-C332RF6$,SYSTEM,DESKTOP-C332RF6,Negotiate,5,LogOn,Success
2026-03-24T10:27:56.435Z,DESKTOP-C332RF6$,SYSTEM,DESKTOP-C332RF6,Negotiate,5,LogOn,Success
2026-03-24T10:43:21.852Z,DESKTOP-C332RF6$,SYSTEM,DESKTOP-C332RF6,Negotiate,5,LogOn,Success
2026-03-24T10:43:21.978Z,DESKTOP-C332RF6$,SYSTEM,DESKTOP-C332RF6,Negotiate,5,LogOn,Success
2026-03-24T10:52:26.885Z,DESKTOP-C332RF6$,SYSTEM,DESKTOP-C332RF6,Negotiate,5,LogOn,Success
2026-03-24T10:55:40.578Z,DESKTOP-C332RF6$,SYSTEM,DESKTOP-C332RF6,Negotiate,5,LogOn,Success
2026-03-24T11:03:07.738Z,DESKTOP-C332RF6$,SYSTEM,DESKTOP-C332RF6,Negotiate,5,LogOn,Success
2026-03-24T11:05:02.383Z,DESKTOP-C332RF6$,SYSTEM,DESKTOP-C332RF6,Negotiate,5,LogOn,Success
2026-03-24T11:05:05.432Z,DESKTOP-C332RF6$,SYSTEM,DESKTOP-C332RF6,Negotiate,5,LogOn,Success
2026-03-24T11:08:13.872Z,DESKTOP-C332RF6$,SYSTEM,DESKTOP-C332RF6,Negotiate,5,LogOn,Success
2026-03-24T11:16:40.357Z,DESKTOP-C332RF6$,SYSTEM,DESKTOP-C332RF6,Negotiate,5,LogOn,Success
2026-03-24T11:21:36.639Z,DESKTOP-C332RF6$,SYSTEM,DESKTOP-C332RF6,Negotiate,5,LogOn,Success
2026-03-24T11:25:40.361Z,DESKTOP-C332RF6$,SYSTEM,DESKTOP-C332RF6,Negotiate,5,LogOn,Success
2026-03-24T11:25:42.641Z,DESKTOP-C332RF6$,SYSTEM,DESKTOP-C332RF6,Negotiate,5,LogOn,Success
2026-03-24T11:31:30.191Z,DESKTOP-C332RF6$,SYSTEM,DESKTOP-C332RF6,Negotiate,5,LogOn,Success
2026-03-24T11:31:30.575Z,DESKTOP-C332RF6$,SYSTEM,DESKTOP-C332RF6,Negotiate,5,LogOn,Success
2026-03-24T11:31:31.781Z,DESKTOP-C332RF6$,SYSTEM,DESKTOP-C332RF6,Negotiate,5,LogOn,Success
2026-03-24T11:31:34.133Z,DESKTOP-C332RF6$,SYSTEM,DESKTOP-C332RF6,Negotiate,5,LogOn,Success
2026-03-24T11:40:24.830Z,DESKTOP-C332RF6$,SYSTEM,DESKTOP-C332RF6,Negotiate,5,LogOn,Success
2026-03-24T11:53:15.053Z,DESKTOP-C332RF6$,SYSTEM,DESKTOP-C332RF6,Negotiate,5,LogOn,Success
2026-03-24T11:54:49.998Z,DESKTOP-C332RF6$,SYSTEM,DESKTOP-C332RF6,Negotiate,5,LogOn,Success
2026-03-24T11:56:15.099Z,DESKTOP-C332RF6$,SYSTEM,DESKTOP-C332RF6,Negotiate,5,LogOn,Success
2026-03-24T11:58:22.853Z,DESKTOP-C332RF6$,SYSTEM,DESKTOP-C332RF6,Negotiate,5,LogOn,Success
2026-03-24T11:58:22.894Z,DESKTOP-C332RF6$,SYSTEM,DESKTOP-C332RF6,Negotiate,5,LogOn,Success
2026-03-24T11:58:26.450Z,DESKTOP-C332RF6$,SYSTEM,DESKTOP-C332RF6,Negotiate,5,LogOn,Success
2026-03-24T11:58:27.585Z,DESKTOP-C332RF6$,SYSTEM,DESKTOP-C332RF6,Negotiate,5,LogOn,Success
2026-03-24T12:06:45.438Z,DESKTOP-C332RF6$,SYSTEM,DESKTOP-C332RF6,Negotiate,5,LogOn,Success
2026-03-24T12:08:16.343Z,DESKTOP-C332RF6$,SYSTEM,DESKTOP-C332RF6,Negotiate,5,LogOn,Success
2026-03-24T12:16:40.307Z,DESKTOP-C332RF6$,SYSTEM,DESKTOP-C332RF6,Negotiate,5,LogOn,Success
2026-03-24T12:17:36.517Z,DESKTOP-C332RF6$,SYSTEM,DESKTOP-C332RF6,Negotiate,5,LogOn,Success
2026-03-24T12:34:15.900Z,DESKTOP-C332RF6$,SYSTEM,DESKTOP-C332RF6,Negotiate,5,LogOn,Success
2026-03-24T12:34:17.550Z,DESKTOP-C332RF6$,SYSTEM,DESKTOP-C332RF6,Negotiate,5,LogOn,Success
2026-03-24T12:50:06.608Z,DESKTOP-C332RF6$,SYSTEM,DESKTOP-C332RF6,Negotiate,5,LogOn,Success
2026-03-24T12:54:50.181Z,DESKTOP-C332RF6$,SYSTEM,DESKTOP-C332RF6,Negotiate,5,LogOn,Success
2026-03-24T12:59:31.825Z,DESKTOP-C332RF6$,SYSTEM,DESKTOP-C332RF6,Negotiate,5,LogOn,Success
2026-03-24T13:01:06.006Z,DESKTOP-C332RF6$,SYSTEM,DESKTOP-C332RF6,Negotiate,5,LogOn,Success
2026-03-24T13:01:06.053Z,DESKTOP-C332RF6$,SYSTEM,DESKTOP-C332RF6,Negotiate,5,LogOn,Success
2026-03-24T13:03:38.755Z,DESKTOP-C332RF6$,SYSTEM,DESKTOP-C332RF6,Negotiate,5,LogOn,Success
2026-03-24T13:06:45.310Z,DESKTOP-C332RF6$,SYSTEM,DESKTOP-C332RF6,Negotiate,5,LogOn,Success
2026-03-24T13:14:41.804Z,DESKTOP-C332RF6$,SYSTEM,DESKTOP-C332RF6,Negotiate,5,LogOn,Success
2026-03-24T13:15:05.826Z,DESKTOP-C332RF6$,SYSTEM,DESKTOP-C332RF6,Negotiate,5,LogOn,Success
2026-03-24T13:17:26.256Z,DESKTOP-C332RF6$,SYSTEM,DESKTOP-C332RF6,Negotiate,5,LogOn,Success
2026-03-24T13:17:27.987Z,DESKTOP-C332RF6$,SYSTEM,DESKTOP-C332RF6,Negotiate,5,LogOn,Success
2026-03-24T13:17:31.068Z,DESKTOP-C332RF6$,SYSTEM,DESKTOP-C332RF6,Negotiate,5,LogOn,Success
2026-03-24T13:17:31.100Z,DESKTOP-C332RF6$,SYSTEM,DESKTOP-C332RF6,Negotiate,5,LogOn,Success
2026-03-24T13:34:28.257Z,DESKTOP-C332RF6$,SYSTEM,DESKTOP-C332RF6,Negotiate,5,LogOn,Success
2026-03-24T13:49:30.571Z,DESKTOP-C332RF6$,SYSTEM,DESKTOP-C332RF6,Negotiate,5,LogOn,Success
2026-03-24T13:50:12.590Z,DESKTOP-C332RF6$,SYSTEM,DESKTOP-C332RF6,Negotiate,5,LogOn,Success
2026-03-24T13:54:50.371Z,DESKTOP-C332RF6$,SYSTEM,DESKTOP-C332RF6,Negotiate,5,LogOn,Success
2026-03-24T14:50:11.715Z,DESKTOP-C332RF6$,SYSTEM,DESKTOP-C332RF6,Negotiate,5,LogOn,Success
2026-03-24T14:50:13.068Z,DESKTOP-C332RF6$,SYSTEM,DESKTOP-C332RF6,Negotiate,5,LogOn,Success
2026-03-24T14:50:13.187Z,DESKTOP-C332RF6$,SYSTEM,DESKTOP-C332RF6,Negotiate,5,LogOn,Success
2026-03-24T15:50:12.132Z,DESKTOP-C332RF6$,SYSTEM,DESKTOP-C332RF6,Negotiate,5,LogOn,Success
2026-03-24T15:55:41.579Z,DESKTOP-C332RF6$,SYSTEM,DESKTOP-C332RF6,Negotiate,5,LogOn,Success
2026-03-24T16:18:52.677Z,DESKTOP-C332RF6$,SYSTEM,DESKTOP-C332RF6,Negotiate,5,LogOn,Success
2026-03-24T16:18:52.764Z,DESKTOP-C332RF6$,SYSTEM,DESKTOP-C332RF6,Negotiate,5,LogOn,Success
2026-03-24T16:18:52.912Z,DESKTOP-C332RF6$,SYSTEM,DESKTOP-C332RF6,Negotiate,5,LogOn,Success
2026-03-24T16:18:56.484Z,DESKTOP-C332RF6$,PC,DESKTOP-C332RF6,Negotiate,2,LogOn,Success
2026-03-24T16:18:56.484Z,DESKTOP-C332RF6$,PC,DESKTOP-C332RF6,Negotiate,2,LogOn,Success
2026-03-24T16:18:56.485Z,,PC,DESKTOP-C332RF6,,2,LogOff,LogOff
2026-03-24T16:18:56.485Z,,PC,DESKTOP-C332RF6,,2,LogOff,LogOff
2026-03-24T16:19:07.207Z,DESKTOP-C332RF6$,SYSTEM,DESKTOP-C332RF6,Negotiate,5,LogOn,Success
2026-03-24T16:34:01.671Z,DESKTOP-C332RF6$,SYSTEM,DESKTOP-C332RF6,Negotiate,5,LogOn,Success
2026-03-24T16:50:11.257Z,DESKTOP-C332RF6$,SYSTEM,DESKTOP-C332RF6,Negotiate,5,LogOn,Success
2026-03-24T16:55:44.097Z,DESKTOP-C332RF6$,SYSTEM,DESKTOP-C332RF6,Negotiate,5,LogOn,Success
2026-03-24T17:50:12.266Z,DESKTOP-C332RF6$,SYSTEM,DESKTOP-C332RF6,Negotiate,5,LogOn,Success
2026-03-24T17:56:11.960Z,DESKTOP-C332RF6$,SYSTEM,DESKTOP-C332RF6,Negotiate,5,LogOn,Success
2026-03-24T18:50:12.162Z,DESKTOP-C332RF6$,SYSTEM,DESKTOP-C332RF6,Negotiate,5,LogOn,Success
2026-03-24T18:50:14.569Z,DESKTOP-C332RF6$,SYSTEM,DESKTOP-C332RF6,Negotiate,5,LogOn,Success
2026-03-24T18:50:14.691Z,DESKTOP-C332RF6$,SYSTEM,DESKTOP-C332RF6,Negotiate,5,LogOn,Success
2026-03-24T18:55:42.591Z,DESKTOP-C332RF6$,SYSTEM,DESKTOP-C332RF6,Negotiate,5,LogOn,Success
2026-03-24T18:55:45.227Z,DESKTOP-C332RF6$,SYSTEM,DESKTOP-C332RF6,Negotiate,5,LogOn,Success
2026-03-24T18:55:54.258Z,DESKTOP-C332RF6$,SYSTEM,DESKTOP-C332RF6,Negotiate,5,LogOn,Success
2026-03-24T18:55:54.335Z,DESKTOP-C332RF6$,SYSTEM,DESKTOP-C332RF6,Negotiate,5,LogOn,Success
2026-03-24T18:56:00.534Z,DESKTOP-C332RF6$,SYSTEM,DESKTOP-C332RF6,Negotiate,5,LogOn,Success
2026-03-24T19:42:21.396Z,DESKTOP-C332RF6$,SYSTEM,DESKTOP-C332RF6,Negotiate,5,LogOn,Success
2026-03-24T19:42:23.154Z,DESKTOP-C332RF6$,SYSTEM,DESKTOP-C332RF6,Negotiate,5,LogOn,Success
2026-03-24T19:42:26.689Z,DESKTOP-C332RF6$,SYSTEM,DESKTOP-C332RF6,Negotiate,5,LogOn,Success
2026-03-24T19:46:22.291Z,DESKTOP-C332RF6$,SYSTEM,DESKTOP-C332RF6,Negotiate,5,LogOn,Success
2026-03-24T19:50:08.483Z,DESKTOP-C332RF6$,SYSTEM,DESKTOP-C332RF6,Negotiate,5,LogOn,Success
2026-03-24T19:56:12.483Z,DESKTOP-C332RF6$,SYSTEM,DESKTOP-C332RF6,Negotiate,5,LogOn,Success
2026-03-24T20:06:45.302Z,DESKTOP-C332RF6$,SYSTEM,DESKTOP-C332RF6,Negotiate,5,LogOn,Success
2026-03-24T20:16:40.293Z,DESKTOP-C332RF6$,SYSTEM,DESKTOP-C332RF6,Negotiate,5,LogOn,Success
2026-03-24T20:23:07.778Z,DESKTOP-C332RF6$,SYSTEM,DESKTOP-C332RF6,Negotiate,5,LogOn,Success
2026-03-24T20:23:12.905Z,DESKTOP-C332RF6$,SYSTEM,DESKTOP-C332RF6,Negotiate,5,LogOn,Success
2026-03-24T20:23:20.508Z,DESKTOP-C332RF6$,PC,DESKTOP-C332RF6,Negotiate,2,LogOn,Success
2026-03-24T20:23:20.508Z,DESKTOP-C332RF6$,PC,DESKTOP-C332RF6,Negotiate,2,LogOn,Success
2026-03-24T20:23:20.508Z,,PC,DESKTOP-C332RF6,,2,LogOff,LogOff
2026-03-24T20:23:20.508Z,,PC,DESKTOP-C332RF6,,2,LogOff,LogOff
2026-03-24T20:23:20.528Z,DESKTOP-C332RF6$,SYSTEM,DESKTOP-C332RF6,Negotiate,5,LogOn,Success
2026-03-24T20:27:32.094Z,DESKTOP-C332RF6$,SYSTEM,DESKTOP-C332RF6,Negotiate,5,LogOn,Success
2026-03-24T20:32:25.129Z,DESKTOP-C332RF6$,SYSTEM,DESKTOP-C332RF6,Negotiate,5,LogOn,Success
2026-03-24T20:35:40.353Z,DESKTOP-C332RF6$,SYSTEM,DESKTOP-C332RF6,Negotiate,5,LogOn,Success
2026-03-24T20:35:40.401Z,DESKTOP-C332RF6$,SYSTEM,DESKTOP-C332RF6,Negotiate,5,LogOn,Success
2026-03-24T20:45:00.177Z,DESKTOP-C332RF6$,SYSTEM,DESKTOP-C332RF6,Negotiate,5,LogOn,Success
2026-03-24T20:47:50.231Z,DESKTOP-C332RF6$,SYSTEM,DESKTOP-C332RF6,Negotiate,5,LogOn,Success
2026-03-24T20:47:50.295Z,DESKTOP-C332RF6$,SYSTEM,DESKTOP-C332RF6,Negotiate,5,LogOn,Success
2026-03-24T20:47:51.292Z,DESKTOP-C332RF6$,SYSTEM,DESKTOP-C332RF6,Negotiate,5,LogOn,Success
2026-03-24T20:47:52.490Z,DESKTOP-C332RF6$,SYSTEM,DESKTOP-C332RF6,Negotiate,5,LogOn,Success
2026-03-24T20:50:26.905Z,DESKTOP-C332RF6$,SYSTEM,DESKTOP-C332RF6,Negotiate,5,LogOn,Success
2026-03-24T20:50:30.592Z,DESKTOP-C332RF6$,SYSTEM,DESKTOP-C332RF6,Negotiate,5,LogOn,Success
2026-03-24T20:50:31.014Z,DESKTOP-C332RF6$,SYSTEM,DESKTOP-C332RF6,Negotiate,5,LogOn,Success
2026-03-24T20:59:44.779Z,DESKTOP-C332RF6$,SYSTEM,DESKTOP-C332RF6,Negotiate,5,LogOn,Success
2026-03-24T20:59:44.883Z,DESKTOP-C332RF6$,SYSTEM,DESKTOP-C332RF6,Negotiate,5,LogOn,Success
2026-03-24T21:00:01.319Z,DESKTOP-C332RF6$,SYSTEM,DESKTOP-C332RF6,Negotiate,5,LogOn,Success
2026-03-24T21:00:02.296Z,DESKTOP-C332RF6$,SYSTEM,DESKTOP-C332RF6,Negotiate,5,LogOn,Success
2026-03-24T21:03:47.249Z,DESKTOP-C332RF6$,SYSTEM,DESKTOP-C332RF6,Negotiate,5,LogOn,Success
2026-03-24T21:16:40.310Z,DESKTOP-C332RF6$,SYSTEM,DESKTOP-C332RF6,Negotiate,5,LogOn,Success
2026-03-24T21:21:34.581Z,DESKTOP-C332RF6$,SYSTEM,DESKTOP-C332RF6,Negotiate,5,LogOn,Success
2026-03-24T21:35:54.792Z,DESKTOP-C332RF6$,SYSTEM,DESKTOP-C332RF6,Negotiate,5,LogOn,Success
2026-03-24T21:43:04.081Z,DESKTOP-C332RF6$,SYSTEM,DESKTOP-C332RF6,Negotiate,5,LogOn,Success
2026-03-24T21:43:10.432Z,DESKTOP-C332RF6$,SYSTEM,DESKTOP-C332RF6,Negotiate,5,LogOn,Success
2026-03-24T21:56:12.788Z,DESKTOP-C332RF6$,SYSTEM,DESKTOP-C332RF6,Negotiate,5,LogOn,Success
2026-03-24T22:03:57.294Z,DESKTOP-C332RF6$,SYSTEM,DESKTOP-C332RF6,Negotiate,5,LogOn,Success
2026-03-24T22:03:57.373Z,DESKTOP-C332RF6$,SYSTEM,DESKTOP-C332RF6,Negotiate,5,LogOn,Success
2026-03-24T22:16:25.765Z,DESKTOP-C332RF6$,SYSTEM,DESKTOP-C332RF6,Negotiate,5,LogOn,Success
2026-03-24T22:21:24.304Z,DESKTOP-C332RF6$,SYSTEM,DESKTOP-C332RF6,Negotiate,5,LogOn,Success
2026-03-24T22:31:14.660Z,DESKTOP-C332RF6$,SYSTEM,DESKTOP-C332RF6,Negotiate,5,LogOn,Success
2026-03-24T22:31:30.776Z,DESKTOP-C332RF6$,SYSTEM,DESKTOP-C332RF6,Negotiate,5,LogOn,Success
2026-03-24T22:31:33.792Z,DESKTOP-C332RF6$,SYSTEM,DESKTOP-C332RF6,Negotiate,5,LogOn,Success
2026-03-24T22:31:36.673Z,DESKTOP-C332RF6$,UMFD-65,DESKTOP-C332RF6,Negotiate,2,LogOn,Success
2026-03-24T22:31:36.709Z,DESKTOP-C332RF6$,DWM-65,DESKTOP-C332RF6,Negotiate,2,LogOn,Success
2026-03-24T22:31:36.709Z,DESKTOP-C332RF6$,DWM-65,DESKTOP-C332RF6,Negotiate,2,LogOn,Success
2026-03-24T22:31:36.710Z,DESKTOP-C332RF6$,SYSTEM,DESKTOP-C332RF6,Negotiate,5,LogOn,Success
2026-03-24T22:31:36.770Z,DESKTOP-C332RF6$,SYSTEM,DESKTOP-C332RF6,Negotiate,5,LogOn,Success
2026-03-24T22:31:37.088Z,DESKTOP-C332RF6$,SYSTEM,DESKTOP-C332RF6,Negotiate,5,LogOn,Success
2026-03-24T22:31:45.763Z,DESKTOP-C332RF6$,SYSTEM,DESKTOP-C332RF6,Negotiate,5,LogOn,Success
2026-03-24T22:31:46.048Z,,UMFD-64,DESKTOP-C332RF6,,2,LogOff,LogOff
2026-03-24T22:31:46.998Z,DESKTOP-C332RF6$,SYSTEM,DESKTOP-C332RF6,Negotiate,5,LogOn,Success
2026-03-25T10:54:43.517Z,,DWM-64,DESKTOP-C332RF6,,2,LogOff,LogOff
2026-03-25T10:54:43.518Z,,DWM-64,DESKTOP-C332RF6,,2,LogOff,LogOff
2026-03-25T10:54:45.611Z,DESKTOP-C332RF6$,PC,DESKTOP-C332RF6,Negotiate,2,LogOn,Success
2026-03-25T10:54:45.611Z,DESKTOP-C332RF6$,PC,DESKTOP-C332RF6,Negotiate,2,LogOn,Success
2026-03-25T10:54:48.076Z,DESKTOP-C332RF6$,SYSTEM,DESKTOP-C332RF6,Negotiate,5,LogOn,Success
2026-03-25T10:54:55.856Z,DESKTOP-C332RF6$,SYSTEM,DESKTOP-C332RF6,Negotiate,5,LogOn,Success
2026-03-25T10:56:29.590Z,DESKTOP-C332RF6$,SYSTEM,DESKTOP-C332RF6,Negotiate,5,LogOn,Success
2026-03-25T11:00:43.292Z,DESKTOP-C332RF6$,SYSTEM,DESKTOP-C332RF6,Negotiate,5,LogOn,Success
2026-03-25T11:00:43.339Z,DESKTOP-C332RF6$,SYSTEM,DESKTOP-C332RF6,Negotiate,5,LogOn,Success
2026-03-25T11:03:05.688Z,DESKTOP-C332RF6$,SYSTEM,DESKTOP-C332RF6,Negotiate,5,LogOn,Success
2026-03-25T11:04:31.114Z,DESKTOP-C332RF6$,SYSTEM,DESKTOP-C332RF6,Negotiate,5,LogOn,Success
2026-03-25T11:04:44.484Z,DESKTOP-C332RF6$,SYSTEM,DESKTOP-C332RF6,Negotiate,5,LogOn,Success
2026-03-25T11:08:16.152Z,DESKTOP-C332RF6$,SYSTEM,DESKTOP-C332RF6,Negotiate,5,LogOn,Success
2026-03-25T11:09:47.217Z,DESKTOP-C332RF6$,SYSTEM,DESKTOP-C332RF6,Negotiate,5,LogOn,Success
2026-03-25T11:10:44.565Z,DESKTOP-C332RF6$,SYSTEM,DESKTOP-C332RF6,Negotiate,5,LogOn,Success
2026-03-25T11:25:04.380Z,DESKTOP-C332RF6$,SYSTEM,DESKTOP-C332RF6,Negotiate,5,LogOn,Success
2026-03-25T11:25:04.442Z,DESKTOP-C332RF6$,SYSTEM,DESKTOP-C332RF6,Negotiate,5,LogOn,Success
2026-03-25T11:38:45.484Z,DESKTOP-C332RF6$,SYSTEM,DESKTOP-C332RF6,Negotiate,5,LogOn,Success
2026-03-25T11:38:49.053Z,DESKTOP-C332RF6$,SYSTEM,DESKTOP-C332RF6,Negotiate,5,LogOn,Success
2026-03-25T11:48:26.942Z,DESKTOP-C332RF6$,SYSTEM,DESKTOP-C332RF6,Negotiate,5,LogOn,Success
2026-03-25T11:50:22.634Z,DESKTOP-C332RF6$,SYSTEM,DESKTOP-C332RF6,Negotiate,5,LogOn,Success
2026-03-25T11:55:41.955Z,DESKTOP-C332RF6$,SYSTEM,DESKTOP-C332RF6,Negotiate,5,LogOn,Success
2026-03-25T12:00:34.312Z,DESKTOP-C332RF6$,SYSTEM,DESKTOP-C332RF6,Negotiate,5,LogOn,Success
2026-03-25T12:01:01.567Z,DESKTOP-C332RF6$,SYSTEM,DESKTOP-C332RF6,Negotiate,5,LogOn,Success
2026-03-25T12:06:45.299Z,DESKTOP-C332RF6$,SYSTEM,DESKTOP-C332RF6,Negotiate,5,LogOn,Success
2026-03-25T12:19:06.979Z,DESKTOP-C332RF6$,SYSTEM,DESKTOP-C332RF6,Negotiate,5,LogOn,Success
2026-03-25T12:19:22.013Z,DESKTOP-C332RF6$,SYSTEM,DESKTOP-C332RF6,Negotiate,5,LogOn,Success
2026-03-25T12:19:22.397Z,DESKTOP-C332RF6$,SYSTEM,DESKTOP-C332RF6,Negotiate,5,LogOn,Success
2026-03-25T12:19:26.310Z,DESKTOP-C332RF6$,SYSTEM,DESKTOP-C332RF6,Negotiate,5,LogOn,Success
2026-03-25T12:23:23.667Z,DESKTOP-C332RF6$,SYSTEM,DESKTOP-C332RF6,Negotiate,5,LogOn,Success
2026-03-25T12:33:31.581Z,DESKTOP-C332RF6$,SYSTEM,DESKTOP-C332RF6,Negotiate,5,LogOn,Success
2026-03-25T12:33:33.112Z,DESKTOP-C332RF6$,SYSTEM,DESKTOP-C332RF6,Negotiate,5,LogOn,Success
2026-03-25T12:34:44.475Z,DESKTOP-C332RF6$,SYSTEM,DESKTOP-C332RF6,Negotiate,5,LogOn,Success
2026-03-25T12:54:46.975Z,DESKTOP-C332RF6$,SYSTEM,DESKTOP-C332RF6,Negotiate,5,LogOn,Success
2026-03-25T12:54:47.015Z,DESKTOP-C332RF6$,SYSTEM,DESKTOP-C332RF6,Negotiate,5,LogOn,Success
2026-03-25T12:54:50.424Z,DESKTOP-C332RF6$,SYSTEM,DESKTOP-C332RF6,Negotiate,5,LogOn,Success
2026-03-25T12:56:50.237Z,DESKTOP-C332RF6$,SYSTEM,DESKTOP-C332RF6,Negotiate,5,LogOn,Success
2026-03-25T12:56:52.786Z,DESKTOP-C332RF6$,SYSTEM,DESKTOP-C332RF6,Negotiate,5,LogOn,Success
2026-03-25T12:58:29.063Z,DESKTOP-C332RF6$,SYSTEM,DESKTOP-C332RF6,Negotiate,5,LogOn,Success
2026-03-25T13:19:07.165Z,DESKTOP-C332RF6$,SYSTEM,DESKTOP-C332RF6,Negotiate,5,LogOn,Success
2026-03-25T13:19:22.242Z,DESKTOP-C332RF6$,SYSTEM,DESKTOP-C332RF6,Negotiate,5,LogOn,Success
2026-03-25T13:49:56.858Z,DESKTOP-C332RF6$,SYSTEM,DESKTOP-C332RF6,Negotiate,5,LogOn,Success
2026-03-25T14:05:02.308Z,DESKTOP-C332RF6$,SYSTEM,DESKTOP-C332RF6,Negotiate,5,LogOn,Success
2026-03-25T14:19:07.319Z,DESKTOP-C332RF6$,SYSTEM,DESKTOP-C332RF6,Negotiate,5,LogOn,Success
2026-03-25T14:19:22.327Z,DESKTOP-C332RF6$,SYSTEM,DESKTOP-C332RF6,Negotiate,5,LogOn,Success
2026-03-25T14:24:39.013Z,DESKTOP-C332RF6$,SYSTEM,DESKTOP-C332RF6,Negotiate,5,LogOn,Success
2026-03-25T14:24:39.064Z,DESKTOP-C332RF6$,SYSTEM,DESKTOP-C332RF6,Negotiate,5,LogOn,Success
2026-03-25T15:19:21.818Z,DESKTOP-C332RF6$,SYSTEM,DESKTOP-C332RF6,Negotiate,5,LogOn,Success
2026-03-25T15:19:40.201Z,DESKTOP-C332RF6$,SYSTEM,DESKTOP-C332RF6,Negotiate,5,LogOn,Success
2026-03-25T15:19:41.624Z,DESKTOP-C332RF6$,SYSTEM,DESKTOP-C332RF6,Negotiate,5,LogOn,Success
2026-03-25T15:37:16.796Z,DESKTOP-C332RF6$,SYSTEM,DESKTOP-C332RF6,Negotiate,5,LogOn,Success
2026-03-25T15:37:16.850Z,DESKTOP-C332RF6$,SYSTEM,DESKTOP-C332RF6,Negotiate,5,LogOn,Success
2026-03-25T15:37:18.533Z,DESKTOP-C332RF6$,SYSTEM,DESKTOP-C332RF6,Negotiate,5,LogOn,Success
2026-03-25T15:37:22.451Z,DESKTOP-C332RF6$,PC,DESKTOP-C332RF6,Negotiate,2,LogOn,Success
2026-03-25T15:37:22.451Z,DESKTOP-C332RF6$,PC,DESKTOP-C332RF6,Negotiate,2,LogOn,Success
2026-03-25T15:37:22.452Z,,PC,DESKTOP-C332RF6,,2,LogOff,LogOff
2026-03-25T15:37:22.452Z,,PC,DESKTOP-C332RF6,,2,LogOff,LogOff
2026-03-25T15:37:22.741Z,DESKTOP-C332RF6$,SYSTEM,DESKTOP-C332RF6,Negotiate,5,LogOn,Success
2026-03-25T15:42:18.553Z,DESKTOP-C332RF6$,SYSTEM,DESKTOP-C332RF6,Negotiate,5,LogOn,Success
2026-03-25T16:00:43.286Z,DESKTOP-C332RF6$,SYSTEM,DESKTOP-C332RF6,Negotiate,5,LogOn,Success
2026-03-25T16:04:27.365Z,DESKTOP-C332RF6$,SYSTEM,DESKTOP-C332RF6,Negotiate,5,LogOn,Success
2026-03-25T16:05:24.399Z,DESKTOP-C332RF6$,SYSTEM,DESKTOP-C332RF6,Negotiate,5,LogOn,Success
2026-03-25T16:05:24.505Z,DESKTOP-C332RF6$,SYSTEM,DESKTOP-C332RF6,Negotiate,5,LogOn,Success
2026-03-25T16:11:39.069Z,DESKTOP-C332RF6$,SYSTEM,DESKTOP-C332RF6,Negotiate,5,LogOn,Success
2026-03-25T16:11:46.067Z,DESKTOP-C332RF6$,SYSTEM,DESKTOP-C332RF6,Negotiate,5,LogOn,Success
2026-03-25T16:19:22.262Z,DESKTOP-C332RF6$,SYSTEM,DESKTOP-C332RF6,Negotiate,5,LogOn,Success
2026-03-25T16:19:40.185Z,DESKTOP-C332RF6$,SYSTEM,DESKTOP-C332RF6,Negotiate,5,LogOn,Success
2026-03-25T16:20:56.431Z,DESKTOP-C332RF6$,SYSTEM,DESKTOP-C332RF6,Negotiate,5,LogOn,Success
2026-03-25T16:21:09.115Z,DESKTOP-C332RF6$,SYSTEM,DESKTOP-C332RF6,Negotiate,5,LogOn,Success
2026-03-25T16:27:15.252Z,DESKTOP-C332RF6$,SYSTEM,DESKTOP-C332RF6,Negotiate,5,LogOn,Success
2026-03-25T16:27:15.323Z,DESKTOP-C332RF6$,SYSTEM,DESKTOP-C332RF6,Negotiate,5,LogOn,Success
2026-03-25T16:27:16.308Z,DESKTOP-C332RF6$,SYSTEM,DESKTOP-C332RF6,Negotiate,5,LogOn,Success
2026-03-25T16:27:17.635Z,DESKTOP-C332RF6$,SYSTEM,DESKTOP-C332RF6,Negotiate,5,LogOn,Success
2026-03-25T16:42:18.690Z,DESKTOP-C332RF6$,SYSTEM,DESKTOP-C332RF6,Negotiate,5,LogOn,Success
2026-03-25T16:42:18.802Z,DESKTOP-C332RF6$,SYSTEM,DESKTOP-C332RF6,Negotiate,5,LogOn,Success
2026-03-25T16:50:24.376Z,DESKTOP-C332RF6$,SYSTEM,DESKTOP-C332RF6,Negotiate,5,LogOn,Success
2026-03-25T16:54:01.191Z,DESKTOP-C332RF6$,SYSTEM,DESKTOP-C332RF6,Negotiate,5,LogOn,Success
2026-03-25T16:54:02.481Z,DESKTOP-C332RF6$,SYSTEM,DESKTOP-C332RF6,Negotiate,5,LogOn,Success
2026-03-25T17:00:43.299Z,DESKTOP-C332RF6$,SYSTEM,DESKTOP-C332RF6,Negotiate,5,LogOn,Success
2026-03-25T17:06:45.295Z,DESKTOP-C332RF6$,SYSTEM,DESKTOP-C332RF6,Negotiate,5,LogOn,Success
2026-03-25T17:07:50.828Z,DESKTOP-C332RF6$,SYSTEM,DESKTOP-C332RF6,Negotiate,5,LogOn,Success
2026-03-25T17:09:58.509Z,DESKTOP-C332RF6$,SYSTEM,DESKTOP-C332RF6,Negotiate,5,LogOn,Success
2026-03-25T17:11:42.687Z,DESKTOP-C332RF6$,SYSTEM,DESKTOP-C332RF6,Negotiate,5,LogOn,Success
2026-03-25T17:19:40.369Z,DESKTOP-C332RF6$,SYSTEM,DESKTOP-C332RF6,Negotiate,5,LogOn,Success
2026-03-25T17:21:42.589Z,DESKTOP-C332RF6$,SYSTEM,DESKTOP-C332RF6,Negotiate,5,LogOn,Success
2026-03-25T17:21:43.007Z,DESKTOP-C332RF6$,SYSTEM,DESKTOP-C332RF6,Negotiate,5,LogOn,Success
2026-03-25T17:28:00.830Z,DESKTOP-C332RF6$,SYSTEM,DESKTOP-C332RF6,Negotiate,5,LogOn,Success
2026-03-25T17:31:06.596Z,DESKTOP-C332RF6$,SYSTEM,DESKTOP-C332RF6,Negotiate,5,LogOn,Success
2026-03-25T17:40:38.593Z,DESKTOP-C332RF6$,SYSTEM,DESKTOP-C332RF6,Negotiate,5,LogOn,Success
2026-03-25T17:43:10.829Z,DESKTOP-C332RF6$,SYSTEM,DESKTOP-C332RF6,Negotiate,5,LogOn,Success
2026-03-25T17:47:15.159Z,DESKTOP-C332RF6$,SYSTEM,DESKTOP-C332RF6,Negotiate,5,LogOn,Success
2026-03-25T17:58:22.881Z,DESKTOP-C332RF6$,SYSTEM,DESKTOP-C332RF6,Negotiate,5,LogOn,Success
2026-03-25T17:58:22.992Z,DESKTOP-C332RF6$,SYSTEM,DESKTOP-C332RF6,Negotiate,5,LogOn,Success
2026-03-25T18:02:04.472Z,DESKTOP-C332RF6$,SYSTEM,DESKTOP-C332RF6,Negotiate,5,LogOn,Success
2026-03-25T18:03:42.518Z,DESKTOP-C332RF6$,SYSTEM,DESKTOP-C332RF6,Negotiate,5,LogOn,Success
2026-03-25T18:09:14.405Z,DESKTOP-C332RF6$,SYSTEM,DESKTOP-C332RF6,Negotiate,5,LogOn,Success
2026-03-25T18:09:15.235Z,DESKTOP-C332RF6$,SYSTEM,DESKTOP-C332RF6,Negotiate,5,LogOn,Success
2026-03-25T18:09:16.148Z,DESKTOP-C332RF6$,SYSTEM,DESKTOP-C332RF6,Negotiate,5,LogOn,Success
2026-03-25T18:09:16.217Z,DESKTOP-C332RF6$,SYSTEM,DESKTOP-C332RF6,Negotiate,5,LogOn,Success
2026-03-25T18:09:40.422Z,DESKTOP-C332RF6$,PC,DESKTOP-C332RF6,Negotiate,2,LogOn,Success
2026-03-25T18:09:40.422Z,DESKTOP-C332RF6$,PC,DESKTOP-C332RF6,Negotiate,2,LogOn,Success
2026-03-25T18:09:40.422Z,,PC,DESKTOP-C332RF6,,2,LogOff,LogOff
2026-03-25T18:09:40.423Z,,PC,DESKTOP-C332RF6,,2,LogOff,LogOff
2026-03-25T18:14:37.362Z,DESKTOP-C332RF6$,SYSTEM,DESKTOP-C332RF6,Negotiate,5,LogOn,Success
2026-03-25T18:16:38.807Z,DESKTOP-C332RF6$,SYSTEM,DESKTOP-C332RF6,Negotiate,5,LogOn,Success
2026-03-25T18:16:42.443Z,DESKTOP-C332RF6$,SYSTEM,DESKTOP-C332RF6,Negotiate,5,LogOn,Success
2026-03-25T18:19:40.556Z,DESKTOP-C332RF6$,SYSTEM,DESKTOP-C332RF6,Negotiate,5,LogOn,Success
2026-03-25T18:31:44.848Z,DESKTOP-C332RF6$,SYSTEM,DESKTOP-C332RF6,Negotiate,5,LogOn,Success
2026-03-25T18:33:42.287Z,DESKTOP-C332RF6$,SYSTEM,DESKTOP-C332RF6,Negotiate,5,LogOn,Success
2026-03-25T18:33:42.397Z,DESKTOP-C332RF6$,SYSTEM,DESKTOP-C332RF6,Negotiate,5,LogOn,Success
2026-03-25T18:41:42.622Z,DESKTOP-C332RF6$,SYSTEM,DESKTOP-C332RF6,Negotiate,5,LogOn,Success
2026-03-25T18:47:42.517Z,DESKTOP-C332RF6$,SYSTEM,DESKTOP-C332RF6,Negotiate,5,LogOn,Success
2026-03-25T18:48:42.216Z,DESKTOP-C332RF6$,SYSTEM,DESKTOP-C332RF6,Negotiate,5,LogOn,Success
2026-03-25T18:48:42.223Z,DESKTOP-C332RF6$,SYSTEM,DESKTOP-C332RF6,Negotiate,5,LogOn,Success
2026-03-25T18:48:42.251Z,DESKTOP-C332RF6$,SYSTEM,DESKTOP-C332RF6,Negotiate,5,LogOn,Success
2026-03-25T18:48:42.730Z,DESKTOP-C332RF6$,SYSTEM,DESKTOP-C332RF6,Negotiate,5,LogOn,Success
2026-03-25T18:48:43.724Z,DESKTOP-C332RF6$,SYSTEM,DESKTOP-C332RF6,Negotiate,5,LogOn,Success
2026-03-25T18:48:43.950Z,DESKTOP-C332RF6$,SYSTEM,DESKTOP-C332RF6,Negotiate,5,LogOn,Success
2026-03-25T18:48:44.687Z,DESKTOP-C332RF6$,SYSTEM,DESKTOP-C332RF6,Negotiate,5,LogOn,Success
2026-03-25T18:48:47.117Z,DESKTOP-C332RF6$,SYSTEM,DESKTOP-C332RF6,Negotiate,5,LogOn,Success
2026-03-25T19:19:41.898Z,DESKTOP-C332RF6$,SYSTEM,DESKTOP-C332RF6,Negotiate,5,LogOn,Success
2026-03-25T19:47:37.102Z,DESKTOP-C332RF6$,SYSTEM,DESKTOP-C332RF6,Negotiate,5,LogOn,Success
2026-03-25T19:47:38.476Z,DESKTOP-C332RF6$,SYSTEM,DESKTOP-C332RF6,Negotiate,5,LogOn,Success
2026-03-25T19:47:38.598Z,DESKTOP-C332RF6$,SYSTEM,DESKTOP-C332RF6,Negotiate,5,LogOn,Success
2026-03-25T20:13:12.703Z,DESKTOP-C332RF6$,SYSTEM,DESKTOP-C332RF6,Negotiate,5,LogOn,Success
2026-03-25T20:13:12.835Z,DESKTOP-C332RF6$,SYSTEM,DESKTOP-C332RF6,Negotiate,5,LogOn,Success
2026-03-25T20:13:13.271Z,DESKTOP-C332RF6$,SYSTEM,DESKTOP-C332RF6,Negotiate,5,LogOn,Success
2026-03-25T20:13:14.259Z,DESKTOP-C332RF6$,SYSTEM,DESKTOP-C332RF6,Negotiate,5,LogOn,Success
2026-03-25T20:13:14.465Z,DESKTOP-C332RF6$,SYSTEM,DESKTOP-C332RF6,Negotiate,5,LogOn,Success
2026-03-25T20:13:16.455Z,DESKTOP-C332RF6$,SYSTEM,DESKTOP-C332RF6,Negotiate,5,LogOn,Success
2026-03-25T20:13:18.674Z,DESKTOP-C332RF6$,PC,DESKTOP-C332RF6,Negotiate,2,LogOn,Success
2026-03-25T20:13:18.674Z,DESKTOP-C332RF6$,PC,DESKTOP-C332RF6,Negotiate,2,LogOn,Success
2026-03-25T20:13:18.675Z,,PC,DESKTOP-C332RF6,,2,LogOff,LogOff
2026-03-25T20:13:18.675Z,,PC,DESKTOP-C332RF6,,2,LogOff,LogOff
2026-02-23T10:11:47.052Z,DESKTOP-C332RF6$,SYSTEM,DESKTOP-C332RF6,Negotiate,5,LogOn,Success
2026-02-23T10:11:48.435Z,DESKTOP-C332RF6$,SYSTEM,DESKTOP-C332RF6,Negotiate,5,LogOn,Success
2026-02-23T10:13:03.644Z,DESKTOP-C332RF6$,SYSTEM,DESKTOP-C332RF6,Negotiate,5,LogOn,Success
2026-02-23T10:13:07.869Z,DESKTOP-C332RF6$,SYSTEM,DESKTOP-C332RF6,Negotiate,5,LogOn,Success
2026-02-23T10:13:46.906Z,DESKTOP-C332RF6$,SYSTEM,DESKTOP-C332RF6,Negotiate,5,LogOn,Success
2026-02-23T10:15:08.560Z,DESKTOP-C332RF6$,SYSTEM,DESKTOP-C332RF6,Negotiate,5,LogOn,Success
2026-02-23T10:15:08.818Z,DESKTOP-C332RF6$,SYSTEM,DESKTOP-C332RF6,Negotiate,5,LogOn,Success
2026-02-23T10:26:47.162Z,DESKTOP-C332RF6$,SYSTEM,DESKTOP-C332RF6,Negotiate,5,LogOn,Success
2026-02-23T10:26:48.496Z,DESKTOP-C332RF6$,SYSTEM,DESKTOP-C332RF6,Negotiate,5,LogOn,Success
2026-02-23T10:32:32.295Z,DESKTOP-C332RF6$,SYSTEM,DESKTOP-C332RF6,Negotiate,5,LogOn,Success
2026-02-23T10:33:04.191Z,DESKTOP-C332RF6$,SYSTEM,DESKTOP-C332RF6,Negotiate,5,LogOn,Success
2026-02-23T10:33:08.419Z,DESKTOP-C332RF6$,SYSTEM,DESKTOP-C332RF6,Negotiate,5,LogOn,Success
2026-02-23T10:35:09.013Z,DESKTOP-C332RF6$,SYSTEM,DESKTOP-C332RF6,Negotiate,5,LogOn,Success
2026-02-23T10:35:09.260Z,DESKTOP-C332RF6$,SYSTEM,DESKTOP-C332RF6,Negotiate,5,LogOn,Success
2026-02-23T10:41:48.934Z,DESKTOP-C332RF6$,SYSTEM,DESKTOP-C332RF6,Negotiate,5,LogOn,Success
2026-02-23T10:45:52.412Z,DESKTOP-C332RF6$,SYSTEM,DESKTOP-C332RF6,Negotiate,5,LogOn,Success
2026-02-23T10:52:10.994Z,DESKTOP-C332RF6$,SYSTEM,DESKTOP-C332RF6,Negotiate,5,LogOn,Success
2026-02-23T10:52:25.692Z,DESKTOP-C332RF6$,SYSTEM,DESKTOP-C332RF6,Negotiate,5,LogOn,Success
2026-02-23T10:53:03.453Z,DESKTOP-C332RF6$,SYSTEM,DESKTOP-C332RF6,Negotiate,5,LogOn,Success
2026-02-23T10:53:07.660Z,DESKTOP-C332RF6$,SYSTEM,DESKTOP-C332RF6,Negotiate,5,LogOn,Success
2026-02-23T10:53:50.824Z,DESKTOP-C332RF6$,SYSTEM,DESKTOP-C332RF6,Negotiate,5,LogOn,Success
2026-02-23T10:55:08.264Z,DESKTOP-C332RF6$,SYSTEM,DESKTOP-C332RF6,Negotiate,5,LogOn,Success
2026-02-23T10:55:08.487Z,DESKTOP-C332RF6$,SYSTEM,DESKTOP-C332RF6,Negotiate,5,LogOn,Success
2026-02-23T10:55:46.365Z,DESKTOP-C332RF6$,SYSTEM,DESKTOP-C332RF6,Negotiate,5,LogOn,Success
2026-02-23T10:56:57.963Z,DESKTOP-C332RF6$,SYSTEM,DESKTOP-C332RF6,Negotiate,5,LogOn,Success
2026-02-23T11:01:51.481Z,DESKTOP-C332RF6$,SYSTEM,DESKTOP-C332RF6,Negotiate,5,LogOn,Success
2026-02-23T11:12:07.650Z,DESKTOP-C332RF6$,SYSTEM,DESKTOP-C332RF6,Negotiate,5,LogOn,Success
2026-02-23T11:13:03.774Z,DESKTOP-C332RF6$,SYSTEM,DESKTOP-C332RF6,Negotiate,5,LogOn,Success
2026-02-23T11:13:08.024Z,DESKTOP-C332RF6$,SYSTEM,DESKTOP-C332RF6,Negotiate,5,LogOn,Success
2026-02-23T11:15:08.747Z,DESKTOP-C332RF6$,SYSTEM,DESKTOP-C332RF6,Negotiate,5,LogOn,Success
2026-02-23T11:15:08.972Z,DESKTOP-C332RF6$,SYSTEM,DESKTOP-C332RF6,Negotiate,5,LogOn,Success
2026-02-23T11:24:40.976Z,DESKTOP-C332RF6$,SYSTEM,DESKTOP-C332RF6,Negotiate,5,LogOn,Success
2026-02-23T11:24:42.045Z,DESKTOP-C332RF6$,SYSTEM,DESKTOP-C332RF6,Negotiate,5,LogOn,Success
2026-02-23T11:24:43.404Z,DESKTOP-C332RF6$,SYSTEM,DESKTOP-C332RF6,Negotiate,5,LogOn,Success
2026-02-23T11:24:43.597Z,DESKTOP-C332RF6$,SYSTEM,DESKTOP-C332RF6,Negotiate,5,LogOn,Success
2026-02-23T11:24:49.203Z,DESKTOP-C332RF6$,SYSTEM,DESKTOP-C332RF6,Negotiate,5,LogOn,Success
2026-02-23T11:26:39.758Z,DESKTOP-C332RF6$,SYSTEM,DESKTOP-C332RF6,Negotiate,5,LogOn,Success
2026-02-23T11:26:39.995Z,DESKTOP-C332RF6$,SYSTEM,DESKTOP-C332RF6,Negotiate,5,LogOn,Success
2026-02-23T11:27:42.851Z,DESKTOP-C332RF6$,SYSTEM,DESKTOP-C332RF6,Negotiate,5,LogOn,Success
2026-02-23T11:33:04.259Z,DESKTOP-C332RF6$,SYSTEM,DESKTOP-C332RF6,Negotiate,5,LogOn,Success
2026-02-23T11:33:08.450Z,DESKTOP-C332RF6$,SYSTEM,DESKTOP-C332RF6,Negotiate,5,LogOn,Success
2026-02-23T11:35:09.074Z,DESKTOP-C332RF6$,SYSTEM,DESKTOP-C332RF6,Negotiate,5,LogOn,Success
2026-02-23T11:35:09.337Z,DESKTOP-C332RF6$,SYSTEM,DESKTOP-C332RF6,Negotiate,5,LogOn,Success
2026-02-23T11:38:08.445Z,DESKTOP-C332RF6$,SYSTEM,DESKTOP-C332RF6,Negotiate,5,LogOn,Success
2026-02-23T11:38:08.493Z,DESKTOP-C332RF6$,SYSTEM,DESKTOP-C332RF6,Negotiate,5,LogOn,Success
2026-02-23T11:42:11.560Z,DESKTOP-C332RF6$,SYSTEM,DESKTOP-C332RF6,Negotiate,5,LogOn,Success
2026-02-23T11:48:10.303Z,DESKTOP-C332RF6$,SYSTEM,DESKTOP-C332RF6,Negotiate,5,LogOn,Success
2026-02-23T11:51:19.436Z,DESKTOP-C332RF6$,SYSTEM,DESKTOP-C332RF6,Negotiate,5,LogOn,Success
2026-02-23T11:51:57.404Z,DESKTOP-C332RF6$,SYSTEM,DESKTOP-C332RF6,Negotiate,5,LogOn,Success
2026-02-23T11:53:03.697Z,DESKTOP-C332RF6$,SYSTEM,DESKTOP-C332RF6,Negotiate,5,LogOn,Success
2026-02-23T11:53:07.914Z,DESKTOP-C332RF6$,SYSTEM,DESKTOP-C332RF6,Negotiate,5,LogOn,Success
2026-02-23T11:55:08.704Z,DESKTOP-C332RF6$,SYSTEM,DESKTOP-C332RF6,Negotiate,5,LogOn,Success
2026-02-23T11:55:08.938Z,DESKTOP-C332RF6$,SYSTEM,DESKTOP-C332RF6,Negotiate,5,LogOn,Success
2026-02-23T12:11:58.710Z,DESKTOP-C332RF6$,SYSTEM,DESKTOP-C332RF6,Negotiate,5,LogOn,Success
2026-02-23T12:12:00.031Z,DESKTOP-C332RF6$,SYSTEM,DESKTOP-C332RF6,Negotiate,5,LogOn,Success
2026-02-23T12:13:03.717Z,DESKTOP-C332RF6$,SYSTEM,DESKTOP-C332RF6,Negotiate,5,LogOn,Success
2026-02-23T12:13:07.924Z,DESKTOP-C332RF6$,SYSTEM,DESKTOP-C332RF6,Negotiate,5,LogOn,Success
2026-02-23T12:15:08.363Z,DESKTOP-C332RF6$,SYSTEM,DESKTOP-C332RF6,Negotiate,5,LogOn,Success
2026-02-23T12:15:08.577Z,DESKTOP-C332RF6$,SYSTEM,DESKTOP-C332RF6,Negotiate,5,LogOn,Success
2026-02-23T12:17:19.006Z,DESKTOP-C332RF6$,SYSTEM,DESKTOP-C332RF6,Negotiate,5,LogOn,Success
2026-02-23T12:21:09.507Z,DESKTOP-C332RF6$,SYSTEM,DESKTOP-C332RF6,Negotiate,5,LogOn,Success
2026-02-23T12:24:58.146Z,DESKTOP-C332RF6$,SYSTEM,DESKTOP-C332RF6,Negotiate,5,LogOn,Success
2026-02-23T12:36:14.901Z,DESKTOP-C332RF6$,SYSTEM,DESKTOP-C332RF6,Negotiate,5,LogOn,Success
2026-02-23T12:48:10.480Z,DESKTOP-C332RF6$,SYSTEM,DESKTOP-C332RF6,Negotiate,5,LogOn,Success
2026-02-23T13:24:51.541Z,DESKTOP-C332RF6$,SYSTEM,DESKTOP-C332RF6,Negotiate,5,LogOn,Success
2026-02-23T13:48:28.319Z,DESKTOP-C332RF6$,SYSTEM,DESKTOP-C332RF6,Negotiate,5,LogOn,Success
2026-02-23T14:08:38.959Z,DESKTOP-C332RF6$,SYSTEM,DESKTOP-C332RF6,Negotiate,5,LogOn,Success
2026-02-23T14:08:39.466Z,DESKTOP-C332RF6$,SYSTEM,DESKTOP-C332RF6,Negotiate,5,LogOn,Success
2026-02-23T14:08:39.548Z,DESKTOP-C332RF6$,SYSTEM,DESKTOP-C332RF6,Negotiate,5,LogOn,Success
2026-02-23T14:08:40.516Z,DESKTOP-C332RF6$,SYSTEM,DESKTOP-C332RF6,Negotiate,5,LogOn,Success
2026-02-23T14:08:40.563Z,DESKTOP-C332RF6$,SYSTEM,DESKTOP-C332RF6,Negotiate,5,LogOn,Success
2026-02-23T14:08:45.483Z,DESKTOP-C332RF6$,PC,DESKTOP-C332RF6,Negotiate,2,LogOn,Success
2026-02-23T14:08:45.483Z,DESKTOP-C332RF6$,PC,DESKTOP-C332RF6,Negotiate,2,LogOn,Success
2026-02-23T14:08:45.484Z,,PC,DESKTOP-C332RF6,,2,LogOff,LogOff
2026-02-23T14:08:45.484Z,,PC,DESKTOP-C332RF6,,2,LogOff,LogOff
2026-02-23T14:08:46.161Z,DESKTOP-C332RF6$,SYSTEM,DESKTOP-C332RF6,Negotiate,5,LogOn,Success
2026-02-23T14:08:50.351Z,DESKTOP-C332RF6$,SYSTEM,DESKTOP-C332RF6,Negotiate,5,LogOn,Success
2026-02-23T14:08:52.648Z,DESKTOP-C332RF6$,SYSTEM,DESKTOP-C332RF6,Negotiate,5,LogOn,Success
2026-02-23T14:09:21.093Z,DESKTOP-C332RF6$,SYSTEM,DESKTOP-C332RF6,Negotiate,5,LogOn,Success
2026-02-23T14:10:50.972Z,DESKTOP-C332RF6$,SYSTEM,DESKTOP-C332RF6,Negotiate,5,LogOn,Success
2026-02-23T14:10:51.230Z,DESKTOP-C332RF6$,SYSTEM,DESKTOP-C332RF6,Negotiate,5,LogOn,Success
2026-02-23T14:13:27.971Z,DESKTOP-C332RF6$,SYSTEM,DESKTOP-C332RF6,Negotiate,5,LogOn,Success
2026-02-23T14:24:42.104Z,DESKTOP-C332RF6$,SYSTEM,DESKTOP-C332RF6,Negotiate,5,LogOn,Success
2026-02-23T14:24:42.235Z,DESKTOP-C332RF6$,SYSTEM,DESKTOP-C332RF6,Negotiate,5,LogOn,Success
2026-02-23T14:26:43.170Z,DESKTOP-C332RF6$,SYSTEM,DESKTOP-C332RF6,Negotiate,5,LogOn,Success
2026-02-23T14:27:44.231Z,DESKTOP-C332RF6$,SYSTEM,DESKTOP-C332RF6,Negotiate,5,LogOn,Success
2026-02-23T14:30:04.141Z,DESKTOP-C332RF6$,SYSTEM,DESKTOP-C332RF6,Negotiate,5,LogOn,Success
2026-02-23T14:30:42.311Z,DESKTOP-C332RF6$,SYSTEM,DESKTOP-C332RF6,Negotiate,5,LogOn,Success
2026-02-23T14:32:04.984Z,DESKTOP-C332RF6$,SYSTEM,DESKTOP-C332RF6,Negotiate,5,LogOn,Success
2026-02-23T14:32:05.314Z,DESKTOP-C332RF6$,SYSTEM,DESKTOP-C332RF6,Negotiate,5,LogOn,Success
2026-02-23T14:41:43.586Z,DESKTOP-C332RF6$,SYSTEM,DESKTOP-C332RF6,Negotiate,5,LogOn,Success
2026-02-23T14:42:30.104Z,DESKTOP-C332RF6$,SYSTEM,DESKTOP-C332RF6,Negotiate,5,LogOn,Success
2026-02-23T14:50:04.123Z,DESKTOP-C332RF6$,SYSTEM,DESKTOP-C332RF6,Negotiate,5,LogOn,Success
2026-02-23T14:50:08.361Z,DESKTOP-C332RF6$,SYSTEM,DESKTOP-C332RF6,Negotiate,5,LogOn,Success
2026-02-23T14:52:09.201Z,DESKTOP-C332RF6$,SYSTEM,DESKTOP-C332RF6,Negotiate,5,LogOn,Success
2026-02-23T14:52:09.509Z,DESKTOP-C332RF6$,SYSTEM,DESKTOP-C332RF6,Negotiate,5,LogOn,Success
2026-02-23T14:58:16.096Z,DESKTOP-C332RF6$,SYSTEM,DESKTOP-C332RF6,Negotiate,5,LogOn,Success
2026-02-23T14:58:17.180Z,DESKTOP-C332RF6$,SYSTEM,DESKTOP-C332RF6,Negotiate,5,LogOn,Success
2026-02-23T15:04:00.578Z,DESKTOP-C332RF6$,SYSTEM,DESKTOP-C332RF6,Negotiate,5,LogOn,Success
2026-02-23T15:10:04.661Z,DESKTOP-C332RF6$,SYSTEM,DESKTOP-C332RF6,Negotiate,5,LogOn,Success
2026-02-23T15:10:08.883Z,DESKTOP-C332RF6$,SYSTEM,DESKTOP-C332RF6,Negotiate,5,LogOn,Success
2026-02-23T15:12:09.803Z,DESKTOP-C332RF6$,SYSTEM,DESKTOP-C332RF6,Negotiate,5,LogOn,Success
2026-02-23T15:12:10.121Z,DESKTOP-C332RF6$,SYSTEM,DESKTOP-C332RF6,Negotiate,5,LogOn,Success
2026-02-23T15:12:34.380Z,DESKTOP-C332RF6$,SYSTEM,DESKTOP-C332RF6,Negotiate,5,LogOn,Success
2026-02-23T15:18:32.635Z,DESKTOP-C332RF6$,SYSTEM,DESKTOP-C332RF6,Negotiate,5,LogOn,Success
2026-02-23T15:23:43.870Z,DESKTOP-C332RF6$,SYSTEM,DESKTOP-C332RF6,Negotiate,5,LogOn,Success
2026-02-23T15:29:29.508Z,DESKTOP-C332RF6$,SYSTEM,DESKTOP-C332RF6,Negotiate,5,LogOn,Success
2026-02-23T15:29:49.310Z,DESKTOP-C332RF6$,SYSTEM,DESKTOP-C332RF6,Negotiate,5,LogOn,Success
2026-02-23T15:29:50.060Z,DESKTOP-C332RF6$,SYSTEM,DESKTOP-C332RF6,Negotiate,5,LogOn,Success
2026-02-23T15:29:51.006Z,DESKTOP-C332RF6$,SYSTEM,DESKTOP-C332RF6,Negotiate,5,LogOn,Success
2026-02-23T15:29:56.875Z,DESKTOP-C332RF6$,SYSTEM,DESKTOP-C332RF6,Negotiate,5,LogOn,Success
2026-02-23T15:29:58.044Z,DESKTOP-C332RF6$,SYSTEM,DESKTOP-C332RF6,Negotiate,5,LogOn,Success
2026-02-23T15:30:03.921Z,DESKTOP-C332RF6$,SYSTEM,DESKTOP-C332RF6,Negotiate,5,LogOn,Success
2026-02-23T15:30:08.154Z,DESKTOP-C332RF6$,SYSTEM,DESKTOP-C332RF6,Negotiate,5,LogOn,Success
2026-02-23T15:32:08.910Z,DESKTOP-C332RF6$,SYSTEM,DESKTOP-C332RF6,Negotiate,5,LogOn,Success
2026-02-23T15:32:09.118Z,DESKTOP-C332RF6$,SYSTEM,DESKTOP-C332RF6,Negotiate,5,LogOn,Success
2026-02-23T15:35:30.373Z,DESKTOP-C332RF6$,SYSTEM,DESKTOP-C332RF6,Negotiate,5,LogOn,Success
2026-02-23T15:48:23.743Z,DESKTOP-C332RF6$,SYSTEM,DESKTOP-C332RF6,Negotiate,5,LogOn,Success
2026-02-23T15:48:25.064Z,DESKTOP-C332RF6$,SYSTEM,DESKTOP-C332RF6,Negotiate,5,LogOn,Success
2026-02-23T15:50:04.310Z,DESKTOP-C332RF6$,SYSTEM,DESKTOP-C332RF6,Negotiate,5,LogOn,Success
2026-02-23T15:50:08.484Z,DESKTOP-C332RF6$,SYSTEM,DESKTOP-C332RF6,Negotiate,5,LogOn,Success
2026-02-23T15:52:08.992Z,DESKTOP-C332RF6$,SYSTEM,DESKTOP-C332RF6,Negotiate,5,LogOn,Success
2026-02-23T15:52:09.182Z,DESKTOP-C332RF6$,SYSTEM,DESKTOP-C332RF6,Negotiate,5,LogOn,Success
2026-02-23T15:52:40.966Z,DESKTOP-C332RF6$,SYSTEM,DESKTOP-C332RF6,Negotiate,5,LogOn,Success
2026-02-23T15:56:32.969Z,DESKTOP-C332RF6$,SYSTEM,DESKTOP-C332RF6,Negotiate,5,LogOn,Success
2026-02-23T15:56:37.643Z,DESKTOP-C332RF6$,SYSTEM,DESKTOP-C332RF6,Negotiate,5,LogOn,Success
2026-02-23T15:56:38.625Z,DESKTOP-C332RF6$,SYSTEM,DESKTOP-C332RF6,Negotiate,5,LogOn,Success
2026-02-23T15:56:56.589Z,DESKTOP-C332RF6$,SYSTEM,DESKTOP-C332RF6,Negotiate,5,LogOn,Success
2026-02-23T16:00:33.450Z,DESKTOP-C332RF6$,SYSTEM,DESKTOP-C332RF6,Negotiate,5,LogOn,Success
2026-02-23T16:04:17.939Z,DESKTOP-C332RF6$,SYSTEM,DESKTOP-C332RF6,Negotiate,5,LogOn,Success
2026-02-23T16:06:06.758Z,DESKTOP-C332RF6$,SYSTEM,DESKTOP-C332RF6,Negotiate,5,LogOn,Success
2026-02-23T16:07:52.994Z,DESKTOP-C332RF6$,SYSTEM,DESKTOP-C332RF6,Negotiate,5,LogOn,Success
2026-02-23T16:08:48.655Z,DESKTOP-C332RF6$,SYSTEM,DESKTOP-C332RF6,Negotiate,5,LogOn,Success
2026-02-23T16:09:29.853Z,DESKTOP-C332RF6$,SYSTEM,DESKTOP-C332RF6,Negotiate,5,LogOn,Success
2026-02-23T16:10:04.808Z,DESKTOP-C332RF6$,SYSTEM,DESKTOP-C332RF6,Negotiate,5,LogOn,Success
2026-02-23T16:10:09.721Z,DESKTOP-C332RF6$,SYSTEM,DESKTOP-C332RF6,Negotiate,5,LogOn,Success
2026-02-23T16:10:14.771Z,DESKTOP-C332RF6$,SYSTEM,DESKTOP-C332RF6,Negotiate,5,LogOn,Success
2026-02-23T16:10:15.075Z,DESKTOP-C332RF6$,SYSTEM,DESKTOP-C332RF6,Negotiate,5,LogOn,Success
2026-02-23T16:11:57.480Z,DESKTOP-C332RF6$,SYSTEM,DESKTOP-C332RF6,Negotiate,5,LogOn,Success
2026-02-23T16:11:57.480Z,DESKTOP-C332RF6$,SYSTEM,DESKTOP-C332RF6,Negotiate,5,LogOn,Success
2026-02-23T16:12:05.512Z,DESKTOP-C332RF6$,SYSTEM,DESKTOP-C332RF6,Negotiate,5,LogOn,Success
2026-02-23T16:12:05.746Z,DESKTOP-C332RF6$,SYSTEM,DESKTOP-C332RF6,Negotiate,5,LogOn,Success
2026-02-23T16:23:29.376Z,DESKTOP-C332RF6$,SYSTEM,DESKTOP-C332RF6,Negotiate,5,LogOn,Success
2026-02-23T16:29:56.883Z,DESKTOP-C332RF6$,SYSTEM,DESKTOP-C332RF6,Negotiate,5,LogOn,Success
2026-02-23T16:30:04.188Z,DESKTOP-C332RF6$,SYSTEM,DESKTOP-C332RF6,Negotiate,5,LogOn,Success
2026-02-23T16:30:08.425Z,DESKTOP-C332RF6$,SYSTEM,DESKTOP-C332RF6,Negotiate,5,LogOn,Success
2026-02-23T16:32:09.001Z,DESKTOP-C332RF6$,SYSTEM,DESKTOP-C332RF6,Negotiate,5,LogOn,Success
2026-02-23T16:32:09.221Z,DESKTOP-C332RF6$,SYSTEM,DESKTOP-C332RF6,Negotiate,5,LogOn,Success
2026-02-23T16:38:29.432Z,DESKTOP-C332RF6$,SYSTEM,DESKTOP-C332RF6,Negotiate,5,LogOn,Success
2026-02-23T16:40:20.774Z,DESKTOP-C332RF6$,SYSTEM,DESKTOP-C332RF6,Negotiate,5,LogOn,Success
2026-02-23T16:42:46.768Z,DESKTOP-C332RF6$,SYSTEM,DESKTOP-C332RF6,Negotiate,5,LogOn,Success
2026-02-23T16:48:44.234Z,DESKTOP-C332RF6$,SYSTEM,DESKTOP-C332RF6,Negotiate,5,LogOn,Success
2026-02-23T16:50:04.186Z,DESKTOP-C332RF6$,SYSTEM,DESKTOP-C332RF6,Negotiate,5,LogOn,Success
2026-02-23T16:50:08.327Z,DESKTOP-C332RF6$,SYSTEM,DESKTOP-C332RF6,Negotiate,5,LogOn,Success
2026-02-23T16:52:08.757Z,DESKTOP-C332RF6$,SYSTEM,DESKTOP-C332RF6,Negotiate,5,LogOn,Success
2026-02-23T16:52:08.951Z,DESKTOP-C332RF6$,SYSTEM,DESKTOP-C332RF6,Negotiate,5,LogOn,Success
2026-02-23T16:57:57.635Z,DESKTOP-C332RF6$,SYSTEM,DESKTOP-C332RF6,Negotiate,5,LogOn,Success
2026-02-23T16:57:58.860Z,DESKTOP-C332RF6$,SYSTEM,DESKTOP-C332RF6,Negotiate,5,LogOn,Success
2026-02-23T17:10:04.771Z,DESKTOP-C332RF6$,SYSTEM,DESKTOP-C332RF6,Negotiate,5,LogOn,Success
2026-02-23T17:10:08.928Z,DESKTOP-C332RF6$,SYSTEM,DESKTOP-C332RF6,Negotiate,5,LogOn,Success
2026-02-23T17:11:28.635Z,DESKTOP-C332RF6$,SYSTEM,DESKTOP-C332RF6,Negotiate,5,LogOn,Success
2026-02-23T17:12:09.371Z,DESKTOP-C332RF6$,SYSTEM,DESKTOP-C332RF6,Negotiate,5,LogOn,Success
2026-02-23T17:12:09.575Z,DESKTOP-C332RF6$,SYSTEM,DESKTOP-C332RF6,Negotiate,5,LogOn,Success
2026-02-23T17:12:34.287Z,DESKTOP-C332RF6$,SYSTEM,DESKTOP-C332RF6,Negotiate,5,LogOn,Success
2026-02-23T17:14:10.192Z,DESKTOP-C332RF6$,SYSTEM,DESKTOP-C332RF6,Negotiate,5,LogOn,Success
2026-02-23T17:30:04.238Z,DESKTOP-C332RF6$,SYSTEM,DESKTOP-C332RF6,Negotiate,5,LogOn,Success
2026-02-23T17:30:08.454Z,DESKTOP-C332RF6$,SYSTEM,DESKTOP-C332RF6,Negotiate,5,LogOn,Success
2026-02-23T17:32:08.972Z,DESKTOP-C332RF6$,SYSTEM,DESKTOP-C332RF6,Negotiate,5,LogOn,Success
2026-02-23T17:32:09.194Z,DESKTOP-C332RF6$,SYSTEM,DESKTOP-C332RF6,Negotiate,5,LogOn,Success
2026-02-23T17:32:29.759Z,DESKTOP-C332RF6$,SYSTEM,DESKTOP-C332RF6,Negotiate,5,LogOn,Success
2026-02-23T17:32:32.520Z,DESKTOP-C332RF6$,SYSTEM,DESKTOP-C332RF6,Negotiate,5,LogOn,Success
2026-02-23T17:36:26.129Z,DESKTOP-C332RF6$,SYSTEM,DESKTOP-C332RF6,Negotiate,5,LogOn,Success
2026-02-23T17:40:21.307Z,DESKTOP-C332RF6$,SYSTEM,DESKTOP-C332RF6,Negotiate,5,LogOn,Success
2026-02-23T17:46:44.070Z,DESKTOP-C332RF6$,SYSTEM,DESKTOP-C332RF6,Negotiate,5,LogOn,Success
2026-02-23T17:46:48.669Z,DESKTOP-C332RF6$,SYSTEM,DESKTOP-C332RF6,Negotiate,5,LogOn,Success
2026-02-23T18:01:47.180Z,DESKTOP-C332RF6$,SYSTEM,DESKTOP-C332RF6,Negotiate,5,LogOn,Success
2026-02-23T18:40:37.913Z,DESKTOP-C332RF6$,SYSTEM,DESKTOP-C332RF6,Negotiate,5,LogOn,Success
2026-02-23T18:46:23.432Z,DESKTOP-C332RF6$,SYSTEM,DESKTOP-C332RF6,Negotiate,5,LogOn,Success
2026-02-23T18:46:23.801Z,DESKTOP-C332RF6$,SYSTEM,DESKTOP-C332RF6,Negotiate,5,LogOn,Success
2026-02-23T18:46:24.414Z,DESKTOP-C332RF6$,SYSTEM,DESKTOP-C332RF6,Negotiate,5,LogOn,Success
2026-02-23T18:46:24.712Z,DESKTOP-C332RF6$,SYSTEM,DESKTOP-C332RF6,Negotiate,5,LogOn,Success
2026-02-23T18:46:24.837Z,DESKTOP-C332RF6$,SYSTEM,DESKTOP-C332RF6,Negotiate,5,LogOn,Success
2026-02-23T18:46:24.908Z,DESKTOP-C332RF6$,SYSTEM,DESKTOP-C332RF6,Negotiate,5,LogOn,Success
2026-02-23T18:46:28.318Z,DESKTOP-C332RF6$,SYSTEM,DESKTOP-C332RF6,Negotiate,5,LogOn,Success
2026-02-23T18:46:29.155Z,DESKTOP-C332RF6$,SYSTEM,DESKTOP-C332RF6,Negotiate,5,LogOn,Success
2026-02-23T18:46:30.072Z,DESKTOP-C332RF6$,SYSTEM,DESKTOP-C332RF6,Negotiate,5,LogOn,Success
2026-02-23T18:46:34.305Z,DESKTOP-C332RF6$,SYSTEM,DESKTOP-C332RF6,Negotiate,5,LogOn,Success
2026-02-23T18:48:40.953Z,DESKTOP-C332RF6$,SYSTEM,DESKTOP-C332RF6,Negotiate,5,LogOn,Success
2026-02-23T18:48:41.157Z,DESKTOP-C332RF6$,SYSTEM,DESKTOP-C332RF6,Negotiate,5,LogOn,Success
2026-02-23T19:40:49.425Z,DESKTOP-C332RF6$,SYSTEM,DESKTOP-C332RF6,Negotiate,5,LogOn,Success
2026-02-23T19:48:57.202Z,DESKTOP-C332RF6$,SYSTEM,DESKTOP-C332RF6,Negotiate,5,LogOn,Success
2026-02-23T20:40:35.553Z,DESKTOP-C332RF6$,SYSTEM,DESKTOP-C332RF6,Negotiate,5,LogOn,Success
2026-02-23T20:47:40.656Z,DESKTOP-C332RF6$,SYSTEM,DESKTOP-C332RF6,Negotiate,5,LogOn,Success
2026-02-23T20:47:40.752Z,DESKTOP-C332RF6$,SYSTEM,DESKTOP-C332RF6,Negotiate,5,LogOn,Success
2026-02-23T20:47:41.484Z,DESKTOP-C332RF6$,SYSTEM,DESKTOP-C332RF6,Negotiate,5,LogOn,Success
2026-02-23T20:47:42.269Z,DESKTOP-C332RF6$,SYSTEM,DESKTOP-C332RF6,Negotiate,5,LogOn,Success
2026-02-23T20:47:42.370Z,DESKTOP-C332RF6$,SYSTEM,DESKTOP-C332RF6,Negotiate,5,LogOn,Success
2026-02-23T20:47:42.475Z,DESKTOP-C332RF6$,SYSTEM,DESKTOP-C332RF6,Negotiate,5,LogOn,Success
2026-02-23T20:47:42.964Z,DESKTOP-C332RF6$,PC,DESKTOP-C332RF6,Negotiate,2,LogOn,Success
2026-02-23T20:47:42.964Z,DESKTOP-C332RF6$,PC,DESKTOP-C332RF6,Negotiate,2,LogOn,Success
2026-02-23T20:47:42.965Z,,PC,DESKTOP-C332RF6,,2,LogOff,LogOff
2026-02-23T20:47:42.965Z,,PC,DESKTOP-C332RF6,,2,LogOff,LogOff
2026-02-23T20:47:43.672Z,DESKTOP-C332RF6$,SYSTEM,DESKTOP-C332RF6,Negotiate,5,LogOn,Success
2026-02-23T20:47:47.564Z,DESKTOP-C332RF6$,SYSTEM,DESKTOP-C332RF6,Negotiate,5,LogOn,Success
2026-02-23T20:47:51.752Z,DESKTOP-C332RF6$,SYSTEM,DESKTOP-C332RF6,Negotiate,5,LogOn,Success
2026-02-23T20:47:54.364Z,DESKTOP-C332RF6$,UMFD-12,DESKTOP-C332RF6,Negotiate,2,LogOn,Success
2026-02-23T20:47:54.406Z,DESKTOP-C332RF6$,DWM-12,DESKTOP-C332RF6,Negotiate,2,LogOn,Success
2026-02-23T20:47:54.406Z,DESKTOP-C332RF6$,DWM-12,DESKTOP-C332RF6,Negotiate,2,LogOn,Success
2026-02-23T20:47:54.862Z,DESKTOP-C332RF6$,SYSTEM,DESKTOP-C332RF6,Negotiate,5,LogOn,Success
2026-02-23T20:47:59.189Z,,UMFD-11,DESKTOP-C332RF6,,2,LogOff,LogOff
2026-02-23T20:48:00.431Z,,DWM-11,DESKTOP-C332RF6,,2,LogOff,LogOff
2026-02-23T20:48:00.431Z,,DWM-11,DESKTOP-C332RF6,,2,LogOff,LogOff
2026-02-24T10:53:15.313Z,DESKTOP-C332RF6$,PC,DESKTOP-C332RF6,Negotiate,2,LogOn,Success
2026-02-24T10:53:15.313Z,DESKTOP-C332RF6$,PC,DESKTOP-C332RF6,Negotiate,2,LogOn,Success
2026-02-24T10:53:20.795Z,DESKTOP-C332RF6$,SYSTEM,DESKTOP-C332RF6,Negotiate,5,LogOn,Success
2026-02-24T10:53:24.608Z,DESKTOP-C332RF6$,SYSTEM,DESKTOP-C332RF6,Negotiate,5,LogOn,Success
2026-02-24T10:53:28.612Z,DESKTOP-C332RF6$,SYSTEM,DESKTOP-C332RF6,Negotiate,5,LogOn,Success
2026-02-24T10:55:15.599Z,DESKTOP-C332RF6$,SYSTEM,DESKTOP-C332RF6,Negotiate,5,LogOn,Success
2026-02-24T10:55:26.563Z,DESKTOP-C332RF6$,SYSTEM,DESKTOP-C332RF6,Negotiate,5,LogOn,Success
2026-02-24T10:59:10.568Z,DESKTOP-C332RF6$,SYSTEM,DESKTOP-C332RF6,Negotiate,5,LogOn,Success
2026-02-24T10:59:10.643Z,DESKTOP-C332RF6$,SYSTEM,DESKTOP-C332RF6,Negotiate,5,LogOn,Success
2026-02-24T10:59:11.371Z,DESKTOP-C332RF6$,SYSTEM,DESKTOP-C332RF6,Negotiate,5,LogOn,Success
2026-02-24T10:59:11.418Z,DESKTOP-C332RF6$,SYSTEM,DESKTOP-C332RF6,Negotiate,5,LogOn,Success
2026-02-24T11:02:38.783Z,DESKTOP-C332RF6$,SYSTEM,DESKTOP-C332RF6,Negotiate,5,LogOn,Success
2026-02-24T11:02:39.095Z,DESKTOP-C332RF6$,SYSTEM,DESKTOP-C332RF6,Negotiate,5,LogOn,Success
2026-02-24T11:03:12.700Z,DESKTOP-C332RF6$,SYSTEM,DESKTOP-C332RF6,Negotiate,5,LogOn,Success
2026-02-24T11:08:16.851Z,DESKTOP-C332RF6$,SYSTEM,DESKTOP-C332RF6,Negotiate,5,LogOn,Success
2026-02-24T11:08:19.776Z,DESKTOP-C332RF6$,SYSTEM,DESKTOP-C332RF6,Negotiate,5,LogOn,Success
2026-02-24T11:08:20.243Z,DESKTOP-C332RF6$,SYSTEM,DESKTOP-C332RF6,Negotiate,5,LogOn,Success
2026-02-24T11:08:21.431Z,DESKTOP-C332RF6$,SYSTEM,DESKTOP-C332RF6,Negotiate,5,LogOn,Success
2026-02-24T11:09:09.929Z,DESKTOP-C332RF6$,SYSTEM,DESKTOP-C332RF6,Negotiate,5,LogOn,Success
2026-02-24T11:12:38.404Z,DESKTOP-C332RF6$,SYSTEM,DESKTOP-C332RF6,Negotiate,5,LogOn,Success
2026-02-24T11:14:27.190Z,DESKTOP-C332RF6$,SYSTEM,DESKTOP-C332RF6,Negotiate,5,LogOn,Success
2026-02-24T11:15:41.293Z,DESKTOP-C332RF6$,SYSTEM,DESKTOP-C332RF6,Negotiate,5,LogOn,Success
2026-02-24T11:17:30.090Z,DESKTOP-C332RF6$,SYSTEM,DESKTOP-C332RF6,Negotiate,5,LogOn,Success
2026-02-24T11:21:23.631Z,DESKTOP-C332RF6$,SYSTEM,DESKTOP-C332RF6,Negotiate,5,LogOn,Success
2026-02-24T11:25:39.110Z,DESKTOP-C332RF6$,SYSTEM,DESKTOP-C332RF6,Negotiate,5,LogOn,Success
2026-02-24T11:25:40.901Z,DESKTOP-C332RF6$,SYSTEM,DESKTOP-C332RF6,Negotiate,5,LogOn,Success
2026-02-24T11:32:32.332Z,DESKTOP-C332RF6$,SYSTEM,DESKTOP-C332RF6,Negotiate,5,LogOn,Success
2026-02-24T11:38:36.962Z,DESKTOP-C332RF6$,SYSTEM,DESKTOP-C332RF6,Negotiate,5,LogOn,Success
2026-02-24T11:38:38.362Z,DESKTOP-C332RF6$,SYSTEM,DESKTOP-C332RF6,Negotiate,5,LogOn,Success
2026-02-24T11:53:42.025Z,DESKTOP-C332RF6$,SYSTEM,DESKTOP-C332RF6,Negotiate,5,LogOn,Success
2026-02-24T11:53:46.065Z,DESKTOP-C332RF6$,SYSTEM,DESKTOP-C332RF6,Negotiate,5,LogOn,Success
2026-02-24T11:53:48.896Z,DESKTOP-C332RF6$,SYSTEM,DESKTOP-C332RF6,Negotiate,5,LogOn,Success
2026-02-24T12:10:32.237Z,DESKTOP-C332RF6$,SYSTEM,DESKTOP-C332RF6,Negotiate,5,LogOn,Success
2026-02-24T12:15:47.937Z,DESKTOP-C332RF6$,SYSTEM,DESKTOP-C332RF6,Negotiate,5,LogOn,Success
2026-02-24T12:16:07.829Z,DESKTOP-C332RF6$,SYSTEM,DESKTOP-C332RF6,Negotiate,5,LogOn,Success
2026-02-24T12:16:07.926Z,DESKTOP-C332RF6$,SYSTEM,DESKTOP-C332RF6,Negotiate,5,LogOn,Success
2026-02-24T12:16:08.895Z,DESKTOP-C332RF6$,SYSTEM,DESKTOP-C332RF6,Negotiate,5,LogOn,Success
2026-02-24T12:19:51.265Z,DESKTOP-C332RF6$,SYSTEM,DESKTOP-C332RF6,Negotiate,5,LogOn,Success
2026-02-24T12:20:52.214Z,DESKTOP-C332RF6$,SYSTEM,DESKTOP-C332RF6,Negotiate,5,LogOn,Success
2026-02-24T12:23:52.903Z,DESKTOP-C332RF6$,SYSTEM,DESKTOP-C332RF6,Negotiate,5,LogOn,Success
2026-02-24T12:25:43.787Z,DESKTOP-C332RF6$,SYSTEM,DESKTOP-C332RF6,Negotiate,5,LogOn,Success
2026-02-24T12:32:34.903Z,DESKTOP-C332RF6$,SYSTEM,DESKTOP-C332RF6,Negotiate,5,LogOn,Success
2026-02-24T12:49:07.609Z,DESKTOP-C332RF6$,SYSTEM,DESKTOP-C332RF6,Negotiate,5,LogOn,Success
2026-02-24T12:49:08.783Z,DESKTOP-C332RF6$,SYSTEM,DESKTOP-C332RF6,Negotiate,5,LogOn,Success
2026-02-24T12:49:34.002Z,DESKTOP-C332RF6$,SYSTEM,DESKTOP-C332RF6,Negotiate,5,LogOn,Success
2026-02-24T12:49:34.759Z,DESKTOP-C332RF6$,SYSTEM,DESKTOP-C332RF6,Negotiate,5,LogOn,Success
2026-02-24T12:49:49.004Z,DESKTOP-C332RF6$,SYSTEM,DESKTOP-C332RF6,Negotiate,5,LogOn,Success
2026-02-24T12:49:49.970Z,DESKTOP-C332RF6$,SYSTEM,DESKTOP-C332RF6,Negotiate,5,LogOn,Success
2026-02-24T12:53:16.613Z,DESKTOP-C332RF6$,SYSTEM,DESKTOP-C332RF6,Negotiate,5,LogOn,Success
2026-02-24T12:53:16.656Z,DESKTOP-C332RF6$,SYSTEM,DESKTOP-C332RF6,Negotiate,5,LogOn,Success
2026-02-24T12:53:20.181Z,DESKTOP-C332RF6$,SYSTEM,DESKTOP-C332RF6,Negotiate,5,LogOn,Success
2026-02-24T13:06:23.508Z,DESKTOP-C332RF6$,SYSTEM,DESKTOP-C332RF6,Negotiate,5,LogOn,Success
2026-02-24T13:08:32.349Z,DESKTOP-C332RF6$,SYSTEM,DESKTOP-C332RF6,Negotiate,5,LogOn,Success
2026-02-24T13:11:49.699Z,DESKTOP-C332RF6$,SYSTEM,DESKTOP-C332RF6,Negotiate,5,LogOn,Success
2026-02-24T13:23:43.224Z,DESKTOP-C332RF6$,SYSTEM,DESKTOP-C332RF6,Negotiate,5,LogOn,Success
2026-02-24T13:32:32.312Z,DESKTOP-C332RF6$,SYSTEM,DESKTOP-C332RF6,Negotiate,5,LogOn,Success
2026-02-24T13:39:57.250Z,DESKTOP-C332RF6$,SYSTEM,DESKTOP-C332RF6,Negotiate,5,LogOn,Success
2026-02-24T13:39:58.432Z,DESKTOP-C332RF6$,SYSTEM,DESKTOP-C332RF6,Negotiate,5,LogOn,Success
2026-02-24T13:44:10.065Z,DESKTOP-C332RF6$,SYSTEM,DESKTOP-C332RF6,Negotiate,5,LogOn,Success
2026-02-24T13:54:09.515Z,DESKTOP-C332RF6$,SYSTEM,DESKTOP-C332RF6,Negotiate,5,LogOn,Success
2026-02-24T14:00:17.560Z,DESKTOP-C332RF6$,SYSTEM,DESKTOP-C332RF6,Negotiate,5,LogOn,Success
2026-02-24T14:08:31.196Z,DESKTOP-C332RF6$,SYSTEM,DESKTOP-C332RF6,Negotiate,5,LogOn,Success
2026-02-24T14:08:32.868Z,DESKTOP-C332RF6$,SYSTEM,DESKTOP-C332RF6,Negotiate,5,LogOn,Success
2026-02-24T14:19:25.297Z,DESKTOP-C332RF6$,SYSTEM,DESKTOP-C332RF6,Negotiate,5,LogOn,Success
2026-02-24T14:25:27.509Z,DESKTOP-C332RF6$,SYSTEM,DESKTOP-C332RF6,Negotiate,5,LogOn,Success
2026-02-24T14:25:28.830Z,DESKTOP-C332RF6$,SYSTEM,DESKTOP-C332RF6,Negotiate,5,LogOn,Success
2026-02-24T14:32:16.945Z,DESKTOP-C332RF6$,SYSTEM,DESKTOP-C332RF6,Negotiate,5,LogOn,Success
2026-02-24T14:32:32.299Z,DESKTOP-C332RF6$,SYSTEM,DESKTOP-C332RF6,Negotiate,5,LogOn,Success
2026-02-24T14:32:37.673Z,DESKTOP-C332RF6$,SYSTEM,DESKTOP-C332RF6,Negotiate,5,LogOn,Success
2026-02-24T14:32:38.650Z,DESKTOP-C332RF6$,SYSTEM,DESKTOP-C332RF6,Negotiate,5,LogOn,Success
2026-02-24T14:33:48.149Z,DESKTOP-C332RF6$,SYSTEM,DESKTOP-C332RF6,Negotiate,5,LogOn,Success
2026-02-24T14:36:07.953Z,DESKTOP-C332RF6$,SYSTEM,DESKTOP-C332RF6,Negotiate,5,LogOn,Success
2026-02-24T14:36:35.082Z,DESKTOP-C332RF6$,SYSTEM,DESKTOP-C332RF6,Negotiate,5,LogOn,Success
2026-02-24T14:44:11.094Z,DESKTOP-C332RF6$,SYSTEM,DESKTOP-C332RF6,Negotiate,5,LogOn,Success
2026-02-24T14:54:09.705Z,DESKTOP-C332RF6$,SYSTEM,DESKTOP-C332RF6,Negotiate,5,LogOn,Success
2026-02-24T15:22:16.800Z,DESKTOP-C332RF6$,SYSTEM,DESKTOP-C332RF6,Negotiate,5,LogOn,Success
2026-02-24T15:22:18.155Z,DESKTOP-C332RF6$,SYSTEM,DESKTOP-C332RF6,Negotiate,5,LogOn,Success
2026-02-24T15:22:24.364Z,DESKTOP-C332RF6$,SYSTEM,DESKTOP-C332RF6,Negotiate,5,LogOn,Success
2026-02-24T15:32:32.297Z,DESKTOP-C332RF6$,SYSTEM,DESKTOP-C332RF6,Negotiate,5,LogOn,Success
2026-02-24T15:33:20.528Z,DESKTOP-C332RF6$,SYSTEM,DESKTOP-C332RF6,Negotiate,5,LogOn,Success
2026-02-24T15:37:47.311Z,DESKTOP-C332RF6$,SYSTEM,DESKTOP-C332RF6,Negotiate,5,LogOn,Success
2026-02-24T15:37:47.421Z,DESKTOP-C332RF6$,SYSTEM,DESKTOP-C332RF6,Negotiate,5,LogOn,Success
2026-02-24T15:38:48.638Z,DESKTOP-C332RF6$,SYSTEM,DESKTOP-C332RF6,Negotiate,5,LogOn,Success
2026-02-24T15:39:03.871Z,DESKTOP-C332RF6$,SYSTEM,DESKTOP-C332RF6,Negotiate,5,LogOn,Success
2026-02-24T15:44:12.018Z,DESKTOP-C332RF6$,SYSTEM,DESKTOP-C332RF6,Negotiate,5,LogOn,Success
2026-02-24T15:54:09.887Z,DESKTOP-C332RF6$,SYSTEM,DESKTOP-C332RF6,Negotiate,5,LogOn,Success
2026-02-24T15:55:54.445Z,DESKTOP-C332RF6$,SYSTEM,DESKTOP-C332RF6,Negotiate,5,LogOn,Success
2026-02-24T16:05:54.588Z,DESKTOP-C332RF6$,SYSTEM,DESKTOP-C332RF6,Negotiate,5,LogOn,Success
2026-02-24T16:08:31.209Z,DESKTOP-C332RF6$,SYSTEM,DESKTOP-C332RF6,Negotiate,5,LogOn,Success
2026-02-24T16:08:32.464Z,DESKTOP-C332RF6$,SYSTEM,DESKTOP-C332RF6,Negotiate,5,LogOn,Success
2026-02-24T16:21:23.605Z,DESKTOP-C332RF6$,SYSTEM,DESKTOP-C332RF6,Negotiate,5,LogOn,Success
2026-02-24T16:21:23.716Z,DESKTOP-C332RF6$,SYSTEM,DESKTOP-C332RF6,Negotiate,5,LogOn,Success
2026-02-24T16:24:11.052Z,DESKTOP-C332RF6$,SYSTEM,DESKTOP-C332RF6,Negotiate,5,LogOn,Success
2026-02-24T16:25:00.194Z,DESKTOP-C332RF6$,SYSTEM,DESKTOP-C332RF6,Negotiate,5,LogOn,Success
2026-02-24T16:25:00.281Z,DESKTOP-C332RF6$,SYSTEM,DESKTOP-C332RF6,Negotiate,5,LogOn,Success
2026-02-24T16:25:01.250Z,DESKTOP-C332RF6$,SYSTEM,DESKTOP-C332RF6,Negotiate,5,LogOn,Success
2026-02-24T16:26:06.802Z,DESKTOP-C332RF6$,SYSTEM,DESKTOP-C332RF6,Negotiate,5,LogOn,Success
2026-02-24T16:32:32.310Z,DESKTOP-C332RF6$,SYSTEM,DESKTOP-C332RF6,Negotiate,5,LogOn,Success
2026-02-24T16:40:33.097Z,DESKTOP-C332RF6$,SYSTEM,DESKTOP-C332RF6,Negotiate,5,LogOn,Success
2026-02-24T16:40:33.205Z,DESKTOP-C332RF6$,SYSTEM,DESKTOP-C332RF6,Negotiate,5,LogOn,Success
2026-02-24T16:44:39.416Z,DESKTOP-C332RF6$,SYSTEM,DESKTOP-C332RF6,Negotiate,5,LogOn,Success
2026-02-24T16:44:40.368Z,DESKTOP-C332RF6$,SYSTEM,DESKTOP-C332RF6,Negotiate,5,LogOn,Success
2026-02-24T16:44:41.345Z,DESKTOP-C332RF6$,SYSTEM,DESKTOP-C332RF6,Negotiate,5,LogOn,Success
2026-02-24T16:54:10.064Z,DESKTOP-C332RF6$,SYSTEM,DESKTOP-C332RF6,Negotiate,5,LogOn,Success
2026-02-24T16:55:21.253Z,DESKTOP-C332RF6$,SYSTEM,DESKTOP-C332RF6,Negotiate,5,LogOn,Success
2026-02-24T17:03:16.526Z,DESKTOP-C332RF6$,SYSTEM,DESKTOP-C332RF6,Negotiate,5,LogOn,Success
2026-02-24T17:03:26.972Z,DESKTOP-C332RF6$,SYSTEM,DESKTOP-C332RF6,Negotiate,5,LogOn,Success
2026-02-24T17:13:47.397Z,DESKTOP-C332RF6$,SYSTEM,DESKTOP-C332RF6,Negotiate,5,LogOn,Success
2026-02-24T17:18:23.478Z,DESKTOP-C332RF6$,SYSTEM,DESKTOP-C332RF6,Negotiate,5,LogOn,Success
2026-02-24T17:18:26.051Z,DESKTOP-C332RF6$,SYSTEM,DESKTOP-C332RF6,Negotiate,5,LogOn,Success
2026-02-24T17:18:27.024Z,DESKTOP-C332RF6$,SYSTEM,DESKTOP-C332RF6,Negotiate,5,LogOn,Success
2026-02-24T17:22:42.879Z,DESKTOP-C332RF6$,SYSTEM,DESKTOP-C332RF6,Negotiate,5,LogOn,Success
2026-02-24T17:32:32.299Z,DESKTOP-C332RF6$,SYSTEM,DESKTOP-C332RF6,Negotiate,5,LogOn,Success
2026-02-24T17:37:19.436Z,DESKTOP-C332RF6$,SYSTEM,DESKTOP-C332RF6,Negotiate,5,LogOn,Success
2026-02-24T17:37:26.167Z,DESKTOP-C332RF6$,SYSTEM,DESKTOP-C332RF6,Negotiate,5,LogOn,Success
2026-02-24T17:52:33.550Z,DESKTOP-C332RF6$,SYSTEM,DESKTOP-C332RF6,Negotiate,5,LogOn,Success
2026-02-24T17:54:10.231Z,DESKTOP-C332RF6$,SYSTEM,DESKTOP-C332RF6,Negotiate,5,LogOn,Success
2026-02-24T18:03:19.473Z,DESKTOP-C332RF6$,SYSTEM,DESKTOP-C332RF6,Negotiate,5,LogOn,Success
2026-02-24T18:37:55.968Z,DESKTOP-C332RF6$,SYSTEM,DESKTOP-C332RF6,Negotiate,5,LogOn,Success
2026-02-24T18:37:58.181Z,DESKTOP-C332RF6$,SYSTEM,DESKTOP-C332RF6,Negotiate,5,LogOn,Success
2026-02-24T18:37:59.233Z,DESKTOP-C332RF6$,SYSTEM,DESKTOP-C332RF6,Negotiate,5,LogOn,Success
2026-02-24T18:37:59.264Z,DESKTOP-C332RF6$,SYSTEM,DESKTOP-C332RF6,Negotiate,5,LogOn,Success
2026-02-24T18:38:00.481Z,DESKTOP-C332RF6$,SYSTEM,DESKTOP-C332RF6,Negotiate,5,LogOn,Success
2026-02-22T11:35:53.299Z,DESKTOP-C332RF6$,SYSTEM,DESKTOP-C332RF6,Negotiate,5,LogOn,Success
2026-02-22T11:37:32.343Z,DESKTOP-C332RF6$,SYSTEM,DESKTOP-C332RF6,Negotiate,5,LogOn,Success
2026-02-22T11:40:33.178Z,DESKTOP-C332RF6$,SYSTEM,DESKTOP-C332RF6,Negotiate,5,LogOn,Success
2026-02-22T11:40:34.127Z,DESKTOP-C332RF6$,SYSTEM,DESKTOP-C332RF6,Negotiate,5,LogOn,Success
2026-02-22T11:40:40.086Z,DESKTOP-C332RF6$,SYSTEM,DESKTOP-C332RF6,Negotiate,5,LogOn,Success
2026-02-22T11:42:36.271Z,DESKTOP-C332RF6$,SYSTEM,DESKTOP-C332RF6,Negotiate,5,LogOn,Success
2026-02-22T11:43:00.748Z,DESKTOP-C332RF6$,SYSTEM,DESKTOP-C332RF6,Negotiate,5,LogOn,Success
2026-02-22T11:43:01.481Z,DESKTOP-C332RF6$,SYSTEM,DESKTOP-C332RF6,Negotiate,5,LogOn,Success
2026-02-22T11:43:04.040Z,DESKTOP-C332RF6$,SYSTEM,DESKTOP-C332RF6,Negotiate,5,LogOn,Success
2026-02-22T11:43:04.203Z,DESKTOP-C332RF6$,SYSTEM,DESKTOP-C332RF6,Negotiate,5,LogOn,Success
2026-02-22T11:43:07.847Z,DESKTOP-C332RF6$,SYSTEM,DESKTOP-C332RF6,Negotiate,5,LogOn,Success
2026-02-22T11:43:15.218Z,DESKTOP-C332RF6$,SYSTEM,DESKTOP-C332RF6,Negotiate,5,LogOn,Success
2026-02-22T11:43:17.029Z,DESKTOP-C332RF6$,SYSTEM,DESKTOP-C332RF6,Negotiate,5,LogOn,Success
2026-02-22T11:52:20.871Z,DESKTOP-C332RF6$,SYSTEM,DESKTOP-C332RF6,Negotiate,5,LogOn,Success
2026-02-22T11:52:20.911Z,DESKTOP-C332RF6$,SYSTEM,DESKTOP-C332RF6,Negotiate,5,LogOn,Success
2026-02-22T11:52:24.529Z,DESKTOP-C332RF6$,SYSTEM,DESKTOP-C332RF6,Negotiate,5,LogOn,Success
2026-02-22T11:52:32.531Z,DESKTOP-C332RF6$,SYSTEM,DESKTOP-C332RF6,Negotiate,5,LogOn,Success
2026-02-22T12:02:12.543Z,DESKTOP-C332RF6$,SYSTEM,DESKTOP-C332RF6,Negotiate,5,LogOn,Success
2026-02-22T12:07:08.683Z,DESKTOP-C332RF6$,SYSTEM,DESKTOP-C332RF6,Negotiate,5,LogOn,Success
2026-02-22T12:07:08.746Z,DESKTOP-C332RF6$,SYSTEM,DESKTOP-C332RF6,Negotiate,5,LogOn,Success
2026-02-22T12:18:45.626Z,DESKTOP-C332RF6$,SYSTEM,DESKTOP-C332RF6,Negotiate,5,LogOn,Success
2026-02-22T12:20:27.699Z,DESKTOP-C332RF6$,SYSTEM,DESKTOP-C332RF6,Negotiate,5,LogOn,Success
2026-02-22T12:35:53.296Z,DESKTOP-C332RF6$,SYSTEM,DESKTOP-C332RF6,Negotiate,5,LogOn,Success
2026-02-22T12:40:21.706Z,DESKTOP-C332RF6$,SYSTEM,DESKTOP-C332RF6,Negotiate,5,LogOn,Success
2026-02-22T12:56:45.305Z,DESKTOP-C332RF6$,SYSTEM,DESKTOP-C332RF6,Negotiate,5,LogOn,Success
2026-02-22T12:57:24.981Z,DESKTOP-C332RF6$,SYSTEM,DESKTOP-C332RF6,Negotiate,5,LogOn,Success
2026-02-22T13:05:43.173Z,DESKTOP-C332RF6$,SYSTEM,DESKTOP-C332RF6,Negotiate,5,LogOn,Success
2026-02-22T13:20:31.142Z,DESKTOP-C332RF6$,SYSTEM,DESKTOP-C332RF6,Negotiate,5,LogOn,Success
2026-02-22T13:20:48.536Z,DESKTOP-C332RF6$,SYSTEM,DESKTOP-C332RF6,Negotiate,5,LogOn,Success
2026-02-22T13:57:25.159Z,DESKTOP-C332RF6$,SYSTEM,DESKTOP-C332RF6,Negotiate,5,LogOn,Success
2026-02-22T14:20:31.589Z,DESKTOP-C332RF6$,SYSTEM,DESKTOP-C332RF6,Negotiate,5,LogOn,Success
2026-02-22T14:57:31.323Z,DESKTOP-C332RF6$,SYSTEM,DESKTOP-C332RF6,Negotiate,5,LogOn,Success
2026-02-22T15:20:30.871Z,DESKTOP-C332RF6$,SYSTEM,DESKTOP-C332RF6,Negotiate,5,LogOn,Success
2026-02-22T15:25:25.053Z,DESKTOP-C332RF6$,SYSTEM,DESKTOP-C332RF6,Negotiate,5,LogOn,Success
2026-02-22T15:25:25.146Z,DESKTOP-C332RF6$,SYSTEM,DESKTOP-C332RF6,Negotiate,5,LogOn,Success
2026-02-22T15:25:25.152Z,DESKTOP-C332RF6$,SYSTEM,DESKTOP-C332RF6,Negotiate,5,LogOn,Success
2026-02-22T15:25:25.628Z,DESKTOP-C332RF6$,SYSTEM,DESKTOP-C332RF6,Negotiate,5,LogOn,Success
2026-02-22T15:25:26.603Z,DESKTOP-C332RF6$,SYSTEM,DESKTOP-C332RF6,Negotiate,5,LogOn,Success
2026-02-22T15:25:26.800Z,DESKTOP-C332RF6$,SYSTEM,DESKTOP-C332RF6,Negotiate,5,LogOn,Success
2026-02-22T15:25:27.647Z,DESKTOP-C332RF6$,SYSTEM,DESKTOP-C332RF6,Negotiate,5,LogOn,Success
2026-02-22T15:25:27.785Z,DESKTOP-C332RF6$,SYSTEM,DESKTOP-C332RF6,Negotiate,5,LogOn,Success
2026-02-22T15:25:30.380Z,DESKTOP-C332RF6$,PC,DESKTOP-C332RF6,Negotiate,2,LogOn,Success
2026-02-22T15:25:30.380Z,DESKTOP-C332RF6$,PC,DESKTOP-C332RF6,Negotiate,2,LogOn,Success
2026-02-22T15:25:30.381Z,,PC,DESKTOP-C332RF6,,2,LogOff,LogOff
2026-02-22T15:25:30.381Z,,PC,DESKTOP-C332RF6,,2,LogOff,LogOff
2026-02-22T15:33:49.507Z,DESKTOP-C332RF6$,SYSTEM,DESKTOP-C332RF6,Negotiate,5,LogOn,Success
2026-02-22T15:35:53.344Z,DESKTOP-C332RF6$,SYSTEM,DESKTOP-C332RF6,Negotiate,5,LogOn,Success
2026-02-22T15:55:54.921Z,DESKTOP-C332RF6$,SYSTEM,DESKTOP-C332RF6,Negotiate,5,LogOn,Success
2026-02-22T15:55:56.176Z,DESKTOP-C332RF6$,SYSTEM,DESKTOP-C332RF6,Negotiate,5,LogOn,Success
2026-02-22T16:17:16.242Z,DESKTOP-C332RF6$,SYSTEM,DESKTOP-C332RF6,Negotiate,5,LogOn,Success
2026-02-22T16:17:16.283Z,DESKTOP-C332RF6$,SYSTEM,DESKTOP-C332RF6,Negotiate,5,LogOn,Success
2026-02-22T16:30:26.838Z,DESKTOP-C332RF6$,SYSTEM,DESKTOP-C332RF6,Negotiate,5,LogOn,Success
2026-02-22T16:35:53.458Z,DESKTOP-C332RF6$,SYSTEM,DESKTOP-C332RF6,Negotiate,5,LogOn,Success
2026-02-22T16:37:33.609Z,DESKTOP-C332RF6$,SYSTEM,DESKTOP-C332RF6,Negotiate,5,LogOn,Success
2026-02-22T16:52:31.514Z,DESKTOP-C332RF6$,SYSTEM,DESKTOP-C332RF6,Negotiate,5,LogOn,Success
2026-02-22T16:52:33.696Z,DESKTOP-C332RF6$,SYSTEM,DESKTOP-C332RF6,Negotiate,5,LogOn,Success
2026-02-22T16:58:00.665Z,DESKTOP-C332RF6$,SYSTEM,DESKTOP-C332RF6,Negotiate,5,LogOn,Success
2026-02-22T17:07:31.641Z,DESKTOP-C332RF6$,SYSTEM,DESKTOP-C332RF6,Negotiate,5,LogOn,Success
2026-02-22T17:07:33.752Z,DESKTOP-C332RF6$,SYSTEM,DESKTOP-C332RF6,Negotiate,5,LogOn,Success
2026-02-22T17:13:13.205Z,DESKTOP-C332RF6$,SYSTEM,DESKTOP-C332RF6,Negotiate,5,LogOn,Success
2026-02-22T17:13:14.374Z,DESKTOP-C332RF6$,SYSTEM,DESKTOP-C332RF6,Negotiate,5,LogOn,Success
2026-02-22T17:18:45.641Z,DESKTOP-C332RF6$,SYSTEM,DESKTOP-C332RF6,Negotiate,5,LogOn,Success
2026-02-22T17:18:58.138Z,DESKTOP-C332RF6$,SYSTEM,DESKTOP-C332RF6,Negotiate,5,LogOn,Success
2026-02-22T17:18:58.199Z,DESKTOP-C332RF6$,SYSTEM,DESKTOP-C332RF6,Negotiate,5,LogOn,Success
2026-02-22T17:28:31.382Z,DESKTOP-C332RF6$,SYSTEM,DESKTOP-C332RF6,Negotiate,5,LogOn,Success
2026-02-22T17:28:31.507Z,DESKTOP-C332RF6$,SYSTEM,DESKTOP-C332RF6,Negotiate,5,LogOn,Success
2026-02-22T17:35:57.554Z,DESKTOP-C332RF6$,SYSTEM,DESKTOP-C332RF6,Negotiate,5,LogOn,Success
2026-02-22T17:36:13.469Z,DESKTOP-C332RF6$,UMFD-11,DESKTOP-C332RF6,Negotiate,2,LogOn,Success
2026-02-22T17:36:13.507Z,DESKTOP-C332RF6$,DWM-11,DESKTOP-C332RF6,Negotiate,2,LogOn,Success
2026-02-22T17:36:13.507Z,DESKTOP-C332RF6$,DWM-11,DESKTOP-C332RF6,Negotiate,2,LogOn,Success
2026-02-22T17:36:13.517Z,DESKTOP-C332RF6$,SYSTEM,DESKTOP-C332RF6,Negotiate,5,LogOn,Success
2026-02-22T17:36:13.571Z,DESKTOP-C332RF6$,SYSTEM,DESKTOP-C332RF6,Negotiate,5,LogOn,Success
2026-02-22T17:36:14.253Z,DESKTOP-C332RF6$,SYSTEM,DESKTOP-C332RF6,Negotiate,5,LogOn,Success
2026-02-22T17:36:14.854Z,DESKTOP-C332RF6$,SYSTEM,DESKTOP-C332RF6,Negotiate,5,LogOn,Success
2026-02-22T17:36:17.851Z,DESKTOP-C332RF6$,SYSTEM,DESKTOP-C332RF6,Negotiate,5,LogOn,Success
2026-02-22T17:36:18.851Z,DESKTOP-C332RF6$,SYSTEM,DESKTOP-C332RF6,Negotiate,5,LogOn,Success
2026-02-22T17:36:19.252Z,,UMFD-10,DESKTOP-C332RF6,,2,LogOff,LogOff
2026-02-22T17:36:19.332Z,DESKTOP-C332RF6$,SYSTEM,DESKTOP-C332RF6,Negotiate,5,LogOn,Success
2026-02-22T17:36:20.493Z,,DWM-10,DESKTOP-C332RF6,,2,LogOff,LogOff
2026-02-22T17:36:20.493Z,,DWM-10,DESKTOP-C332RF6,,2,LogOff,LogOff
2026-02-23T09:26:32.215Z,DESKTOP-C332RF6$,SYSTEM,DESKTOP-C332RF6,Negotiate,5,LogOn,Success
2026-02-23T09:26:35.172Z,DESKTOP-C332RF6$,PC,DESKTOP-C332RF6,Negotiate,2,LogOn,Success
2026-02-23T09:26:35.172Z,DESKTOP-C332RF6$,PC,DESKTOP-C332RF6,Negotiate,2,LogOn,Success
2026-02-23T09:28:18.655Z,DESKTOP-C332RF6$,SYSTEM,DESKTOP-C332RF6,Negotiate,5,LogOn,Success
2026-02-23T09:32:32.373Z,DESKTOP-C332RF6$,SYSTEM,DESKTOP-C332RF6,Negotiate,5,LogOn,Success
2026-02-23T09:32:32.420Z,DESKTOP-C332RF6$,SYSTEM,DESKTOP-C332RF6,Negotiate,5,LogOn,Success
2026-02-23T09:33:06.720Z,DESKTOP-C332RF6$,SYSTEM,DESKTOP-C332RF6,Negotiate,5,LogOn,Success
2026-02-23T09:33:10.999Z,DESKTOP-C332RF6$,SYSTEM,DESKTOP-C332RF6,Negotiate,5,LogOn,Success
2026-02-23T09:35:11.715Z,DESKTOP-C332RF6$,SYSTEM,DESKTOP-C332RF6,Negotiate,5,LogOn,Success
2026-02-23T09:35:11.954Z,DESKTOP-C332RF6$,SYSTEM,DESKTOP-C332RF6,Negotiate,5,LogOn,Success
2026-02-23T09:36:36.072Z,DESKTOP-C332RF6$,SYSTEM,DESKTOP-C332RF6,Negotiate,5,LogOn,Success
2026-02-23T09:36:43.384Z,DESKTOP-C332RF6$,SYSTEM,DESKTOP-C332RF6,Negotiate,5,LogOn,Success
2026-02-23T09:38:52.039Z,DESKTOP-C332RF6$,SYSTEM,DESKTOP-C332RF6,Negotiate,5,LogOn,Success
2026-02-23T09:41:40.051Z,DESKTOP-C332RF6$,SYSTEM,DESKTOP-C332RF6,Negotiate,5,LogOn,Success
2026-02-23T09:42:46.847Z,DESKTOP-C332RF6$,SYSTEM,DESKTOP-C332RF6,Negotiate,5,LogOn,Success
2026-02-23T09:53:03.553Z,DESKTOP-C332RF6$,SYSTEM,DESKTOP-C332RF6,Negotiate,5,LogOn,Success
2026-02-23T09:53:07.800Z,DESKTOP-C332RF6$,SYSTEM,DESKTOP-C332RF6,Negotiate,5,LogOn,Success
2026-02-23T09:55:08.421Z,DESKTOP-C332RF6$,SYSTEM,DESKTOP-C332RF6,Negotiate,5,LogOn,Success
2026-02-23T09:55:08.695Z,DESKTOP-C332RF6$,SYSTEM,DESKTOP-C332RF6,Negotiate,5,LogOn,Success
2026-02-23T09:58:16.520Z,DESKTOP-C332RF6$,SYSTEM,DESKTOP-C332RF6,Negotiate,5,LogOn,Success
2026-02-23T10:06:37.113Z,DESKTOP-C332RF6$,SYSTEM,DESKTOP-C332RF6,Negotiate,5,LogOn,Success
2026-02-23T10:06:37.173Z,DESKTOP-C332RF6$,SYSTEM,DESKTOP-C332RF6,Negotiate,5,LogOn,Success
2026-02-21T12:02:04.252Z,DESKTOP-C332RF6$,PC,DESKTOP-C332RF6,Negotiate,2,LogOn,Success
2026-02-21T12:02:04.252Z,DESKTOP-C332RF6$,PC,DESKTOP-C332RF6,Negotiate,2,LogOn,Success
2026-02-21T12:02:04.253Z,,PC,DESKTOP-C332RF6,,2,LogOff,LogOff
2026-02-21T12:02:04.253Z,,PC,DESKTOP-C332RF6,,2,LogOff,LogOff
2026-02-21T12:05:39.934Z,DESKTOP-C332RF6$,SYSTEM,DESKTOP-C332RF6,Negotiate,5,LogOn,Success
2026-02-21T12:06:38.117Z,DESKTOP-C332RF6$,SYSTEM,DESKTOP-C332RF6,Negotiate,5,LogOn,Success
2026-02-21T12:06:38.156Z,DESKTOP-C332RF6$,SYSTEM,DESKTOP-C332RF6,Negotiate,5,LogOn,Success
2026-02-21T12:06:41.490Z,DESKTOP-C332RF6$,SYSTEM,DESKTOP-C332RF6,Negotiate,5,LogOn,Success
2026-02-21T12:11:18.056Z,DESKTOP-C332RF6$,SYSTEM,DESKTOP-C332RF6,Negotiate,5,LogOn,Success
2026-02-21T12:16:23.643Z,DESKTOP-C332RF6$,SYSTEM,DESKTOP-C332RF6,Negotiate,5,LogOn,Success
2026-02-21T12:17:43.208Z,DESKTOP-C332RF6$,SYSTEM,DESKTOP-C332RF6,Negotiate,5,LogOn,Success
2026-02-21T12:18:09.101Z,DESKTOP-C332RF6$,SYSTEM,DESKTOP-C332RF6,Negotiate,5,LogOn,Success
2026-02-21T12:18:09.622Z,DESKTOP-C332RF6$,SYSTEM,DESKTOP-C332RF6,Negotiate,5,LogOn,Success
2026-02-21T12:18:10.120Z,DESKTOP-C332RF6$,SYSTEM,DESKTOP-C332RF6,Negotiate,5,LogOn,Success
2026-02-21T12:18:13.065Z,DESKTOP-C332RF6$,SYSTEM,DESKTOP-C332RF6,Negotiate,5,LogOn,Success
2026-02-21T12:18:13.235Z,DESKTOP-C332RF6$,SYSTEM,DESKTOP-C332RF6,Negotiate,5,LogOn,Success
2026-02-21T12:18:16.878Z,DESKTOP-C332RF6$,SYSTEM,DESKTOP-C332RF6,Negotiate,5,LogOn,Success
2026-02-21T12:18:21.066Z,DESKTOP-C332RF6$,SYSTEM,DESKTOP-C332RF6,Negotiate,5,LogOn,Success
2026-02-21T12:18:36.215Z,DESKTOP-C332RF6$,SYSTEM,DESKTOP-C332RF6,Negotiate,5,LogOn,Success
2026-02-21T12:24:06.179Z,DESKTOP-C332RF6$,SYSTEM,DESKTOP-C332RF6,Negotiate,5,LogOn,Success
2026-02-21T12:39:10.476Z,DESKTOP-C332RF6$,SYSTEM,DESKTOP-C332RF6,Negotiate,5,LogOn,Success
2026-02-21T12:39:46.389Z,DESKTOP-C332RF6$,SYSTEM,DESKTOP-C332RF6,Negotiate,5,LogOn,Success
2026-02-21T13:00:03.788Z,DESKTOP-C332RF6$,SYSTEM,DESKTOP-C332RF6,Negotiate,5,LogOn,Success
2026-02-21T13:39:19.088Z,DESKTOP-C332RF6$,SYSTEM,DESKTOP-C332RF6,Negotiate,5,LogOn,Success
2026-02-21T14:00:45.627Z,DESKTOP-C332RF6$,SYSTEM,DESKTOP-C332RF6,Negotiate,5,LogOn,Success
2026-02-21T14:10:46.657Z,DESKTOP-C332RF6$,SYSTEM,DESKTOP-C332RF6,Negotiate,5,LogOn,Success
2026-02-21T14:39:18.527Z,DESKTOP-C332RF6$,SYSTEM,DESKTOP-C332RF6,Negotiate,5,LogOn,Success
2026-02-21T15:00:45.833Z,DESKTOP-C332RF6$,SYSTEM,DESKTOP-C332RF6,Negotiate,5,LogOn,Success
2026-02-21T15:39:17.422Z,DESKTOP-C332RF6$,SYSTEM,DESKTOP-C332RF6,Negotiate,5,LogOn,Success
2026-02-21T16:00:48.143Z,DESKTOP-C332RF6$,SYSTEM,DESKTOP-C332RF6,Negotiate,5,LogOn,Success
2026-02-21T16:39:17.428Z,DESKTOP-C332RF6$,SYSTEM,DESKTOP-C332RF6,Negotiate,5,LogOn,Success
2026-02-21T17:00:48.571Z,DESKTOP-C332RF6$,SYSTEM,DESKTOP-C332RF6,Negotiate,5,LogOn,Success
2026-02-21T17:23:40.093Z,DESKTOP-C332RF6$,SYSTEM,DESKTOP-C332RF6,Negotiate,5,LogOn,Success
2026-02-21T17:23:40.192Z,DESKTOP-C332RF6$,SYSTEM,DESKTOP-C332RF6,Negotiate,5,LogOn,Success
2026-02-21T17:23:40.211Z,DESKTOP-C332RF6$,SYSTEM,DESKTOP-C332RF6,Negotiate,5,LogOn,Success
2026-02-21T17:23:41.720Z,DESKTOP-C332RF6$,SYSTEM,DESKTOP-C332RF6,Negotiate,5,LogOn,Success
2026-02-21T17:23:42.692Z,DESKTOP-C332RF6$,SYSTEM,DESKTOP-C332RF6,Negotiate,5,LogOn,Success
2026-02-21T17:23:42.778Z,DESKTOP-C332RF6$,SYSTEM,DESKTOP-C332RF6,Negotiate,5,LogOn,Success
2026-02-21T17:23:45.416Z,DESKTOP-C332RF6$,PC,DESKTOP-C332RF6,Negotiate,2,LogOn,Success
2026-02-21T17:23:45.416Z,DESKTOP-C332RF6$,PC,DESKTOP-C332RF6,Negotiate,2,LogOn,Success
2026-02-21T17:23:45.417Z,,PC,DESKTOP-C332RF6,,2,LogOff,LogOff
2026-02-21T17:23:45.417Z,,PC,DESKTOP-C332RF6,,2,LogOff,LogOff
2026-02-21T17:27:46.499Z,DESKTOP-C332RF6$,SYSTEM,DESKTOP-C332RF6,Negotiate,5,LogOn,Success
2026-02-21T17:29:01.230Z,DESKTOP-C332RF6$,SYSTEM,DESKTOP-C332RF6,Negotiate,5,LogOn,Success
2026-02-21T17:45:37.281Z,DESKTOP-C332RF6$,SYSTEM,DESKTOP-C332RF6,Negotiate,5,LogOn,Success
2026-02-21T18:00:48.747Z,DESKTOP-C332RF6$,SYSTEM,DESKTOP-C332RF6,Negotiate,5,LogOn,Success
2026-02-21T18:03:34.174Z,DESKTOP-C332RF6$,SYSTEM,DESKTOP-C332RF6,Negotiate,5,LogOn,Success
2026-02-21T18:23:37.413Z,DESKTOP-C332RF6$,SYSTEM,DESKTOP-C332RF6,Negotiate,5,LogOn,Success
2026-02-21T18:43:14.525Z,DESKTOP-C332RF6$,SYSTEM,DESKTOP-C332RF6,Negotiate,5,LogOn,Success
2026-02-21T18:43:14.603Z,DESKTOP-C332RF6$,SYSTEM,DESKTOP-C332RF6,Negotiate,5,LogOn,Success
2026-02-21T18:43:14.629Z,DESKTOP-C332RF6$,SYSTEM,DESKTOP-C332RF6,Negotiate,5,LogOn,Success
2026-02-21T18:43:15.253Z,DESKTOP-C332RF6$,SYSTEM,DESKTOP-C332RF6,Negotiate,5,LogOn,Success
2026-02-21T18:43:16.234Z,DESKTOP-C332RF6$,SYSTEM,DESKTOP-C332RF6,Negotiate,5,LogOn,Success
2026-02-21T18:43:16.567Z,DESKTOP-C332RF6$,SYSTEM,DESKTOP-C332RF6,Negotiate,5,LogOn,Success
2026-02-21T18:43:17.635Z,DESKTOP-C332RF6$,SYSTEM,DESKTOP-C332RF6,Negotiate,5,LogOn,Success
2026-02-21T18:43:18.199Z,DESKTOP-C332RF6$,PC,DESKTOP-C332RF6,Negotiate,2,LogOn,Success
2026-02-21T18:43:18.199Z,DESKTOP-C332RF6$,PC,DESKTOP-C332RF6,Negotiate,2,LogOn,Success
2026-02-21T18:43:18.200Z,,PC,DESKTOP-C332RF6,,2,LogOff,LogOff
2026-02-21T18:43:18.200Z,,PC,DESKTOP-C332RF6,,2,LogOff,LogOff
2026-02-21T18:43:21.919Z,DESKTOP-C332RF6$,SYSTEM,DESKTOP-C332RF6,Negotiate,5,LogOn,Success
2026-02-21T18:50:07.425Z,DESKTOP-C332RF6$,SYSTEM,DESKTOP-C332RF6,Negotiate,5,LogOn,Success
2026-02-21T18:50:08.390Z,DESKTOP-C332RF6$,SYSTEM,DESKTOP-C332RF6,Negotiate,5,LogOn,Success
2026-02-21T18:50:08.481Z,DESKTOP-C332RF6$,SYSTEM,DESKTOP-C332RF6,Negotiate,5,LogOn,Success
2026-02-21T18:50:38.380Z,DESKTOP-C332RF6$,SYSTEM,DESKTOP-C332RF6,Negotiate,5,LogOn,Success
2026-02-21T18:51:58.630Z,DESKTOP-C332RF6$,SYSTEM,DESKTOP-C332RF6,Negotiate,5,LogOn,Success
2026-02-21T18:51:58.663Z,DESKTOP-C332RF6$,SYSTEM,DESKTOP-C332RF6,Negotiate,5,LogOn,Success
2026-02-21T19:01:07.160Z,DESKTOP-C332RF6$,SYSTEM,DESKTOP-C332RF6,Negotiate,5,LogOn,Success
2026-02-21T19:05:10.707Z,DESKTOP-C332RF6$,SYSTEM,DESKTOP-C332RF6,Negotiate,5,LogOn,Success
2026-02-21T19:09:46.997Z,DESKTOP-C332RF6$,SYSTEM,DESKTOP-C332RF6,Negotiate,5,LogOn,Success
2026-02-21T19:15:48.425Z,DESKTOP-C332RF6$,SYSTEM,DESKTOP-C332RF6,Negotiate,5,LogOn,Success
2026-02-21T19:15:48.516Z,DESKTOP-C332RF6$,SYSTEM,DESKTOP-C332RF6,Negotiate,5,LogOn,Success
2026-02-21T19:15:48.521Z,DESKTOP-C332RF6$,SYSTEM,DESKTOP-C332RF6,Negotiate,5,LogOn,Success
2026-02-21T19:15:50.020Z,DESKTOP-C332RF6$,SYSTEM,DESKTOP-C332RF6,Negotiate,5,LogOn,Success
2026-02-21T19:15:50.907Z,DESKTOP-C332RF6$,SYSTEM,DESKTOP-C332RF6,Negotiate,5,LogOn,Success
2026-02-21T19:15:50.967Z,DESKTOP-C332RF6$,SYSTEM,DESKTOP-C332RF6,Negotiate,5,LogOn,Success
2026-02-21T19:15:51.740Z,DESKTOP-C332RF6$,PC,DESKTOP-C332RF6,Negotiate,2,LogOn,Success
2026-02-21T19:15:51.740Z,DESKTOP-C332RF6$,PC,DESKTOP-C332RF6,Negotiate,2,LogOn,Success
2026-02-21T19:15:51.741Z,,PC,DESKTOP-C332RF6,,2,LogOff,LogOff
2026-02-21T19:15:51.741Z,,PC,DESKTOP-C332RF6,,2,LogOff,LogOff
2026-02-21T19:15:58.297Z,DESKTOP-C332RF6$,UMFD-9,DESKTOP-C332RF6,Negotiate,2,LogOn,Success
2026-02-21T19:15:58.355Z,DESKTOP-C332RF6$,DWM-9,DESKTOP-C332RF6,Negotiate,2,LogOn,Success
2026-02-21T19:15:58.355Z,DESKTOP-C332RF6$,DWM-9,DESKTOP-C332RF6,Negotiate,2,LogOn,Success
2026-02-21T19:15:59.629Z,DESKTOP-C332RF6$,SYSTEM,DESKTOP-C332RF6,Negotiate,5,LogOn,Success
2026-02-21T19:16:03.660Z,,UMFD-8,DESKTOP-C332RF6,,2,LogOff,LogOff
2026-02-21T19:16:03.707Z,DESKTOP-C332RF6$,SYSTEM,DESKTOP-C332RF6,Negotiate,5,LogOn,Success
2026-02-21T19:16:08.446Z,,DWM-8,DESKTOP-C332RF6,,2,LogOff,LogOff
2026-02-21T19:16:08.446Z,,DWM-8,DESKTOP-C332RF6,,2,LogOff,LogOff
2026-02-21T20:59:31.200Z,DESKTOP-C332RF6$,SYSTEM,DESKTOP-C332RF6,Negotiate,5,LogOn,Success
2026-02-21T20:59:33.931Z,DESKTOP-C332RF6$,PC,DESKTOP-C332RF6,Negotiate,2,LogOn,Success
2026-02-21T20:59:33.931Z,DESKTOP-C332RF6$,PC,DESKTOP-C332RF6,Negotiate,2,LogOn,Success
2026-02-21T20:59:35.053Z,DESKTOP-C332RF6$,SYSTEM,DESKTOP-C332RF6,Negotiate,5,LogOn,Success
2026-02-21T20:59:44.200Z,DESKTOP-C332RF6$,SYSTEM,DESKTOP-C332RF6,Negotiate,5,LogOn,Success
2026-02-21T20:59:44.610Z,DESKTOP-C332RF6$,SYSTEM,DESKTOP-C332RF6,Negotiate,5,LogOn,Success
2026-02-21T21:00:40.523Z,DESKTOP-C332RF6$,SYSTEM,DESKTOP-C332RF6,Negotiate,5,LogOn,Success
2026-02-21T21:01:17.633Z,DESKTOP-C332RF6$,SYSTEM,DESKTOP-C332RF6,Negotiate,5,LogOn,Success
2026-02-21T21:01:51.981Z,DESKTOP-C332RF6$,SYSTEM,DESKTOP-C332RF6,Negotiate,5,LogOn,Success
2026-02-21T21:01:52.891Z,DESKTOP-C332RF6$,SYSTEM,DESKTOP-C332RF6,Negotiate,5,LogOn,Success
2026-02-21T21:07:29.552Z,DESKTOP-C332RF6$,SYSTEM,DESKTOP-C332RF6,Negotiate,5,LogOn,Success
2026-02-21T21:07:29.611Z,DESKTOP-C332RF6$,SYSTEM,DESKTOP-C332RF6,Negotiate,5,LogOn,Success
2026-02-21T21:09:09.490Z,DESKTOP-C332RF6$,SYSTEM,DESKTOP-C332RF6,Negotiate,5,LogOn,Success
2026-02-21T21:09:09.761Z,DESKTOP-C332RF6$,SYSTEM,DESKTOP-C332RF6,Negotiate,5,LogOn,Success
2026-02-21T21:14:35.659Z,DESKTOP-C332RF6$,SYSTEM,DESKTOP-C332RF6,Negotiate,5,LogOn,Success
2026-02-21T21:14:40.277Z,DESKTOP-C332RF6$,SYSTEM,DESKTOP-C332RF6,Negotiate,5,LogOn,Success
2026-02-21T21:14:41.035Z,DESKTOP-C332RF6$,SYSTEM,DESKTOP-C332RF6,Negotiate,5,LogOn,Success
2026-02-21T21:22:47.194Z,DESKTOP-C332RF6$,SYSTEM,DESKTOP-C332RF6,Negotiate,5,LogOn,Success
2026-02-21T21:27:31.788Z,DESKTOP-C332RF6$,SYSTEM,DESKTOP-C332RF6,Negotiate,5,LogOn,Success
2026-02-21T21:27:31.860Z,DESKTOP-C332RF6$,SYSTEM,DESKTOP-C332RF6,Negotiate,5,LogOn,Success
2026-02-21T21:29:31.906Z,DESKTOP-C332RF6$,SYSTEM,DESKTOP-C332RF6,Negotiate,5,LogOn,Success
2026-02-21T21:38:39.690Z,DESKTOP-C332RF6$,SYSTEM,DESKTOP-C332RF6,Negotiate,5,LogOn,Success
2026-02-21T21:39:12.558Z,DESKTOP-C332RF6$,UMFD-10,DESKTOP-C332RF6,Negotiate,2,LogOn,Success
2026-02-21T21:39:12.587Z,DESKTOP-C332RF6$,DWM-10,DESKTOP-C332RF6,Negotiate,2,LogOn,Success
2026-02-21T21:39:12.587Z,DESKTOP-C332RF6$,DWM-10,DESKTOP-C332RF6,Negotiate,2,LogOn,Success
2026-02-21T21:39:12.602Z,DESKTOP-C332RF6$,SYSTEM,DESKTOP-C332RF6,Negotiate,5,LogOn,Success
2026-02-21T21:39:12.653Z,DESKTOP-C332RF6$,SYSTEM,DESKTOP-C332RF6,Negotiate,5,LogOn,Success
2026-02-21T21:39:17.096Z,,UMFD-9,DESKTOP-C332RF6,,2,LogOff,LogOff
2026-02-21T21:39:17.203Z,DESKTOP-C332RF6$,SYSTEM,DESKTOP-C332RF6,Negotiate,5,LogOn,Success
2026-02-21T21:39:18.083Z,DESKTOP-C332RF6$,SYSTEM,DESKTOP-C332RF6,Negotiate,5,LogOn,Success
2026-02-22T09:52:16.596Z,,DWM-9,DESKTOP-C332RF6,,2,LogOff,LogOff
2026-02-22T09:52:16.596Z,,DWM-9,DESKTOP-C332RF6,,2,LogOff,LogOff
2026-02-22T09:52:19.560Z,DESKTOP-C332RF6$,PC,DESKTOP-C332RF6,Negotiate,2,LogOn,Success
2026-02-22T09:52:19.560Z,DESKTOP-C332RF6$,PC,DESKTOP-C332RF6,Negotiate,2,LogOn,Success
2026-02-22T09:52:21.259Z,DESKTOP-C332RF6$,SYSTEM,DESKTOP-C332RF6,Negotiate,5,LogOn,Success
2026-02-22T09:52:21.707Z,DESKTOP-C332RF6$,SYSTEM,DESKTOP-C332RF6,Negotiate,5,LogOn,Success
2026-02-22T09:52:22.550Z,DESKTOP-C332RF6$,SYSTEM,DESKTOP-C332RF6,Negotiate,5,LogOn,Success
2026-02-22T09:52:29.430Z,DESKTOP-C332RF6$,SYSTEM,DESKTOP-C332RF6,Negotiate,5,LogOn,Success
2026-02-22T09:57:00.761Z,DESKTOP-C332RF6$,SYSTEM,DESKTOP-C332RF6,Negotiate,5,LogOn,Success
2026-02-22T09:57:26.919Z,DESKTOP-C332RF6$,SYSTEM,DESKTOP-C332RF6,Negotiate,5,LogOn,Success
2026-02-22T09:58:16.192Z,DESKTOP-C332RF6$,SYSTEM,DESKTOP-C332RF6,Negotiate,5,LogOn,Success
2026-02-22T09:58:16.238Z,DESKTOP-C332RF6$,SYSTEM,DESKTOP-C332RF6,Negotiate,5,LogOn,Success
2026-02-22T10:01:46.385Z,DESKTOP-C332RF6$,SYSTEM,DESKTOP-C332RF6,Negotiate,5,LogOn,Success
2026-02-22T10:06:35.135Z,DESKTOP-C332RF6$,SYSTEM,DESKTOP-C332RF6,Negotiate,5,LogOn,Success
2026-02-22T10:06:35.191Z,DESKTOP-C332RF6$,SYSTEM,DESKTOP-C332RF6,Negotiate,5,LogOn,Success
2026-02-22T10:07:21.102Z,DESKTOP-C332RF6$,SYSTEM,DESKTOP-C332RF6,Negotiate,5,LogOn,Success
2026-02-22T10:08:31.196Z,DESKTOP-C332RF6$,SYSTEM,DESKTOP-C332RF6,Negotiate,5,LogOn,Success
2026-02-22T10:08:56.338Z,DESKTOP-C332RF6$,SYSTEM,DESKTOP-C332RF6,Negotiate,5,LogOn,Success
2026-02-22T10:18:45.649Z,DESKTOP-C332RF6$,SYSTEM,DESKTOP-C332RF6,Negotiate,5,LogOn,Success
2026-02-22T10:19:33.511Z,DESKTOP-C332RF6$,SYSTEM,DESKTOP-C332RF6,Negotiate,5,LogOn,Success
2026-02-22T10:19:33.603Z,DESKTOP-C332RF6$,SYSTEM,DESKTOP-C332RF6,Negotiate,5,LogOn,Success
2026-02-22T10:19:34.572Z,DESKTOP-C332RF6$,SYSTEM,DESKTOP-C332RF6,Negotiate,5,LogOn,Success
2026-02-22T10:20:17.830Z,DESKTOP-C332RF6$,SYSTEM,DESKTOP-C332RF6,Negotiate,5,LogOn,Success
2026-02-22T10:33:31.078Z,DESKTOP-C332RF6$,SYSTEM,DESKTOP-C332RF6,Negotiate,5,LogOn,Success
2026-02-22T10:35:31.058Z,DESKTOP-C332RF6$,SYSTEM,DESKTOP-C332RF6,Negotiate,5,LogOn,Success
2026-02-22T10:37:31.934Z,DESKTOP-C332RF6$,SYSTEM,DESKTOP-C332RF6,Negotiate,5,LogOn,Success
2026-02-22T10:50:31.372Z,DESKTOP-C332RF6$,SYSTEM,DESKTOP-C332RF6,Negotiate,5,LogOn,Success
2026-02-22T10:52:31.204Z,DESKTOP-C332RF6$,SYSTEM,DESKTOP-C332RF6,Negotiate,5,LogOn,Success
2026-02-22T10:52:32.468Z,DESKTOP-C332RF6$,SYSTEM,DESKTOP-C332RF6,Negotiate,5,LogOn,Success
2026-02-22T10:52:39.397Z,DESKTOP-C332RF6$,SYSTEM,DESKTOP-C332RF6,Negotiate,5,LogOn,Success
2026-02-22T10:57:23.360Z,DESKTOP-C332RF6$,SYSTEM,DESKTOP-C332RF6,Negotiate,5,LogOn,Success
2026-02-22T10:57:23.432Z,DESKTOP-C332RF6$,SYSTEM,DESKTOP-C332RF6,Negotiate,5,LogOn,Success
2026-02-22T11:02:57.716Z,DESKTOP-C332RF6$,SYSTEM,DESKTOP-C332RF6,Negotiate,5,LogOn,Success
2026-02-22T11:03:16.954Z,DESKTOP-C332RF6$,SYSTEM,DESKTOP-C332RF6,Negotiate,5,LogOn,Success
2026-02-22T11:03:17.707Z,DESKTOP-C332RF6$,SYSTEM,DESKTOP-C332RF6,Negotiate,5,LogOn,Success
2026-02-22T11:03:18.679Z,DESKTOP-C332RF6$,SYSTEM,DESKTOP-C332RF6,Negotiate,5,LogOn,Success
2026-02-22T11:06:44.658Z,DESKTOP-C332RF6$,SYSTEM,DESKTOP-C332RF6,Negotiate,5,LogOn,Success
2026-02-22T11:09:46.376Z,DESKTOP-C332RF6$,SYSTEM,DESKTOP-C332RF6,Negotiate,5,LogOn,Success
2026-02-22T11:12:34.275Z,DESKTOP-C332RF6$,SYSTEM,DESKTOP-C332RF6,Negotiate,5,LogOn,Success
2026-02-19T19:18:46.250Z,DESKTOP-C332RF6$,SYSTEM,DESKTOP-C332RF6,Negotiate,5,LogOn,Success
2026-02-19T19:18:46.419Z,DESKTOP-C332RF6$,SYSTEM,DESKTOP-C332RF6,Negotiate,5,LogOn,Success
2026-02-19T19:18:47.803Z,DESKTOP-C332RF6$,SYSTEM,DESKTOP-C332RF6,Negotiate,5,LogOn,Success
2026-02-19T19:18:48.613Z,DESKTOP-C332RF6$,SYSTEM,DESKTOP-C332RF6,Negotiate,5,LogOn,Success
2026-02-19T19:18:49.732Z,DESKTOP-C332RF6$,SYSTEM,DESKTOP-C332RF6,Negotiate,5,LogOn,Success
2026-02-19T19:19:13.470Z,DESKTOP-C332RF6$,SYSTEM,DESKTOP-C332RF6,Negotiate,5,LogOn,Success
2026-02-19T19:23:43.691Z,DESKTOP-C332RF6$,SYSTEM,DESKTOP-C332RF6,Negotiate,5,LogOn,Success
2026-02-19T19:23:57.485Z,DESKTOP-C332RF6$,SYSTEM,DESKTOP-C332RF6,Negotiate,5,LogOn,Success
2026-02-19T19:23:58.514Z,DESKTOP-C332RF6$,SYSTEM,DESKTOP-C332RF6,Negotiate,5,LogOn,Success
2026-02-19T19:24:02.502Z,DESKTOP-C332RF6$,SYSTEM,DESKTOP-C332RF6,Negotiate,5,LogOn,Success
2026-02-19T19:25:05.329Z,DESKTOP-C332RF6$,SYSTEM,DESKTOP-C332RF6,Negotiate,5,LogOn,Success
2026-02-19T19:26:30.869Z,DESKTOP-C332RF6$,SYSTEM,DESKTOP-C332RF6,Negotiate,5,LogOn,Success
2026-02-19T19:45:19.657Z,DESKTOP-C332RF6$,SYSTEM,DESKTOP-C332RF6,Negotiate,5,LogOn,Success
2026-02-19T19:45:19.814Z,DESKTOP-C332RF6$,SYSTEM,DESKTOP-C332RF6,Negotiate,5,LogOn,Success
2026-02-19T19:49:51.659Z,DESKTOP-C332RF6$,SYSTEM,DESKTOP-C332RF6,Negotiate,5,LogOn,Success
2026-02-19T19:49:51.705Z,DESKTOP-C332RF6$,SYSTEM,DESKTOP-C332RF6,Negotiate,5,LogOn,Success
2026-02-19T19:49:51.883Z,DESKTOP-C332RF6$,SYSTEM,DESKTOP-C332RF6,Negotiate,5,LogOn,Success
2026-02-19T19:49:52.830Z,DESKTOP-C332RF6$,SYSTEM,DESKTOP-C332RF6,Negotiate,5,LogOn,Success
2026-02-19T19:49:53.281Z,DESKTOP-C332RF6$,SYSTEM,DESKTOP-C332RF6,Negotiate,5,LogOn,Success
2026-02-19T19:08:59.894Z,DESKTOP-C332RF6$,SYSTEM,DESKTOP-C332RF6,Negotiate,5,LogOn,Success
2026-02-19T19:18:44.902Z,DESKTOP-C332RF6$,SYSTEM,DESKTOP-C332RF6,Negotiate,5,LogOn,Success
2026-02-19T19:18:44.902Z,DESKTOP-C332RF6$,SYSTEM,DESKTOP-C332RF6,Negotiate,5,LogOn,Success
2026-02-19T19:18:45.529Z,DESKTOP-C332RF6$,SYSTEM,DESKTOP-C332RF6,Negotiate,5,LogOn,Success
2026-02-19T19:18:45.618Z,DESKTOP-C332RF6$,SYSTEM,DESKTOP-C332RF6,Negotiate,5,LogOn,Success
2026-02-18T14:30:26.537Z,DESKTOP-C332RF6$,SYSTEM,DESKTOP-C332RF6,Negotiate,5,LogOn,Success
2026-02-18T14:30:26.925Z,DESKTOP-C332RF6$,SYSTEM,DESKTOP-C332RF6,Negotiate,5,LogOn,Success
2026-02-18T14:31:30.176Z,DESKTOP-C332RF6$,SYSTEM,DESKTOP-C332RF6,Negotiate,5,LogOn,Success
2026-02-18T14:31:33.043Z,DESKTOP-C332RF6$,SYSTEM,DESKTOP-C332RF6,Negotiate,5,LogOn,Success
2026-02-18T14:40:06.601Z,DESKTOP-C332RF6$,SYSTEM,DESKTOP-C332RF6,Negotiate,5,LogOn,Success
2026-02-18T14:43:30.739Z,DESKTOP-C332RF6$,SYSTEM,DESKTOP-C332RF6,Negotiate,5,LogOn,Success
2026-02-18T14:43:32.773Z,DESKTOP-C332RF6$,SYSTEM,DESKTOP-C332RF6,Negotiate,5,LogOn,Success
2026-02-18T14:55:04.887Z,DESKTOP-C332RF6$,SYSTEM,DESKTOP-C332RF6,Negotiate,5,LogOn,Success
2026-02-18T14:55:04.887Z,DESKTOP-C332RF6$,SYSTEM,DESKTOP-C332RF6,Negotiate,5,LogOn,Success
2026-02-18T14:55:05.901Z,DESKTOP-C332RF6$,SYSTEM,DESKTOP-C332RF6,Negotiate,5,LogOn,Success
2026-02-18T14:56:02.294Z,DESKTOP-C332RF6$,SYSTEM,DESKTOP-C332RF6,Negotiate,5,LogOn,Success
2026-02-18T14:58:06.842Z,DESKTOP-C332RF6$,SYSTEM,DESKTOP-C332RF6,Negotiate,5,LogOn,Success
2026-02-18T14:59:02.373Z,DESKTOP-C332RF6$,SYSTEM,DESKTOP-C332RF6,Negotiate,5,LogOn,Success
2026-02-18T15:04:57.226Z,DESKTOP-C332RF6$,SYSTEM,DESKTOP-C332RF6,Negotiate,5,LogOn,Success
2026-02-18T15:15:55.470Z,DESKTOP-C332RF6$,SYSTEM,DESKTOP-C332RF6,Negotiate,5,LogOn,Success
2026-02-18T15:16:58.501Z,DESKTOP-C332RF6$,SYSTEM,DESKTOP-C332RF6,Negotiate,5,LogOn,Success
2026-02-18T15:17:42.825Z,DESKTOP-C332RF6$,SYSTEM,DESKTOP-C332RF6,Negotiate,5,LogOn,Success
2026-02-18T15:31:04.055Z,DESKTOP-C332RF6$,SYSTEM,DESKTOP-C332RF6,Negotiate,5,LogOn,Success
2026-02-18T15:31:05.314Z,DESKTOP-C332RF6$,SYSTEM,DESKTOP-C332RF6,Negotiate,5,LogOn,Success
2026-02-18T15:36:52.504Z,DESKTOP-C332RF6$,SYSTEM,DESKTOP-C332RF6,Negotiate,5,LogOn,Success
2026-02-18T15:41:20.753Z,DESKTOP-C332RF6$,SYSTEM,DESKTOP-C332RF6,Negotiate,5,LogOn,Success
2026-02-18T15:42:16.802Z,DESKTOP-C332RF6$,UMFD-4,DESKTOP-C332RF6,Negotiate,2,LogOn,Success
2026-02-18T15:42:16.830Z,DESKTOP-C332RF6$,DWM-4,DESKTOP-C332RF6,Negotiate,2,LogOn,Success
2026-02-18T15:42:16.830Z,DESKTOP-C332RF6$,DWM-4,DESKTOP-C332RF6,Negotiate,2,LogOn,Success
2026-02-18T15:42:16.852Z,DESKTOP-C332RF6$,SYSTEM,DESKTOP-C332RF6,Negotiate,5,LogOn,Success
2026-02-18T15:42:16.920Z,DESKTOP-C332RF6$,SYSTEM,DESKTOP-C332RF6,Negotiate,5,LogOn,Success
2026-02-18T15:42:28.289Z,,UMFD-3,DESKTOP-C332RF6,,2,LogOff,LogOff
2026-02-18T15:42:28.385Z,DESKTOP-C332RF6$,SYSTEM,DESKTOP-C332RF6,Negotiate,5,LogOn,Success
2026-02-18T15:42:29.549Z,,DWM-3,DESKTOP-C332RF6,,2,LogOff,LogOff
2026-02-18T15:42:29.549Z,,DWM-3,DESKTOP-C332RF6,,2,LogOff,LogOff
2026-02-18T15:42:29.699Z,DESKTOP-C332RF6$,SYSTEM,DESKTOP-C332RF6,Negotiate,5,LogOn,Success
2026-02-18T23:23:11.569Z,DESKTOP-C332RF6$,PC,DESKTOP-C332RF6,Negotiate,2,LogOn,Success
2026-02-18T23:23:11.569Z,DESKTOP-C332RF6$,PC,DESKTOP-C332RF6,Negotiate,2,LogOn,Success
2026-02-18T23:23:16.422Z,DESKTOP-C332RF6$,SYSTEM,DESKTOP-C332RF6,Negotiate,5,LogOn,Success
2026-02-18T23:23:24.922Z,DESKTOP-C332RF6$,SYSTEM,DESKTOP-C332RF6,Negotiate,5,LogOn,Success
2026-02-18T23:24:57.072Z,DESKTOP-C332RF6$,SYSTEM,DESKTOP-C332RF6,Negotiate,5,LogOn,Success
2026-02-18T23:25:55.775Z,DESKTOP-C332RF6$,SYSTEM,DESKTOP-C332RF6,Negotiate,5,LogOn,Success
2026-02-18T23:25:55.879Z,DESKTOP-C332RF6$,SYSTEM,DESKTOP-C332RF6,Negotiate,5,LogOn,Success
2026-02-18T23:25:56.296Z,DESKTOP-C332RF6$,SYSTEM,DESKTOP-C332RF6,Negotiate,5,LogOn,Success
2026-02-18T23:25:56.808Z,DESKTOP-C332RF6$,SYSTEM,DESKTOP-C332RF6,Negotiate,5,LogOn,Success
2026-02-18T23:27:21.540Z,DESKTOP-C332RF6$,SYSTEM,DESKTOP-C332RF6,Negotiate,5,LogOn,Success
2026-02-18T23:28:14.757Z,DESKTOP-C332RF6$,SYSTEM,DESKTOP-C332RF6,Negotiate,5,LogOn,Success
2026-02-18T23:29:37.428Z,DESKTOP-C332RF6$,SYSTEM,DESKTOP-C332RF6,Negotiate,5,LogOn,Success
2026-02-18T23:31:29.991Z,DESKTOP-C332RF6$,SYSTEM,DESKTOP-C332RF6,Negotiate,5,LogOn,Success
2026-02-18T23:38:07.725Z,DESKTOP-C332RF6$,SYSTEM,DESKTOP-C332RF6,Negotiate,5,LogOn,Success
2026-02-18T23:38:07.913Z,DESKTOP-C332RF6$,SYSTEM,DESKTOP-C332RF6,Negotiate,5,LogOn,Success
2026-02-18T23:38:12.939Z,DESKTOP-C332RF6$,SYSTEM,DESKTOP-C332RF6,Negotiate,5,LogOn,Success
2026-02-18T23:38:12.940Z,DESKTOP-C332RF6$,SYSTEM,DESKTOP-C332RF6,Negotiate,5,LogOn,Success
2026-02-18T23:38:13.541Z,DESKTOP-C332RF6$,SYSTEM,DESKTOP-C332RF6,Negotiate,5,LogOn,Success
2026-02-18T23:38:41.929Z,DESKTOP-C332RF6$,SYSTEM,DESKTOP-C332RF6,Negotiate,5,LogOn,Success
2026-02-18T23:39:05.487Z,DESKTOP-C332RF6$,SYSTEM,DESKTOP-C332RF6,Negotiate,5,LogOn,Success
2026-02-18T23:39:05.527Z,DESKTOP-C332RF6$,SYSTEM,DESKTOP-C332RF6,Negotiate,5,LogOn,Success
2026-02-18T23:40:32.186Z,DESKTOP-C332RF6$,SYSTEM,DESKTOP-C332RF6,Negotiate,5,LogOn,Success
2026-02-18T23:41:38.446Z,DESKTOP-C332RF6$,SYSTEM,DESKTOP-C332RF6,Negotiate,5,LogOn,Success
2026-02-18T23:42:35.568Z,DESKTOP-C332RF6$,SYSTEM,DESKTOP-C332RF6,Negotiate,5,LogOn,Success
2026-02-18T23:42:48.824Z,DESKTOP-C332RF6$,SYSTEM,DESKTOP-C332RF6,Negotiate,5,LogOn,Success
2026-02-18T23:44:19.628Z,DESKTOP-C332RF6$,SYSTEM,DESKTOP-C332RF6,Negotiate,5,LogOn,Success
2026-02-18T23:47:17.513Z,DESKTOP-C332RF6$,SYSTEM,DESKTOP-C332RF6,Negotiate,5,LogOn,Success
2026-02-18T23:47:19.091Z,DESKTOP-C332RF6$,SYSTEM,DESKTOP-C332RF6,Negotiate,5,LogOn,Success
2026-02-18T23:47:21.256Z,DESKTOP-C332RF6$,SYSTEM,DESKTOP-C332RF6,Negotiate,5,LogOn,Success
2026-02-18T23:47:21.712Z,DESKTOP-C332RF6$,SYSTEM,DESKTOP-C332RF6,Negotiate,5,LogOn,Success
2026-02-18T23:48:48.501Z,DESKTOP-C332RF6$,SYSTEM,DESKTOP-C332RF6,Negotiate,5,LogOn,Success
2026-02-18T23:49:23.979Z,DESKTOP-C332RF6$,SYSTEM,DESKTOP-C332RF6,Negotiate,5,LogOn,Success
2026-02-18T23:49:39.747Z,DESKTOP-C332RF6$,SYSTEM,DESKTOP-C332RF6,Negotiate,5,LogOn,Success
2026-02-18T23:49:43.140Z,DESKTOP-C332RF6$,SYSTEM,DESKTOP-C332RF6,Negotiate,5,LogOn,Success
2026-02-18T23:50:14.928Z,DESKTOP-C332RF6$,SYSTEM,DESKTOP-C332RF6,Negotiate,5,LogOn,Success
2026-02-18T23:52:07.986Z,DESKTOP-C332RF6$,SYSTEM,DESKTOP-C332RF6,Negotiate,5,LogOn,Success
2026-02-18T23:52:08.020Z,DESKTOP-C332RF6$,SYSTEM,DESKTOP-C332RF6,Negotiate,5,LogOn,Success
2026-02-18T23:56:00.760Z,DESKTOP-C332RF6$,SYSTEM,DESKTOP-C332RF6,Negotiate,5,LogOn,Success
2026-02-18T23:56:07.712Z,DESKTOP-C332RF6$,SYSTEM,DESKTOP-C332RF6,Negotiate,5,LogOn,Success
2026-02-19T00:07:35.969Z,DESKTOP-C332RF6$,SYSTEM,DESKTOP-C332RF6,Negotiate,5,LogOn,Success
2026-02-19T00:07:36.137Z,DESKTOP-C332RF6$,SYSTEM,DESKTOP-C332RF6,Negotiate,5,LogOn,Success
2026-02-19T00:07:38.410Z,DESKTOP-C332RF6$,SYSTEM,DESKTOP-C332RF6,Negotiate,5,LogOn,Success
2026-02-19T00:07:43.805Z,DESKTOP-C332RF6$,SYSTEM,DESKTOP-C332RF6,Negotiate,5,LogOn,Success
2026-02-19T00:07:43.807Z,DESKTOP-C332RF6$,SYSTEM,DESKTOP-C332RF6,Negotiate,5,LogOn,Success
2026-02-19T00:07:45.196Z,DESKTOP-C332RF6$,SYSTEM,DESKTOP-C332RF6,Negotiate,5,LogOn,Success
2026-02-19T00:11:36.757Z,DESKTOP-C332RF6$,SYSTEM,DESKTOP-C332RF6,Negotiate,5,LogOn,Success
2026-02-19T00:11:36.896Z,DESKTOP-C332RF6$,SYSTEM,DESKTOP-C332RF6,Negotiate,5,LogOn,Success
2026-02-19T00:11:37.854Z,DESKTOP-C332RF6$,SYSTEM,DESKTOP-C332RF6,Negotiate,5,LogOn,Success
2026-02-19T00:12:37.256Z,DESKTOP-C332RF6$,SYSTEM,DESKTOP-C332RF6,Negotiate,5,LogOn,Success
2026-02-19T00:12:37.519Z,DESKTOP-C332RF6$,SYSTEM,DESKTOP-C332RF6,Negotiate,5,LogOn,Success
2026-02-19T00:16:10.764Z,DESKTOP-C332RF6$,SYSTEM,DESKTOP-C332RF6,Negotiate,5,LogOn,Success
2026-02-19T00:18:12.371Z,DESKTOP-C332RF6$,SYSTEM,DESKTOP-C332RF6,Negotiate,5,LogOn,Success
2026-02-19T00:25:47.370Z,DESKTOP-C332RF6$,SYSTEM,DESKTOP-C332RF6,Negotiate,5,LogOn,Success
2026-02-19T00:42:36.426Z,DESKTOP-C332RF6$,SYSTEM,DESKTOP-C332RF6,Negotiate,5,LogOn,Success
2026-02-19T00:51:39.148Z,DESKTOP-C332RF6$,SYSTEM,DESKTOP-C332RF6,Negotiate,5,LogOn,Success
2026-02-19T01:03:44.232Z,DESKTOP-C332RF6$,SYSTEM,DESKTOP-C332RF6,Negotiate,5,LogOn,Success
2026-02-19T01:04:07.824Z,DESKTOP-C332RF6$,SYSTEM,DESKTOP-C332RF6,Negotiate,5,LogOn,Success
2026-02-19T01:09:18.094Z,DESKTOP-C332RF6$,SYSTEM,DESKTOP-C332RF6,Negotiate,5,LogOn,Success
2026-02-19T01:09:18.186Z,DESKTOP-C332RF6$,SYSTEM,DESKTOP-C332RF6,Negotiate,5,LogOn,Success
2026-02-19T01:23:12.880Z,DESKTOP-C332RF6$,SYSTEM,DESKTOP-C332RF6,Negotiate,5,LogOn,Success
2026-02-19T01:23:12.939Z,DESKTOP-C332RF6$,SYSTEM,DESKTOP-C332RF6,Negotiate,5,LogOn,Success
2026-02-19T01:23:17.570Z,DESKTOP-C332RF6$,SYSTEM,DESKTOP-C332RF6,Negotiate,5,LogOn,Success
2026-02-19T01:42:35.855Z,DESKTOP-C332RF6$,SYSTEM,DESKTOP-C332RF6,Negotiate,5,LogOn,Success
2026-02-19T01:45:13.684Z,DESKTOP-C332RF6$,SYSTEM,DESKTOP-C332RF6,Negotiate,5,LogOn,Success
2026-02-19T01:45:17.223Z,DESKTOP-C332RF6$,SYSTEM,DESKTOP-C332RF6,Negotiate,5,LogOn,Success
2026-02-19T01:45:17.832Z,DESKTOP-C332RF6$,SYSTEM,DESKTOP-C332RF6,Negotiate,5,LogOn,Success
2026-02-19T01:45:32.063Z,DESKTOP-C332RF6$,SYSTEM,DESKTOP-C332RF6,Negotiate,5,LogOn,Success
2026-02-19T01:45:32.186Z,DESKTOP-C332RF6$,SYSTEM,DESKTOP-C332RF6,Negotiate,5,LogOn,Success
2026-02-19T01:45:45.454Z,DESKTOP-C332RF6$,UMFD-5,DESKTOP-C332RF6,Negotiate,2,LogOn,Success
2026-02-19T01:45:45.494Z,DESKTOP-C332RF6$,DWM-5,DESKTOP-C332RF6,Negotiate,2,LogOn,Success
2026-02-19T01:45:45.494Z,DESKTOP-C332RF6$,DWM-5,DESKTOP-C332RF6,Negotiate,2,LogOn,Success
2026-02-19T01:45:45.506Z,DESKTOP-C332RF6$,SYSTEM,DESKTOP-C332RF6,Negotiate,5,LogOn,Success
2026-02-19T01:45:45.581Z,DESKTOP-C332RF6$,SYSTEM,DESKTOP-C332RF6,Negotiate,5,LogOn,Success
2026-02-19T01:45:51.473Z,DESKTOP-C332RF6$,SYSTEM,DESKTOP-C332RF6,Negotiate,5,LogOn,Success
2026-02-19T01:45:51.585Z,,UMFD-4,DESKTOP-C332RF6,,2,LogOff,LogOff
2026-02-19T01:45:52.580Z,DESKTOP-C332RF6$,SYSTEM,DESKTOP-C332RF6,Negotiate,5,LogOn,Success
2026-02-19T19:08:27.621Z,,DWM-4,DESKTOP-C332RF6,,2,LogOff,LogOff
2026-02-19T19:08:27.621Z,,DWM-4,DESKTOP-C332RF6,,2,LogOff,LogOff
2026-02-19T19:08:29.736Z,DESKTOP-C332RF6$,PC,DESKTOP-C332RF6,Negotiate,2,LogOn,Success
2026-02-19T19:08:29.736Z,DESKTOP-C332RF6$,PC,DESKTOP-C332RF6,Negotiate,2,LogOn,Success
2026-02-18T14:15:33.377Z,DESKTOP-C332RF6$,SYSTEM,DESKTOP-C332RF6,Negotiate,5,LogOn,Success
2026-02-18T14:22:12.318Z,DESKTOP-C332RF6$,SYSTEM,DESKTOP-C332RF6,Negotiate,5,LogOn,Success
2026-02-18T14:22:37.202Z,DESKTOP-C332RF6$,SYSTEM,DESKTOP-C332RF6,Negotiate,5,LogOn,Success
2026-02-18T14:22:37.474Z,DESKTOP-C332RF6$,SYSTEM,DESKTOP-C332RF6,Negotiate,5,LogOn,Success
