Time,Source User,Target User,Computer,Auth Type,Logon Type,Orientation,Status
2026-05-04T18:06:44.876Z,DESKTOP-C332RF6$,SYSTEM,DESKTOP-C332RF6,Negotiate,5,LogOn,Success
2026-04-14T08:57:59.710Z,DESKTOP-C332RF6$,SYSTEM,DESKTOP-C332RF6,Negotiate,5,LogOn,Success
2026-04-14T08:58:57.152Z,DESKTOP-C332RF6$,SYSTEM,DESKTOP-C332RF6,Negotiate,5,LogOn,Success
2026-04-14T08:58:57.199Z,DESKTOP-C332RF6$,SYSTEM,DESKTOP-C332RF6,Negotiate,5,LogOn,Success
2026-04-14T09:01:05.080Z,DESKTOP-C332RF6$,SYSTEM,DESKTOP-C332RF6,Negotiate,5,LogOn,Success
2026-04-14T09:08:01.969Z,DESKTOP-C332RF6$,SYSTEM,DESKTOP-C332RF6,Negotiate,5,LogOn,Success
2026-04-14T09:08:29.902Z,DESKTOP-C332RF6$,SYSTEM,DESKTOP-C332RF6,Negotiate,5,LogOn,Success
2026-04-14T09:12:41.627Z,DESKTOP-C332RF6$,SYSTEM,DESKTOP-C332RF6,Negotiate,5,LogOn,Success
2026-04-14T09:12:42.027Z,DESKTOP-C332RF6$,SYSTEM,DESKTOP-C332RF6,Negotiate,5,LogOn,Success
2026-04-14T09:18:27.607Z,DESKTOP-C332RF6$,SYSTEM,DESKTOP-C332RF6,Negotiate,5,LogOn,Success
2026-04-14T09:18:27.787Z,DESKTOP-C332RF6$,SYSTEM,DESKTOP-C332RF6,Negotiate,5,LogOn,Success
2026-04-14T09:22:43.887Z,DESKTOP-C332RF6$,SYSTEM,DESKTOP-C332RF6,Negotiate,5,LogOn,Success
2026-04-14T09:28:34.079Z,DESKTOP-C332RF6$,SYSTEM,DESKTOP-C332RF6,Negotiate,5,LogOn,Success
2026-04-14T09:34:59.915Z,DESKTOP-C332RF6$,SYSTEM,DESKTOP-C332RF6,Negotiate,5,LogOn,Success
2026-04-14T09:35:00.639Z,DESKTOP-C332RF6$,SYSTEM,DESKTOP-C332RF6,Negotiate,5,LogOn,Success
2026-04-14T09:35:01.087Z,DESKTOP-C332RF6$,SYSTEM,DESKTOP-C332RF6,Negotiate,5,LogOn,Success
2026-04-14T09:35:22.732Z,DESKTOP-C332RF6$,SYSTEM,DESKTOP-C332RF6,Negotiate,5,LogOn,Success
2026-04-14T09:35:23.190Z,DESKTOP-C332RF6$,SYSTEM,DESKTOP-C332RF6,Negotiate,5,LogOn,Success
2026-04-14T09:35:23.830Z,DESKTOP-C332RF6$,SYSTEM,DESKTOP-C332RF6,Negotiate,5,LogOn,Success
2026-04-14T09:35:27.298Z,DESKTOP-C332RF6$,SYSTEM,DESKTOP-C332RF6,Negotiate,5,LogOn,Success
2026-04-14T09:35:27.500Z,DESKTOP-C332RF6$,SYSTEM,DESKTOP-C332RF6,Negotiate,5,LogOn,Success
2026-04-14T09:35:31.184Z,DESKTOP-C332RF6$,SYSTEM,DESKTOP-C332RF6,Negotiate,5,LogOn,Success
2026-04-14T09:35:48.853Z,DESKTOP-C332RF6$,SYSTEM,DESKTOP-C332RF6,Negotiate,5,LogOn,Success
2026-04-14T09:35:50.604Z,DESKTOP-C332RF6$,SYSTEM,DESKTOP-C332RF6,Negotiate,5,LogOn,Success
2026-04-14T09:46:43.043Z,DESKTOP-C332RF6$,SYSTEM,DESKTOP-C332RF6,Negotiate,5,LogOn,Success
2026-04-14T09:46:44.152Z,DESKTOP-C332RF6$,SYSTEM,DESKTOP-C332RF6,Negotiate,5,LogOn,Success
2026-04-14T09:49:55.581Z,DESKTOP-C332RF6$,SYSTEM,DESKTOP-C332RF6,Negotiate,5,LogOn,Success
2026-04-14T09:57:57.324Z,DESKTOP-C332RF6$,SYSTEM,DESKTOP-C332RF6,Negotiate,5,LogOn,Success
2026-04-14T10:00:21.168Z,DESKTOP-C332RF6$,SYSTEM,DESKTOP-C332RF6,Negotiate,5,LogOn,Success
2026-04-14T10:00:35.351Z,DESKTOP-C332RF6$,SYSTEM,DESKTOP-C332RF6,Negotiate,5,LogOn,Success
2026-04-14T10:00:35.415Z,DESKTOP-C332RF6$,SYSTEM,DESKTOP-C332RF6,Negotiate,5,LogOn,Success
2026-04-14T10:04:21.533Z,DESKTOP-C332RF6$,SYSTEM,DESKTOP-C332RF6,Negotiate,5,LogOn,Success
2026-04-14T10:11:58.304Z,DESKTOP-C332RF6$,SYSTEM,DESKTOP-C332RF6,Negotiate,5,LogOn,Success
2026-04-14T10:13:07.005Z,DESKTOP-C332RF6$,SYSTEM,DESKTOP-C332RF6,Negotiate,5,LogOn,Success
2026-04-14T10:13:37.941Z,DESKTOP-C332RF6$,SYSTEM,DESKTOP-C332RF6,Negotiate,5,LogOn,Success
2026-04-14T10:18:13.032Z,DESKTOP-C332RF6$,SYSTEM,DESKTOP-C332RF6,Negotiate,5,LogOn,Success
2026-04-14T10:31:59.540Z,DESKTOP-C332RF6$,SYSTEM,DESKTOP-C332RF6,Negotiate,5,LogOn,Success
2026-04-14T10:33:15.897Z,DESKTOP-C332RF6$,SYSTEM,DESKTOP-C332RF6,Negotiate,5,LogOn,Success
2026-04-14T10:46:54.187Z,DESKTOP-C332RF6$,SYSTEM,DESKTOP-C332RF6,Negotiate,5,LogOn,Success
2026-04-14T10:53:01.709Z,DESKTOP-C332RF6$,SYSTEM,DESKTOP-C332RF6,Negotiate,5,LogOn,Success
2026-04-14T10:53:01.748Z,DESKTOP-C332RF6$,SYSTEM,DESKTOP-C332RF6,Negotiate,5,LogOn,Success
2026-04-14T10:53:05.243Z,DESKTOP-C332RF6$,SYSTEM,DESKTOP-C332RF6,Negotiate,5,LogOn,Success
2026-04-14T10:56:43.722Z,DESKTOP-C332RF6$,SYSTEM,DESKTOP-C332RF6,Negotiate,5,LogOn,Success
2026-04-14T10:56:47.230Z,DESKTOP-C332RF6$,SYSTEM,DESKTOP-C332RF6,Negotiate,5,LogOn,Success
2026-04-14T10:56:47.514Z,DESKTOP-C332RF6$,SYSTEM,DESKTOP-C332RF6,Negotiate,5,LogOn,Success
2026-04-14T10:56:47.625Z,DESKTOP-C332RF6$,SYSTEM,DESKTOP-C332RF6,Negotiate,5,LogOn,Success
2026-04-14T11:03:55.484Z,DESKTOP-C332RF6$,SYSTEM,DESKTOP-C332RF6,Negotiate,5,LogOn,Success
2026-04-14T11:04:00.451Z,DESKTOP-C332RF6$,SYSTEM,DESKTOP-C332RF6,Negotiate,5,LogOn,Success
2026-04-14T11:04:00.552Z,DESKTOP-C332RF6$,SYSTEM,DESKTOP-C332RF6,Negotiate,5,LogOn,Success
2026-04-14T11:08:22.511Z,DESKTOP-C332RF6$,SYSTEM,DESKTOP-C332RF6,Negotiate,5,LogOn,Success
2026-04-14T11:08:42.899Z,DESKTOP-C332RF6$,SYSTEM,DESKTOP-C332RF6,Negotiate,5,LogOn,Success
2026-04-14T11:08:43.888Z,DESKTOP-C332RF6$,SYSTEM,DESKTOP-C332RF6,Negotiate,5,LogOn,Success
2026-04-14T11:12:18.249Z,DESKTOP-C332RF6$,SYSTEM,DESKTOP-C332RF6,Negotiate,5,LogOn,Success
2026-04-14T11:16:32.315Z,DESKTOP-C332RF6$,SYSTEM,DESKTOP-C332RF6,Negotiate,5,LogOn,Success
2026-04-14T11:24:19.123Z,DESKTOP-C332RF6$,SYSTEM,DESKTOP-C332RF6,Negotiate,5,LogOn,Success
2026-04-14T11:28:23.737Z,DESKTOP-C332RF6$,SYSTEM,DESKTOP-C332RF6,Negotiate,5,LogOn,Success
2026-04-14T11:29:31.003Z,DESKTOP-C332RF6$,SYSTEM,DESKTOP-C332RF6,Negotiate,5,LogOn,Success
2026-04-14T11:32:43.843Z,DESKTOP-C332RF6$,SYSTEM,DESKTOP-C332RF6,Negotiate,5,LogOn,Success
2026-04-14T11:39:23.134Z,DESKTOP-C332RF6$,SYSTEM,DESKTOP-C332RF6,Negotiate,5,LogOn,Success
2026-04-14T11:39:23.259Z,DESKTOP-C332RF6$,SYSTEM,DESKTOP-C332RF6,Negotiate,5,LogOn,Success
2026-04-14T11:46:42.289Z,DESKTOP-C332RF6$,SYSTEM,DESKTOP-C332RF6,Negotiate,5,LogOn,Success
2026-04-14T11:47:08.167Z,DESKTOP-C332RF6$,SYSTEM,DESKTOP-C332RF6,Negotiate,5,LogOn,Success
2026-04-14T11:47:23.109Z,DESKTOP-C332RF6$,SYSTEM,DESKTOP-C332RF6,Negotiate,5,LogOn,Success
2026-04-14T11:47:24.071Z,DESKTOP-C332RF6$,SYSTEM,DESKTOP-C332RF6,Negotiate,5,LogOn,Success
2026-04-14T11:51:29.679Z,DESKTOP-C332RF6$,SYSTEM,DESKTOP-C332RF6,Negotiate,5,LogOn,Success
2026-04-14T11:55:31.229Z,DESKTOP-C332RF6$,SYSTEM,DESKTOP-C332RF6,Negotiate,5,LogOn,Success
2026-04-14T11:57:57.328Z,DESKTOP-C332RF6$,SYSTEM,DESKTOP-C332RF6,Negotiate,5,LogOn,Success
2026-04-14T12:01:38.857Z,DESKTOP-C332RF6$,UMFD-101,DESKTOP-C332RF6,Negotiate,2,LogOn,Success
2026-04-14T12:01:38.893Z,DESKTOP-C332RF6$,DWM-101,DESKTOP-C332RF6,Negotiate,2,LogOn,Success
2026-04-14T12:01:38.893Z,DESKTOP-C332RF6$,DWM-101,DESKTOP-C332RF6,Negotiate,2,LogOn,Success
2026-04-14T12:01:38.903Z,DESKTOP-C332RF6$,SYSTEM,DESKTOP-C332RF6,Negotiate,5,LogOn,Success
2026-04-14T12:01:38.973Z,DESKTOP-C332RF6$,SYSTEM,DESKTOP-C332RF6,Negotiate,5,LogOn,Success
2026-04-14T12:01:44.198Z,DESKTOP-C332RF6$,SYSTEM,DESKTOP-C332RF6,Negotiate,5,LogOn,Success
2026-04-14T12:01:44.230Z,,UMFD-100,DESKTOP-C332RF6,,2,LogOff,LogOff
2026-04-14T12:01:45.749Z,,DWM-100,DESKTOP-C332RF6,,2,LogOff,LogOff
2026-04-14T12:01:45.749Z,,DWM-100,DESKTOP-C332RF6,,2,LogOff,LogOff
2026-04-14T12:01:46.020Z,DESKTOP-C332RF6$,SYSTEM,DESKTOP-C332RF6,Negotiate,5,LogOn,Success
2026-04-14T14:57:53.857Z,DESKTOP-C332RF6$,SYSTEM,DESKTOP-C332RF6,Negotiate,5,LogOn,Success
2026-04-14T14:57:55.589Z,DESKTOP-C332RF6$,PC,DESKTOP-C332RF6,Negotiate,2,LogOn,Success
2026-04-14T14:57:55.589Z,DESKTOP-C332RF6$,PC,DESKTOP-C332RF6,Negotiate,2,LogOn,Success
2026-04-14T14:57:58.479Z,DESKTOP-C332RF6$,SYSTEM,DESKTOP-C332RF6,Negotiate,5,LogOn,Success
2026-04-14T14:58:00.220Z,DESKTOP-C332RF6$,SYSTEM,DESKTOP-C332RF6,Negotiate,5,LogOn,Success
2026-04-14T14:58:02.242Z,DESKTOP-C332RF6$,SYSTEM,DESKTOP-C332RF6,Negotiate,5,LogOn,Success
2026-04-14T14:58:11.183Z,DESKTOP-C332RF6$,SYSTEM,DESKTOP-C332RF6,Negotiate,5,LogOn,Success
2026-04-14T14:59:41.714Z,DESKTOP-C332RF6$,SYSTEM,DESKTOP-C332RF6,Negotiate,5,LogOn,Success
2026-04-14T14:59:55.720Z,DESKTOP-C332RF6$,SYSTEM,DESKTOP-C332RF6,Negotiate,5,LogOn,Success
2026-04-14T15:07:36.923Z,DESKTOP-C332RF6$,SYSTEM,DESKTOP-C332RF6,Negotiate,5,LogOn,Success
2026-04-14T15:07:53.930Z,DESKTOP-C332RF6$,SYSTEM,DESKTOP-C332RF6,Negotiate,5,LogOn,Success
2026-04-14T15:12:57.391Z,DESKTOP-C332RF6$,SYSTEM,DESKTOP-C332RF6,Negotiate,5,LogOn,Success
2026-04-14T15:13:21.641Z,DESKTOP-C332RF6$,SYSTEM,DESKTOP-C332RF6,Negotiate,5,LogOn,Success
2026-04-14T15:59:05.220Z,DESKTOP-C332RF6$,SYSTEM,DESKTOP-C332RF6,Negotiate,5,LogOn,Success
2026-04-14T15:59:05.314Z,DESKTOP-C332RF6$,SYSTEM,DESKTOP-C332RF6,Negotiate,5,LogOn,Success
2026-04-14T16:07:37.134Z,DESKTOP-C332RF6$,SYSTEM,DESKTOP-C332RF6,Negotiate,5,LogOn,Success
2026-04-14T16:18:13.027Z,DESKTOP-C332RF6$,SYSTEM,DESKTOP-C332RF6,Negotiate,5,LogOn,Success
2026-04-14T16:34:15.640Z,DESKTOP-C332RF6$,SYSTEM,DESKTOP-C332RF6,Negotiate,5,LogOn,Success
2026-04-14T16:34:17.773Z,DESKTOP-C332RF6$,SYSTEM,DESKTOP-C332RF6,Negotiate,5,LogOn,Success
2026-04-14T16:34:57.570Z,DESKTOP-C332RF6$,SYSTEM,DESKTOP-C332RF6,Negotiate,5,LogOn,Success
2026-04-14T16:47:21.226Z,DESKTOP-C332RF6$,SYSTEM,DESKTOP-C332RF6,Negotiate,5,LogOn,Success
2026-04-14T16:47:25.985Z,DESKTOP-C332RF6$,SYSTEM,DESKTOP-C332RF6,Negotiate,5,LogOn,Success
2026-04-14T16:47:30.186Z,DESKTOP-C332RF6$,SYSTEM,DESKTOP-C332RF6,Negotiate,5,LogOn,Success
2026-04-14T16:49:18.190Z,DESKTOP-C332RF6$,SYSTEM,DESKTOP-C332RF6,Negotiate,5,LogOn,Success
2026-04-14T16:57:57.182Z,DESKTOP-C332RF6$,SYSTEM,DESKTOP-C332RF6,Negotiate,5,LogOn,Success
2026-04-14T16:57:57.228Z,DESKTOP-C332RF6$,SYSTEM,DESKTOP-C332RF6,Negotiate,5,LogOn,Success
2026-04-14T16:58:01.030Z,DESKTOP-C332RF6$,SYSTEM,DESKTOP-C332RF6,Negotiate,5,LogOn,Success
2026-04-14T17:00:24.890Z,DESKTOP-C332RF6$,SYSTEM,DESKTOP-C332RF6,Negotiate,5,LogOn,Success
2026-04-14T17:06:45.340Z,DESKTOP-C332RF6$,SYSTEM,DESKTOP-C332RF6,Negotiate,5,LogOn,Success
2026-04-14T17:07:37.414Z,DESKTOP-C332RF6$,SYSTEM,DESKTOP-C332RF6,Negotiate,5,LogOn,Success
2026-04-14T17:18:13.044Z,DESKTOP-C332RF6$,SYSTEM,DESKTOP-C332RF6,Negotiate,5,LogOn,Success
2026-04-14T17:34:27.791Z,DESKTOP-C332RF6$,SYSTEM,DESKTOP-C332RF6,Negotiate,5,LogOn,Success
2026-04-14T18:00:25.100Z,DESKTOP-C332RF6$,SYSTEM,DESKTOP-C332RF6,Negotiate,5,LogOn,Success
2026-04-14T18:06:45.336Z,DESKTOP-C332RF6$,SYSTEM,DESKTOP-C332RF6,Negotiate,5,LogOn,Success
2026-04-14T18:07:37.422Z,DESKTOP-C332RF6$,SYSTEM,DESKTOP-C332RF6,Negotiate,5,LogOn,Success
2026-04-14T18:07:38.221Z,DESKTOP-C332RF6$,SYSTEM,DESKTOP-C332RF6,Negotiate,5,LogOn,Success
2026-04-14T18:18:13.027Z,DESKTOP-C332RF6$,SYSTEM,DESKTOP-C332RF6,Negotiate,5,LogOn,Success
2026-04-14T18:30:36.178Z,DESKTOP-C332RF6$,SYSTEM,DESKTOP-C332RF6,Negotiate,5,LogOn,Success
2026-04-14T18:30:36.869Z,DESKTOP-C332RF6$,SYSTEM,DESKTOP-C332RF6,Negotiate,5,LogOn,Success
2026-04-14T18:30:36.901Z,DESKTOP-C332RF6$,SYSTEM,DESKTOP-C332RF6,Negotiate,5,LogOn,Success
2026-04-14T18:30:37.001Z,DESKTOP-C332RF6$,SYSTEM,DESKTOP-C332RF6,Negotiate,5,LogOn,Success
2026-04-14T18:30:37.476Z,DESKTOP-C332RF6$,SYSTEM,DESKTOP-C332RF6,Negotiate,5,LogOn,Success
2026-04-14T18:36:05.226Z,DESKTOP-C332RF6$,SYSTEM,DESKTOP-C332RF6,Negotiate,5,LogOn,Success
2026-04-14T18:37:09.730Z,DESKTOP-C332RF6$,SYSTEM,DESKTOP-C332RF6,Negotiate,5,LogOn,Success
2026-04-14T18:37:09.816Z,DESKTOP-C332RF6$,SYSTEM,DESKTOP-C332RF6,Negotiate,5,LogOn,Success
2026-04-14T18:37:10.825Z,DESKTOP-C332RF6$,SYSTEM,DESKTOP-C332RF6,Negotiate,5,LogOn,Success
2026-04-14T18:37:12.002Z,DESKTOP-C332RF6$,SYSTEM,DESKTOP-C332RF6,Negotiate,5,LogOn,Success
2026-04-14T18:38:27.522Z,DESKTOP-C332RF6$,SYSTEM,DESKTOP-C332RF6,Negotiate,5,LogOn,Success
2026-04-14T18:38:27.836Z,DESKTOP-C332RF6$,SYSTEM,DESKTOP-C332RF6,Negotiate,5,LogOn,Success
2026-04-14T18:48:27.587Z,DESKTOP-C332RF6$,SYSTEM,DESKTOP-C332RF6,Negotiate,5,LogOn,Success
2026-04-14T18:48:27.822Z,DESKTOP-C332RF6$,SYSTEM,DESKTOP-C332RF6,Negotiate,5,LogOn,Success
2026-04-14T18:52:20.944Z,DESKTOP-C332RF6$,SYSTEM,DESKTOP-C332RF6,Negotiate,5,LogOn,Success
2026-04-14T18:58:24.927Z,DESKTOP-C332RF6$,SYSTEM,DESKTOP-C332RF6,Negotiate,5,LogOn,Success
2026-04-14T19:00:21.898Z,DESKTOP-C332RF6$,SYSTEM,DESKTOP-C332RF6,Negotiate,5,LogOn,Success
2026-04-14T19:06:45.381Z,DESKTOP-C332RF6$,SYSTEM,DESKTOP-C332RF6,Negotiate,5,LogOn,Success
2026-04-14T19:12:17.897Z,DESKTOP-C332RF6$,SYSTEM,DESKTOP-C332RF6,Negotiate,5,LogOn,Success
2026-04-14T19:12:19.292Z,DESKTOP-C332RF6$,SYSTEM,DESKTOP-C332RF6,Negotiate,5,LogOn,Success
2026-04-14T19:12:19.434Z,DESKTOP-C332RF6$,SYSTEM,DESKTOP-C332RF6,Negotiate,5,LogOn,Success
2026-04-14T19:12:19.976Z,DESKTOP-C332RF6$,SYSTEM,DESKTOP-C332RF6,Negotiate,5,LogOn,Success
2026-04-14T19:12:20.302Z,DESKTOP-C332RF6$,SYSTEM,DESKTOP-C332RF6,Negotiate,5,LogOn,Success
2026-04-14T19:12:24.649Z,DESKTOP-C332RF6$,SYSTEM,DESKTOP-C332RF6,Negotiate,5,LogOn,Success
2026-04-14T19:18:13.033Z,DESKTOP-C332RF6$,SYSTEM,DESKTOP-C332RF6,Negotiate,5,LogOn,Success
2026-04-14T19:33:32.664Z,DESKTOP-C332RF6$,SYSTEM,DESKTOP-C332RF6,Negotiate,5,LogOn,Success
2026-04-14T19:33:34.544Z,DESKTOP-C332RF6$,SYSTEM,DESKTOP-C332RF6,Negotiate,5,LogOn,Success
2026-04-14T19:58:22.885Z,DESKTOP-C332RF6$,SYSTEM,DESKTOP-C332RF6,Negotiate,5,LogOn,Success
2026-04-14T19:58:23.946Z,DESKTOP-C332RF6$,SYSTEM,DESKTOP-C332RF6,Negotiate,5,LogOn,Success
2026-04-14T19:59:05.016Z,DESKTOP-C332RF6$,SYSTEM,DESKTOP-C332RF6,Negotiate,5,LogOn,Success
2026-04-14T20:07:51.767Z,DESKTOP-C332RF6$,SYSTEM,DESKTOP-C332RF6,Negotiate,5,LogOn,Success
2026-04-14T20:18:13.054Z,DESKTOP-C332RF6$,SYSTEM,DESKTOP-C332RF6,Negotiate,5,LogOn,Success
2026-04-14T20:29:30.040Z,DESKTOP-C332RF6$,SYSTEM,DESKTOP-C332RF6,Negotiate,5,LogOn,Success
2026-04-14T20:29:31.424Z,DESKTOP-C332RF6$,SYSTEM,DESKTOP-C332RF6,Negotiate,5,LogOn,Success
2026-04-14T20:40:09.306Z,DESKTOP-C332RF6$,SYSTEM,DESKTOP-C332RF6,Negotiate,5,LogOn,Success
2026-04-14T20:40:23.825Z,DESKTOP-C332RF6$,SYSTEM,DESKTOP-C332RF6,Negotiate,5,LogOn,Success
2026-04-14T20:41:28.163Z,DESKTOP-C332RF6$,SYSTEM,DESKTOP-C332RF6,Negotiate,5,LogOn,Success
2026-04-14T20:42:13.775Z,DESKTOP-C332RF6$,SYSTEM,DESKTOP-C332RF6,Negotiate,5,LogOn,Success
2026-04-14T20:42:34.534Z,DESKTOP-C332RF6$,SYSTEM,DESKTOP-C332RF6,Negotiate,5,LogOn,Success
2026-04-14T20:42:37.509Z,DESKTOP-C332RF6$,SYSTEM,DESKTOP-C332RF6,Negotiate,5,LogOn,Success
2026-04-14T20:42:37.918Z,DESKTOP-C332RF6$,SYSTEM,DESKTOP-C332RF6,Negotiate,5,LogOn,Success
2026-04-14T20:55:54.275Z,DESKTOP-C332RF6$,SYSTEM,DESKTOP-C332RF6,Negotiate,5,LogOn,Success
2026-04-14T20:58:10.506Z,DESKTOP-C332RF6$,SYSTEM,DESKTOP-C332RF6,Negotiate,5,LogOn,Success
2026-04-14T20:58:22.896Z,DESKTOP-C332RF6$,SYSTEM,DESKTOP-C332RF6,Negotiate,5,LogOn,Success
2026-04-14T21:18:13.044Z,DESKTOP-C332RF6$,SYSTEM,DESKTOP-C332RF6,Negotiate,5,LogOn,Success
2026-04-14T21:26:48.912Z,DESKTOP-C332RF6$,SYSTEM,DESKTOP-C332RF6,Negotiate,5,LogOn,Success
2026-04-14T21:26:49.897Z,DESKTOP-C332RF6$,SYSTEM,DESKTOP-C332RF6,Negotiate,5,LogOn,Success
2026-04-14T21:26:53.201Z,DESKTOP-C332RF6$,SYSTEM,DESKTOP-C332RF6,Negotiate,5,LogOn,Success
2026-04-14T21:26:53.912Z,DESKTOP-C332RF6$,SYSTEM,DESKTOP-C332RF6,Negotiate,5,LogOn,Success
2026-04-14T21:26:54.161Z,DESKTOP-C332RF6$,SYSTEM,DESKTOP-C332RF6,Negotiate,5,LogOn,Success
2026-04-14T21:29:31.876Z,DESKTOP-C332RF6$,SYSTEM,DESKTOP-C332RF6,Negotiate,5,LogOn,Success
2026-04-14T21:42:18.708Z,DESKTOP-C332RF6$,SYSTEM,DESKTOP-C332RF6,Negotiate,5,LogOn,Success
2026-04-14T21:42:18.833Z,DESKTOP-C332RF6$,SYSTEM,DESKTOP-C332RF6,Negotiate,5,LogOn,Success
2026-04-14T21:58:22.901Z,DESKTOP-C332RF6$,SYSTEM,DESKTOP-C332RF6,Negotiate,5,LogOn,Success
2026-04-14T21:58:24.178Z,DESKTOP-C332RF6$,SYSTEM,DESKTOP-C332RF6,Negotiate,5,LogOn,Success
2026-04-14T22:18:13.017Z,DESKTOP-C332RF6$,SYSTEM,DESKTOP-C332RF6,Negotiate,5,LogOn,Success
2026-04-14T22:19:07.636Z,DESKTOP-C332RF6$,SYSTEM,DESKTOP-C332RF6,Negotiate,5,LogOn,Success
2026-04-14T22:19:11.943Z,DESKTOP-C332RF6$,SYSTEM,DESKTOP-C332RF6,Negotiate,5,LogOn,Success
2026-04-14T22:19:12.079Z,DESKTOP-C332RF6$,SYSTEM,DESKTOP-C332RF6,Negotiate,5,LogOn,Success
2026-04-14T22:29:30.015Z,DESKTOP-C332RF6$,SYSTEM,DESKTOP-C332RF6,Negotiate,5,LogOn,Success
2026-04-14T22:29:31.258Z,DESKTOP-C332RF6$,SYSTEM,DESKTOP-C332RF6,Negotiate,5,LogOn,Success
2026-04-14T22:51:19.996Z,DESKTOP-C332RF6$,SYSTEM,DESKTOP-C332RF6,Negotiate,5,LogOn,Success
2026-04-14T22:51:20.057Z,DESKTOP-C332RF6$,SYSTEM,DESKTOP-C332RF6,Negotiate,5,LogOn,Success
2026-04-14T22:53:23.016Z,DESKTOP-C332RF6$,SYSTEM,DESKTOP-C332RF6,Negotiate,5,LogOn,Success
2026-04-14T22:57:13.271Z,DESKTOP-C332RF6$,SYSTEM,DESKTOP-C332RF6,Negotiate,5,LogOn,Success
2026-04-14T22:58:22.895Z,DESKTOP-C332RF6$,SYSTEM,DESKTOP-C332RF6,Negotiate,5,LogOn,Success
2026-04-14T23:06:38.999Z,DESKTOP-C332RF6$,SYSTEM,DESKTOP-C332RF6,Negotiate,5,LogOn,Success
2026-04-14T23:15:19.827Z,DESKTOP-C332RF6$,SYSTEM,DESKTOP-C332RF6,Negotiate,5,LogOn,Success
2026-04-14T23:15:19.951Z,DESKTOP-C332RF6$,SYSTEM,DESKTOP-C332RF6,Negotiate,5,LogOn,Success
2026-04-14T23:22:26.181Z,DESKTOP-C332RF6$,SYSTEM,DESKTOP-C332RF6,Negotiate,5,LogOn,Success
2026-04-14T23:29:27.306Z,DESKTOP-C332RF6$,SYSTEM,DESKTOP-C332RF6,Negotiate,5,LogOn,Success
2026-04-14T23:38:26.509Z,DESKTOP-C332RF6$,SYSTEM,DESKTOP-C332RF6,Negotiate,5,LogOn,Success
2026-04-14T23:38:26.756Z,DESKTOP-C332RF6$,SYSTEM,DESKTOP-C332RF6,Negotiate,5,LogOn,Success
2026-04-14T23:38:26.849Z,DESKTOP-C332RF6$,SYSTEM,DESKTOP-C332RF6,Negotiate,5,LogOn,Success
2026-04-14T23:38:36.335Z,DESKTOP-C332RF6$,SYSTEM,DESKTOP-C332RF6,Negotiate,5,LogOn,Success
2026-04-14T23:38:43.397Z,DESKTOP-C332RF6$,SYSTEM,DESKTOP-C332RF6,Negotiate,5,LogOn,Success
2026-04-14T23:40:25.225Z,DESKTOP-C332RF6$,SYSTEM,DESKTOP-C332RF6,Negotiate,5,LogOn,Success
2026-04-14T23:48:31.640Z,DESKTOP-C332RF6$,SYSTEM,DESKTOP-C332RF6,Negotiate,5,LogOn,Success
2026-04-14T23:48:31.695Z,DESKTOP-C332RF6$,SYSTEM,DESKTOP-C332RF6,Negotiate,5,LogOn,Success
2026-04-15T00:00:26.022Z,DESKTOP-C332RF6$,SYSTEM,DESKTOP-C332RF6,Negotiate,5,LogOn,Success
2026-04-15T00:02:30.644Z,DESKTOP-C332RF6$,SYSTEM,DESKTOP-C332RF6,Negotiate,5,LogOn,Success
2026-04-15T00:02:30.865Z,DESKTOP-C332RF6$,SYSTEM,DESKTOP-C332RF6,Negotiate,5,LogOn,Success
2026-04-15T00:02:32.123Z,DESKTOP-C332RF6$,SYSTEM,DESKTOP-C332RF6,Negotiate,5,LogOn,Success
2026-04-15T00:12:00.847Z,DESKTOP-C332RF6$,SYSTEM,DESKTOP-C332RF6,Negotiate,5,LogOn,Success
2026-04-15T00:12:04.575Z,DESKTOP-C332RF6$,UMFD-102,DESKTOP-C332RF6,Negotiate,2,LogOn,Success
2026-04-15T00:12:04.620Z,DESKTOP-C332RF6$,SYSTEM,DESKTOP-C332RF6,Negotiate,5,LogOn,Success
2026-04-15T00:12:04.631Z,DESKTOP-C332RF6$,DWM-102,DESKTOP-C332RF6,Negotiate,2,LogOn,Success
2026-04-15T00:12:04.631Z,DESKTOP-C332RF6$,DWM-102,DESKTOP-C332RF6,Negotiate,2,LogOn,Success
2026-04-15T00:12:04.714Z,DESKTOP-C332RF6$,SYSTEM,DESKTOP-C332RF6,Negotiate,5,LogOn,Success
2026-04-15T00:12:04.889Z,DESKTOP-C332RF6$,SYSTEM,DESKTOP-C332RF6,Negotiate,5,LogOn,Success
2026-04-15T00:12:10.169Z,,UMFD-101,DESKTOP-C332RF6,,2,LogOff,LogOff
2026-04-15T00:12:10.178Z,DESKTOP-C332RF6$,SYSTEM,DESKTOP-C332RF6,Negotiate,5,LogOn,Success
2026-04-15T00:12:11.469Z,DESKTOP-C332RF6$,SYSTEM,DESKTOP-C332RF6,Negotiate,5,LogOn,Success
2026-04-15T04:46:46.157Z,,DWM-101,DESKTOP-C332RF6,,2,LogOff,LogOff
2026-04-15T04:46:46.158Z,,DWM-101,DESKTOP-C332RF6,,2,LogOff,LogOff
2026-04-15T04:46:49.410Z,DESKTOP-C332RF6$,PC,DESKTOP-C332RF6,Negotiate,2,LogOn,Success
2026-04-15T04:46:49.410Z,DESKTOP-C332RF6$,PC,DESKTOP-C332RF6,Negotiate,2,LogOn,Success
2026-04-15T04:46:55.450Z,DESKTOP-C332RF6$,SYSTEM,DESKTOP-C332RF6,Negotiate,5,LogOn,Success
2026-04-15T04:46:56.141Z,DESKTOP-C332RF6$,SYSTEM,DESKTOP-C332RF6,Negotiate,5,LogOn,Success
2026-04-15T04:47:08.567Z,DESKTOP-C332RF6$,SYSTEM,DESKTOP-C332RF6,Negotiate,5,LogOn,Success
2026-04-15T04:48:34.085Z,DESKTOP-C332RF6$,SYSTEM,DESKTOP-C332RF6,Negotiate,5,LogOn,Success
2026-04-15T04:48:59.667Z,DESKTOP-C332RF6$,SYSTEM,DESKTOP-C332RF6,Negotiate,5,LogOn,Success
2026-04-15T04:51:21.377Z,DESKTOP-C332RF6$,SYSTEM,DESKTOP-C332RF6,Negotiate,5,LogOn,Success
2026-04-15T04:52:46.308Z,DESKTOP-C332RF6$,SYSTEM,DESKTOP-C332RF6,Negotiate,5,LogOn,Success
2026-04-15T04:52:46.386Z,DESKTOP-C332RF6$,SYSTEM,DESKTOP-C332RF6,Negotiate,5,LogOn,Success
2026-04-15T04:56:45.779Z,DESKTOP-C332RF6$,SYSTEM,DESKTOP-C332RF6,Negotiate,5,LogOn,Success
2026-04-15T05:01:51.453Z,DESKTOP-C332RF6$,SYSTEM,DESKTOP-C332RF6,Negotiate,5,LogOn,Success
2026-04-15T05:02:52.649Z,DESKTOP-C332RF6$,SYSTEM,DESKTOP-C332RF6,Negotiate,5,LogOn,Success
2026-04-15T05:17:12.797Z,DESKTOP-C332RF6$,SYSTEM,DESKTOP-C332RF6,Negotiate,5,LogOn,Success
2026-04-15T05:17:14.219Z,DESKTOP-C332RF6$,SYSTEM,DESKTOP-C332RF6,Negotiate,5,LogOn,Success
2026-04-15T05:34:58.543Z,DESKTOP-C332RF6$,SYSTEM,DESKTOP-C332RF6,Negotiate,5,LogOn,Success
2026-04-15T05:47:05.678Z,DESKTOP-C332RF6$,SYSTEM,DESKTOP-C332RF6,Negotiate,5,LogOn,Success
2026-04-15T05:47:07.044Z,DESKTOP-C332RF6$,SYSTEM,DESKTOP-C332RF6,Negotiate,5,LogOn,Success
2026-04-15T05:55:39.816Z,DESKTOP-C332RF6$,SYSTEM,DESKTOP-C332RF6,Negotiate,5,LogOn,Success
2026-04-15T05:55:48.688Z,DESKTOP-C332RF6$,SYSTEM,DESKTOP-C332RF6,Negotiate,5,LogOn,Success
2026-04-15T05:57:15.092Z,DESKTOP-C332RF6$,SYSTEM,DESKTOP-C332RF6,Negotiate,5,LogOn,Success
2026-04-15T05:59:32.151Z,DESKTOP-C332RF6$,SYSTEM,DESKTOP-C332RF6,Negotiate,5,LogOn,Success
2026-04-15T06:44:35.874Z,DESKTOP-C332RF6$,SYSTEM,DESKTOP-C332RF6,Negotiate,5,LogOn,Success
2026-04-15T06:44:43.614Z,DESKTOP-C332RF6$,SYSTEM,DESKTOP-C332RF6,Negotiate,5,LogOn,Success
2026-04-15T07:41:20.712Z,DESKTOP-C332RF6$,SYSTEM,DESKTOP-C332RF6,Negotiate,5,LogOn,Success
2026-04-15T07:41:23.205Z,DESKTOP-C332RF6$,PC,DESKTOP-C332RF6,Negotiate,2,LogOn,Success
2026-04-15T07:41:23.205Z,DESKTOP-C332RF6$,PC,DESKTOP-C332RF6,Negotiate,2,LogOn,Success
2026-04-15T07:41:23.206Z,,PC,DESKTOP-C332RF6,,2,LogOff,LogOff
2026-04-15T07:41:23.206Z,,PC,DESKTOP-C332RF6,,2,LogOff,LogOff
2026-04-15T07:41:28.851Z,DESKTOP-C332RF6$,SYSTEM,DESKTOP-C332RF6,Negotiate,5,LogOn,Success
2026-04-15T07:43:05.659Z,DESKTOP-C332RF6$,SYSTEM,DESKTOP-C332RF6,Negotiate,5,LogOn,Success
2026-04-15T07:46:18.053Z,DESKTOP-C332RF6$,SYSTEM,DESKTOP-C332RF6,Negotiate,5,LogOn,Success
2026-04-15T07:50:01.579Z,DESKTOP-C332RF6$,SYSTEM,DESKTOP-C332RF6,Negotiate,5,LogOn,Success
2026-04-15T07:55:49.496Z,DESKTOP-C332RF6$,SYSTEM,DESKTOP-C332RF6,Negotiate,5,LogOn,Success
2026-04-15T08:02:07.288Z,DESKTOP-C332RF6$,SYSTEM,DESKTOP-C332RF6,Negotiate,5,LogOn,Success
2026-04-15T08:16:24.805Z,DESKTOP-C332RF6$,SYSTEM,DESKTOP-C332RF6,Negotiate,5,LogOn,Success
2026-04-15T08:16:38.861Z,DESKTOP-C332RF6$,SYSTEM,DESKTOP-C332RF6,Negotiate,5,LogOn,Success
2026-04-15T08:30:36.220Z,DESKTOP-C332RF6$,SYSTEM,DESKTOP-C332RF6,Negotiate,5,LogOn,Success
2026-04-15T08:33:15.889Z,DESKTOP-C332RF6$,SYSTEM,DESKTOP-C332RF6,Negotiate,5,LogOn,Success
2026-04-15T08:40:54.715Z,DESKTOP-C332RF6$,SYSTEM,DESKTOP-C332RF6,Negotiate,5,LogOn,Success
2026-04-15T08:40:54.790Z,DESKTOP-C332RF6$,SYSTEM,DESKTOP-C332RF6,Negotiate,5,LogOn,Success
2026-04-15T08:52:05.019Z,DESKTOP-C332RF6$,SYSTEM,DESKTOP-C332RF6,Negotiate,5,LogOn,Success
2026-04-15T08:52:05.095Z,DESKTOP-C332RF6$,SYSTEM,DESKTOP-C332RF6,Negotiate,5,LogOn,Success
2026-04-15T09:02:03.085Z,DESKTOP-C332RF6$,SYSTEM,DESKTOP-C332RF6,Negotiate,5,LogOn,Success
2026-04-15T09:04:59.913Z,DESKTOP-C332RF6$,SYSTEM,DESKTOP-C332RF6,Negotiate,5,LogOn,Success
2026-04-15T09:05:02.560Z,DESKTOP-C332RF6$,SYSTEM,DESKTOP-C332RF6,Negotiate,5,LogOn,Success
2026-04-15T09:16:25.012Z,DESKTOP-C332RF6$,SYSTEM,DESKTOP-C332RF6,Negotiate,5,LogOn,Success
2026-04-15T09:20:02.076Z,DESKTOP-C332RF6$,SYSTEM,DESKTOP-C332RF6,Negotiate,5,LogOn,Success
2026-04-15T09:25:02.379Z,DESKTOP-C332RF6$,SYSTEM,DESKTOP-C332RF6,Negotiate,5,LogOn,Success
2026-04-15T09:25:02.958Z,DESKTOP-C332RF6$,SYSTEM,DESKTOP-C332RF6,Negotiate,5,LogOn,Success
2026-04-15T09:25:03.867Z,DESKTOP-C332RF6$,SYSTEM,DESKTOP-C332RF6,Negotiate,5,LogOn,Success
2026-04-15T09:25:04.123Z,DESKTOP-C332RF6$,SYSTEM,DESKTOP-C332RF6,Negotiate,5,LogOn,Success
2026-04-15T09:25:04.172Z,DESKTOP-C332RF6$,SYSTEM,DESKTOP-C332RF6,Negotiate,5,LogOn,Success
2026-04-15T09:25:08.749Z,DESKTOP-C332RF6$,PC,DESKTOP-C332RF6,Negotiate,2,LogOn,Success
2026-04-15T09:25:08.749Z,DESKTOP-C332RF6$,PC,DESKTOP-C332RF6,Negotiate,2,LogOn,Success
2026-04-15T09:25:08.750Z,,PC,DESKTOP-C332RF6,,2,LogOff,LogOff
2026-04-15T09:25:08.750Z,,PC,DESKTOP-C332RF6,,2,LogOff,LogOff
2026-04-15T09:36:57.966Z,DESKTOP-C332RF6$,SYSTEM,DESKTOP-C332RF6,Negotiate,5,LogOn,Success
2026-04-15T09:38:04.287Z,DESKTOP-C332RF6$,SYSTEM,DESKTOP-C332RF6,Negotiate,5,LogOn,Success
2026-04-15T09:41:18.602Z,DESKTOP-C332RF6$,SYSTEM,DESKTOP-C332RF6,Negotiate,5,LogOn,Success
2026-04-15T09:41:18.645Z,DESKTOP-C332RF6$,SYSTEM,DESKTOP-C332RF6,Negotiate,5,LogOn,Success
2026-04-15T09:41:22.364Z,DESKTOP-C332RF6$,SYSTEM,DESKTOP-C332RF6,Negotiate,5,LogOn,Success
2026-04-15T09:41:23.470Z,DESKTOP-C332RF6$,SYSTEM,DESKTOP-C332RF6,Negotiate,5,LogOn,Success
2026-04-15T09:44:06.379Z,DESKTOP-C332RF6$,SYSTEM,DESKTOP-C332RF6,Negotiate,5,LogOn,Success
2026-04-15T09:47:58.756Z,DESKTOP-C332RF6$,SYSTEM,DESKTOP-C332RF6,Negotiate,5,LogOn,Success
2026-04-15T09:54:40.611Z,DESKTOP-C332RF6$,SYSTEM,DESKTOP-C332RF6,Negotiate,5,LogOn,Success
2026-04-15T09:55:43.529Z,DESKTOP-C332RF6$,SYSTEM,DESKTOP-C332RF6,Negotiate,5,LogOn,Success
2026-04-15T10:06:39.718Z,DESKTOP-C332RF6$,SYSTEM,DESKTOP-C332RF6,Negotiate,5,LogOn,Success
2026-04-15T10:12:27.455Z,DESKTOP-C332RF6$,SYSTEM,DESKTOP-C332RF6,Negotiate,5,LogOn,Success
2026-04-15T10:12:32.140Z,DESKTOP-C332RF6$,SYSTEM,DESKTOP-C332RF6,Negotiate,5,LogOn,Success
2026-04-15T10:12:39.103Z,DESKTOP-C332RF6$,SYSTEM,DESKTOP-C332RF6,Negotiate,5,LogOn,Success
2026-04-15T10:16:44.345Z,DESKTOP-C332RF6$,SYSTEM,DESKTOP-C332RF6,Negotiate,5,LogOn,Success
2026-04-15T10:17:29.121Z,DESKTOP-C332RF6$,SYSTEM,DESKTOP-C332RF6,Negotiate,5,LogOn,Success
2026-04-15T10:33:15.897Z,DESKTOP-C332RF6$,SYSTEM,DESKTOP-C332RF6,Negotiate,5,LogOn,Success
2026-04-15T10:33:17.729Z,DESKTOP-C332RF6$,SYSTEM,DESKTOP-C332RF6,Negotiate,5,LogOn,Success
2026-04-15T10:37:06.941Z,DESKTOP-C332RF6$,SYSTEM,DESKTOP-C332RF6,Negotiate,5,LogOn,Success
2026-04-15T10:42:14.231Z,DESKTOP-C332RF6$,SYSTEM,DESKTOP-C332RF6,Negotiate,5,LogOn,Success
2026-04-15T10:51:46.587Z,DESKTOP-C332RF6$,SYSTEM,DESKTOP-C332RF6,Negotiate,5,LogOn,Success
2026-04-15T10:51:47.478Z,DESKTOP-C332RF6$,SYSTEM,DESKTOP-C332RF6,Negotiate,5,LogOn,Success
2026-04-15T10:52:06.876Z,DESKTOP-C332RF6$,SYSTEM,DESKTOP-C332RF6,Negotiate,5,LogOn,Success
2026-04-15T10:55:05.172Z,DESKTOP-C332RF6$,SYSTEM,DESKTOP-C332RF6,Negotiate,5,LogOn,Success
2026-04-15T10:55:38.213Z,DESKTOP-C332RF6$,SYSTEM,DESKTOP-C332RF6,Negotiate,5,LogOn,Success
2026-04-15T10:57:08.828Z,DESKTOP-C332RF6$,SYSTEM,DESKTOP-C332RF6,Negotiate,5,LogOn,Success
2026-04-15T10:57:12.875Z,DESKTOP-C332RF6$,SYSTEM,DESKTOP-C332RF6,Negotiate,5,LogOn,Success
2026-04-15T10:59:51.468Z,DESKTOP-C332RF6$,SYSTEM,DESKTOP-C332RF6,Negotiate,5,LogOn,Success
2026-04-15T10:59:51.828Z,DESKTOP-C332RF6$,SYSTEM,DESKTOP-C332RF6,Negotiate,5,LogOn,Success
2026-04-15T11:04:50.822Z,DESKTOP-C332RF6$,SYSTEM,DESKTOP-C332RF6,Negotiate,5,LogOn,Success
2026-04-15T11:10:08.310Z,DESKTOP-C332RF6$,SYSTEM,DESKTOP-C332RF6,Negotiate,5,LogOn,Success
2026-04-15T11:10:44.807Z,DESKTOP-C332RF6$,SYSTEM,DESKTOP-C332RF6,Negotiate,5,LogOn,Success
2026-04-15T11:14:47.219Z,DESKTOP-C332RF6$,SYSTEM,DESKTOP-C332RF6,Negotiate,5,LogOn,Success
2026-04-15T11:18:13.789Z,DESKTOP-C332RF6$,SYSTEM,DESKTOP-C332RF6,Negotiate,5,LogOn,Success
2026-04-15T11:32:01.209Z,DESKTOP-C332RF6$,SYSTEM,DESKTOP-C332RF6,Negotiate,5,LogOn,Success
2026-04-15T11:32:03.045Z,DESKTOP-C332RF6$,SYSTEM,DESKTOP-C332RF6,Negotiate,5,LogOn,Success
2026-04-15T11:32:33.761Z,DESKTOP-C332RF6$,SYSTEM,DESKTOP-C332RF6,Negotiate,5,LogOn,Success
2026-04-15T11:41:21.527Z,DESKTOP-C332RF6$,SYSTEM,DESKTOP-C332RF6,Negotiate,5,LogOn,Success
2026-04-15T11:45:37.202Z,DESKTOP-C332RF6$,SYSTEM,DESKTOP-C332RF6,Negotiate,5,LogOn,Success
2026-04-15T11:47:05.630Z,DESKTOP-C332RF6$,SYSTEM,DESKTOP-C332RF6,Negotiate,5,LogOn,Success
2026-04-15T11:58:14.541Z,DESKTOP-C332RF6$,SYSTEM,DESKTOP-C332RF6,Negotiate,5,LogOn,Success
2026-04-15T11:59:15.902Z,DESKTOP-C332RF6$,SYSTEM,DESKTOP-C332RF6,Negotiate,5,LogOn,Success
2026-04-15T12:12:07.351Z,DESKTOP-C332RF6$,SYSTEM,DESKTOP-C332RF6,Negotiate,5,LogOn,Success
2026-04-15T12:12:08.940Z,DESKTOP-C332RF6$,SYSTEM,DESKTOP-C332RF6,Negotiate,5,LogOn,Success
2026-04-15T12:12:09.062Z,DESKTOP-C332RF6$,SYSTEM,DESKTOP-C332RF6,Negotiate,5,LogOn,Success
2026-04-15T12:19:39.535Z,DESKTOP-C332RF6$,SYSTEM,DESKTOP-C332RF6,Negotiate,5,LogOn,Success
2026-04-15T12:20:43.548Z,DESKTOP-C332RF6$,UMFD-103,DESKTOP-C332RF6,Negotiate,2,LogOn,Success
2026-04-15T12:20:43.589Z,DESKTOP-C332RF6$,DWM-103,DESKTOP-C332RF6,Negotiate,2,LogOn,Success
2026-04-15T12:20:43.589Z,DESKTOP-C332RF6$,DWM-103,DESKTOP-C332RF6,Negotiate,2,LogOn,Success
2026-04-15T12:20:43.717Z,DESKTOP-C332RF6$,SYSTEM,DESKTOP-C332RF6,Negotiate,5,LogOn,Success
2026-04-15T12:20:43.897Z,DESKTOP-C332RF6$,SYSTEM,DESKTOP-C332RF6,Negotiate,5,LogOn,Success
2026-04-15T12:20:48.690Z,,UMFD-102,DESKTOP-C332RF6,,2,LogOff,LogOff
2026-04-15T12:20:48.692Z,DESKTOP-C332RF6$,SYSTEM,DESKTOP-C332RF6,Negotiate,5,LogOn,Success
2026-04-15T12:20:49.956Z,,DWM-102,DESKTOP-C332RF6,,2,LogOff,LogOff
2026-04-15T12:20:49.957Z,,DWM-102,DESKTOP-C332RF6,,2,LogOff,LogOff
2026-04-15T12:20:52.177Z,DESKTOP-C332RF6$,SYSTEM,DESKTOP-C332RF6,Negotiate,5,LogOn,Success
2026-04-15T15:58:10.588Z,DESKTOP-C332RF6$,PC,DESKTOP-C332RF6,Negotiate,2,LogOn,Success
2026-04-15T15:58:10.588Z,DESKTOP-C332RF6$,PC,DESKTOP-C332RF6,Negotiate,2,LogOn,Success
2026-04-15T15:58:16.954Z,DESKTOP-C332RF6$,SYSTEM,DESKTOP-C332RF6,Negotiate,5,LogOn,Success
2026-04-15T15:58:28.178Z,DESKTOP-C332RF6$,SYSTEM,DESKTOP-C332RF6,Negotiate,5,LogOn,Success
2026-04-15T16:00:46.047Z,DESKTOP-C332RF6$,SYSTEM,DESKTOP-C332RF6,Negotiate,5,LogOn,Success
2026-04-15T16:03:12.073Z,DESKTOP-C332RF6$,SYSTEM,DESKTOP-C332RF6,Negotiate,5,LogOn,Success
2026-04-15T16:04:26.391Z,DESKTOP-C332RF6$,SYSTEM,DESKTOP-C332RF6,Negotiate,5,LogOn,Success
2026-04-15T16:08:48.418Z,DESKTOP-C332RF6$,SYSTEM,DESKTOP-C332RF6,Negotiate,5,LogOn,Success
2026-04-15T16:13:12.372Z,DESKTOP-C332RF6$,SYSTEM,DESKTOP-C332RF6,Negotiate,5,LogOn,Success
2026-04-15T16:13:21.663Z,DESKTOP-C332RF6$,SYSTEM,DESKTOP-C332RF6,Negotiate,5,LogOn,Success
2026-04-15T16:14:51.133Z,DESKTOP-C332RF6$,SYSTEM,DESKTOP-C332RF6,Negotiate,5,LogOn,Success
2026-04-15T16:28:34.365Z,DESKTOP-C332RF6$,SYSTEM,DESKTOP-C332RF6,Negotiate,5,LogOn,Success
2026-04-15T16:28:34.500Z,DESKTOP-C332RF6$,SYSTEM,DESKTOP-C332RF6,Negotiate,5,LogOn,Success
2026-04-15T16:40:39.845Z,DESKTOP-C332RF6$,SYSTEM,DESKTOP-C332RF6,Negotiate,5,LogOn,Success
2026-04-15T16:40:40.857Z,DESKTOP-C332RF6$,SYSTEM,DESKTOP-C332RF6,Negotiate,5,LogOn,Success
2026-04-15T16:53:56.973Z,DESKTOP-C332RF6$,SYSTEM,DESKTOP-C332RF6,Negotiate,5,LogOn,Success
2026-04-15T16:58:24.575Z,DESKTOP-C332RF6$,SYSTEM,DESKTOP-C332RF6,Negotiate,5,LogOn,Success
2026-04-15T17:06:45.990Z,DESKTOP-C332RF6$,SYSTEM,DESKTOP-C332RF6,Negotiate,5,LogOn,Success
2026-04-15T17:18:31.802Z,DESKTOP-C332RF6$,SYSTEM,DESKTOP-C332RF6,Negotiate,5,LogOn,Success
2026-04-15T17:25:03.935Z,DESKTOP-C332RF6$,UMFD-104,DESKTOP-C332RF6,Negotiate,2,LogOn,Success
2026-04-15T17:25:03.996Z,DESKTOP-C332RF6$,SYSTEM,DESKTOP-C332RF6,Negotiate,5,LogOn,Success
2026-04-15T17:25:04.001Z,DESKTOP-C332RF6$,DWM-104,DESKTOP-C332RF6,Negotiate,2,LogOn,Success
2026-04-15T17:25:04.001Z,DESKTOP-C332RF6$,DWM-104,DESKTOP-C332RF6,Negotiate,2,LogOn,Success
2026-04-15T17:25:04.120Z,DESKTOP-C332RF6$,SYSTEM,DESKTOP-C332RF6,Negotiate,5,LogOn,Success
2026-04-15T17:25:09.981Z,DESKTOP-C332RF6$,SYSTEM,DESKTOP-C332RF6,Negotiate,5,LogOn,Success
2026-04-15T17:25:10.048Z,,UMFD-103,DESKTOP-C332RF6,,2,LogOff,LogOff
2026-04-15T17:25:11.453Z,,DWM-103,DESKTOP-C332RF6,,2,LogOff,LogOff
2026-04-15T17:25:11.453Z,,DWM-103,DESKTOP-C332RF6,,2,LogOff,LogOff
2026-04-15T17:25:12.018Z,DESKTOP-C332RF6$,SYSTEM,DESKTOP-C332RF6,Negotiate,5,LogOn,Success
2026-04-15T19:17:17.692Z,DESKTOP-C332RF6$,SYSTEM,DESKTOP-C332RF6,Negotiate,5,LogOn,Success
2026-04-15T19:17:18.301Z,DESKTOP-C332RF6$,PC,DESKTOP-C332RF6,Negotiate,2,LogOn,Success
2026-04-15T19:17:18.301Z,DESKTOP-C332RF6$,PC,DESKTOP-C332RF6,Negotiate,2,LogOn,Success
2026-04-15T19:17:23.461Z,DESKTOP-C332RF6$,SYSTEM,DESKTOP-C332RF6,Negotiate,5,LogOn,Success
2026-04-15T19:17:30.713Z,DESKTOP-C332RF6$,SYSTEM,DESKTOP-C332RF6,Negotiate,5,LogOn,Success
2026-04-15T19:19:04.839Z,DESKTOP-C332RF6$,SYSTEM,DESKTOP-C332RF6,Negotiate,5,LogOn,Success
2026-04-15T19:19:33.595Z,DESKTOP-C332RF6$,SYSTEM,DESKTOP-C332RF6,Negotiate,5,LogOn,Success
2026-04-15T19:19:33.679Z,DESKTOP-C332RF6$,SYSTEM,DESKTOP-C332RF6,Negotiate,5,LogOn,Success
2026-04-15T19:22:16.739Z,DESKTOP-C332RF6$,SYSTEM,DESKTOP-C332RF6,Negotiate,5,LogOn,Success
2026-04-15T19:27:26.371Z,DESKTOP-C332RF6$,SYSTEM,DESKTOP-C332RF6,Negotiate,5,LogOn,Success
2026-04-15T19:32:20.118Z,DESKTOP-C332RF6$,SYSTEM,DESKTOP-C332RF6,Negotiate,5,LogOn,Success
2026-04-15T19:32:25.826Z,DESKTOP-C332RF6$,SYSTEM,DESKTOP-C332RF6,Negotiate,5,LogOn,Success
2026-04-15T19:33:15.902Z,DESKTOP-C332RF6$,SYSTEM,DESKTOP-C332RF6,Negotiate,5,LogOn,Success
2026-04-15T19:37:24.046Z,DESKTOP-C332RF6$,SYSTEM,DESKTOP-C332RF6,Negotiate,5,LogOn,Success
2026-04-15T19:45:59.331Z,DESKTOP-C332RF6$,SYSTEM,DESKTOP-C332RF6,Negotiate,5,LogOn,Success
2026-04-15T19:47:25.888Z,DESKTOP-C332RF6$,SYSTEM,DESKTOP-C332RF6,Negotiate,5,LogOn,Success
2026-04-15T19:53:55.069Z,DESKTOP-C332RF6$,SYSTEM,DESKTOP-C332RF6,Negotiate,5,LogOn,Success
2026-04-15T19:54:26.421Z,DESKTOP-C332RF6$,SYSTEM,DESKTOP-C332RF6,Negotiate,5,LogOn,Success
2026-04-15T19:54:30.147Z,DESKTOP-C332RF6$,SYSTEM,DESKTOP-C332RF6,Negotiate,5,LogOn,Success
2026-04-15T19:55:07.351Z,DESKTOP-C332RF6$,SYSTEM,DESKTOP-C332RF6,Negotiate,5,LogOn,Success
2026-04-15T19:55:39.676Z,DESKTOP-C332RF6$,SYSTEM,DESKTOP-C332RF6,Negotiate,5,LogOn,Success
2026-04-15T20:01:05.023Z,DESKTOP-C332RF6$,SYSTEM,DESKTOP-C332RF6,Negotiate,5,LogOn,Success
2026-04-15T20:01:06.445Z,DESKTOP-C332RF6$,SYSTEM,DESKTOP-C332RF6,Negotiate,5,LogOn,Success
2026-04-15T20:06:45.701Z,DESKTOP-C332RF6$,SYSTEM,DESKTOP-C332RF6,Negotiate,5,LogOn,Success
2026-04-15T20:08:53.225Z,DESKTOP-C332RF6$,SYSTEM,DESKTOP-C332RF6,Negotiate,5,LogOn,Success
2026-04-15T20:17:25.969Z,DESKTOP-C332RF6$,SYSTEM,DESKTOP-C332RF6,Negotiate,5,LogOn,Success
2026-04-15T20:17:39.833Z,DESKTOP-C332RF6$,SYSTEM,DESKTOP-C332RF6,Negotiate,5,LogOn,Success
2026-04-15T20:19:44.785Z,DESKTOP-C332RF6$,SYSTEM,DESKTOP-C332RF6,Negotiate,5,LogOn,Success
2026-04-15T20:27:26.992Z,DESKTOP-C332RF6$,SYSTEM,DESKTOP-C332RF6,Negotiate,5,LogOn,Success
2026-04-15T20:32:26.037Z,DESKTOP-C332RF6$,SYSTEM,DESKTOP-C332RF6,Negotiate,5,LogOn,Success
2026-04-15T20:34:30.141Z,DESKTOP-C332RF6$,SYSTEM,DESKTOP-C332RF6,Negotiate,5,LogOn,Success
2026-04-15T20:44:24.941Z,DESKTOP-C332RF6$,SYSTEM,DESKTOP-C332RF6,Negotiate,5,LogOn,Success
2026-04-15T20:45:59.545Z,DESKTOP-C332RF6$,SYSTEM,DESKTOP-C332RF6,Negotiate,5,LogOn,Success
2026-04-15T20:48:51.110Z,DESKTOP-C332RF6$,SYSTEM,DESKTOP-C332RF6,Negotiate,5,LogOn,Success
2026-04-15T20:57:53.517Z,DESKTOP-C332RF6$,SYSTEM,DESKTOP-C332RF6,Negotiate,5,LogOn,Success
2026-04-15T20:57:54.494Z,DESKTOP-C332RF6$,SYSTEM,DESKTOP-C332RF6,Negotiate,5,LogOn,Success
2026-04-15T21:03:28.906Z,DESKTOP-C332RF6$,SYSTEM,DESKTOP-C332RF6,Negotiate,5,LogOn,Success
2026-04-15T21:03:53.265Z,DESKTOP-C332RF6$,SYSTEM,DESKTOP-C332RF6,Negotiate,5,LogOn,Success
2026-04-15T21:06:45.319Z,DESKTOP-C332RF6$,SYSTEM,DESKTOP-C332RF6,Negotiate,5,LogOn,Success
2026-04-15T21:17:19.156Z,DESKTOP-C332RF6$,SYSTEM,DESKTOP-C332RF6,Negotiate,5,LogOn,Success
2026-04-15T21:17:19.473Z,DESKTOP-C332RF6$,SYSTEM,DESKTOP-C332RF6,Negotiate,5,LogOn,Success
2026-04-15T21:17:19.794Z,DESKTOP-C332RF6$,SYSTEM,DESKTOP-C332RF6,Negotiate,5,LogOn,Success
2026-04-15T21:17:19.834Z,DESKTOP-C332RF6$,SYSTEM,DESKTOP-C332RF6,Negotiate,5,LogOn,Success
2026-04-15T21:17:23.225Z,DESKTOP-C332RF6$,SYSTEM,DESKTOP-C332RF6,Negotiate,5,LogOn,Success
2026-04-15T21:27:27.143Z,DESKTOP-C332RF6$,SYSTEM,DESKTOP-C332RF6,Negotiate,5,LogOn,Success
2026-04-15T21:32:26.125Z,DESKTOP-C332RF6$,SYSTEM,DESKTOP-C332RF6,Negotiate,5,LogOn,Success
2026-04-15T21:34:42.528Z,DESKTOP-C332RF6$,SYSTEM,DESKTOP-C332RF6,Negotiate,5,LogOn,Success
2026-04-15T21:43:10.873Z,DESKTOP-C332RF6$,SYSTEM,DESKTOP-C332RF6,Negotiate,5,LogOn,Success
2026-04-15T21:45:59.721Z,DESKTOP-C332RF6$,SYSTEM,DESKTOP-C332RF6,Negotiate,5,LogOn,Success
2026-04-15T21:47:26.188Z,DESKTOP-C332RF6$,SYSTEM,DESKTOP-C332RF6,Negotiate,5,LogOn,Success
2026-04-15T21:54:37.193Z,DESKTOP-C332RF6$,UMFD-105,DESKTOP-C332RF6,Negotiate,2,LogOn,Success
2026-04-15T21:54:37.230Z,DESKTOP-C332RF6$,DWM-105,DESKTOP-C332RF6,Negotiate,2,LogOn,Success
2026-04-15T21:54:37.230Z,DESKTOP-C332RF6$,DWM-105,DESKTOP-C332RF6,Negotiate,2,LogOn,Success
2026-04-15T21:54:37.306Z,DESKTOP-C332RF6$,SYSTEM,DESKTOP-C332RF6,Negotiate,5,LogOn,Success
2026-04-15T21:54:42.566Z,DESKTOP-C332RF6$,SYSTEM,DESKTOP-C332RF6,Negotiate,5,LogOn,Success
2026-04-15T21:54:42.571Z,,UMFD-104,DESKTOP-C332RF6,,2,LogOff,LogOff
2026-04-15T21:54:43.814Z,,DWM-104,DESKTOP-C332RF6,,2,LogOff,LogOff
2026-04-15T21:54:43.814Z,,DWM-104,DESKTOP-C332RF6,,2,LogOff,LogOff
2026-04-15T21:54:43.976Z,DESKTOP-C332RF6$,SYSTEM,DESKTOP-C332RF6,Negotiate,5,LogOn,Success
2026-04-16T08:07:45.151Z,DESKTOP-C332RF6$,SYSTEM,DESKTOP-C332RF6,Negotiate,5,LogOn,Success
2026-04-16T08:07:47.875Z,DESKTOP-C332RF6$,SYSTEM,DESKTOP-C332RF6,Negotiate,5,LogOn,Success
2026-04-16T08:07:47.940Z,DESKTOP-C332RF6$,SYSTEM,DESKTOP-C332RF6,Negotiate,5,LogOn,Success
2026-04-16T08:07:48.514Z,DESKTOP-C332RF6$,PC,DESKTOP-C332RF6,Negotiate,2,LogOn,Success
2026-04-16T08:07:48.514Z,DESKTOP-C332RF6$,PC,DESKTOP-C332RF6,Negotiate,2,LogOn,Success
2026-04-16T08:07:56.345Z,DESKTOP-C332RF6$,SYSTEM,DESKTOP-C332RF6,Negotiate,5,LogOn,Success
2026-04-16T08:08:02.566Z,DESKTOP-C332RF6$,SYSTEM,DESKTOP-C332RF6,Negotiate,5,LogOn,Success
2026-04-16T08:09:35.208Z,DESKTOP-C332RF6$,SYSTEM,DESKTOP-C332RF6,Negotiate,5,LogOn,Success
2026-04-16T08:12:18.237Z,DESKTOP-C332RF6$,SYSTEM,DESKTOP-C332RF6,Negotiate,5,LogOn,Success
2026-04-16T08:13:45.321Z,DESKTOP-C332RF6$,SYSTEM,DESKTOP-C332RF6,Negotiate,5,LogOn,Success
2026-04-16T08:13:45.368Z,DESKTOP-C332RF6$,SYSTEM,DESKTOP-C332RF6,Negotiate,5,LogOn,Success
2026-04-16T08:15:31.721Z,DESKTOP-C332RF6$,SYSTEM,DESKTOP-C332RF6,Negotiate,5,LogOn,Success
2026-04-16T08:17:52.511Z,DESKTOP-C332RF6$,SYSTEM,DESKTOP-C332RF6,Negotiate,5,LogOn,Success
2026-04-16T08:17:53.146Z,DESKTOP-C332RF6$,SYSTEM,DESKTOP-C332RF6,Negotiate,5,LogOn,Success
2026-04-16T08:17:53.462Z,DESKTOP-C332RF6$,SYSTEM,DESKTOP-C332RF6,Negotiate,5,LogOn,Success
2026-04-16T08:22:51.919Z,DESKTOP-C332RF6$,SYSTEM,DESKTOP-C332RF6,Negotiate,5,LogOn,Success
2026-04-16T08:23:12.915Z,DESKTOP-C332RF6$,SYSTEM,DESKTOP-C332RF6,Negotiate,5,LogOn,Success
2026-04-16T08:29:43.188Z,DESKTOP-C332RF6$,SYSTEM,DESKTOP-C332RF6,Negotiate,5,LogOn,Success
2026-04-16T08:33:16.083Z,DESKTOP-C332RF6$,SYSTEM,DESKTOP-C332RF6,Negotiate,5,LogOn,Success
2026-04-16T08:38:02.244Z,DESKTOP-C332RF6$,SYSTEM,DESKTOP-C332RF6,Negotiate,5,LogOn,Success
2026-04-16T08:42:18.707Z,DESKTOP-C332RF6$,SYSTEM,DESKTOP-C332RF6,Negotiate,5,LogOn,Success
2026-04-16T08:42:19.819Z,DESKTOP-C332RF6$,SYSTEM,DESKTOP-C332RF6,Negotiate,5,LogOn,Success
2026-04-16T08:47:54.173Z,DESKTOP-C332RF6$,SYSTEM,DESKTOP-C332RF6,Negotiate,5,LogOn,Success
2026-04-16T08:51:25.090Z,DESKTOP-C332RF6$,SYSTEM,DESKTOP-C332RF6,Negotiate,5,LogOn,Success
2026-04-16T08:58:58.973Z,DESKTOP-C332RF6$,SYSTEM,DESKTOP-C332RF6,Negotiate,5,LogOn,Success
2026-04-16T09:02:56.510Z,DESKTOP-C332RF6$,SYSTEM,DESKTOP-C332RF6,Negotiate,5,LogOn,Success
2026-04-16T09:06:30.673Z,DESKTOP-C332RF6$,SYSTEM,DESKTOP-C332RF6,Negotiate,5,LogOn,Success
2026-04-16T09:11:44.203Z,DESKTOP-C332RF6$,SYSTEM,DESKTOP-C332RF6,Negotiate,5,LogOn,Success
2026-04-16T09:11:44.300Z,DESKTOP-C332RF6$,SYSTEM,DESKTOP-C332RF6,Negotiate,5,LogOn,Success
2026-04-16T09:11:44.734Z,DESKTOP-C332RF6$,SYSTEM,DESKTOP-C332RF6,Negotiate,5,LogOn,Success
2026-04-16T09:11:44.844Z,DESKTOP-C332RF6$,SYSTEM,DESKTOP-C332RF6,Negotiate,5,LogOn,Success
2026-04-16T09:11:45.799Z,DESKTOP-C332RF6$,SYSTEM,DESKTOP-C332RF6,Negotiate,5,LogOn,Success
2026-04-16T09:11:46.183Z,DESKTOP-C332RF6$,SYSTEM,DESKTOP-C332RF6,Negotiate,5,LogOn,Success
2026-04-16T09:12:01.917Z,DESKTOP-C332RF6$,PC,DESKTOP-C332RF6,Negotiate,2,LogOn,Success
2026-04-16T09:12:01.917Z,DESKTOP-C332RF6$,PC,DESKTOP-C332RF6,Negotiate,2,LogOn,Success
2026-04-16T09:12:01.918Z,,PC,DESKTOP-C332RF6,,2,LogOff,LogOff
2026-04-16T09:12:01.918Z,,PC,DESKTOP-C332RF6,,2,LogOff,LogOff
2026-04-16T09:12:42.632Z,DESKTOP-C332RF6$,SYSTEM,DESKTOP-C332RF6,Negotiate,5,LogOn,Success
2026-04-16T09:13:52.704Z,DESKTOP-C332RF6$,SYSTEM,DESKTOP-C332RF6,Negotiate,5,LogOn,Success
2026-04-16T09:22:45.426Z,DESKTOP-C332RF6$,SYSTEM,DESKTOP-C332RF6,Negotiate,5,LogOn,Success
2026-04-16T09:24:45.622Z,DESKTOP-C332RF6$,SYSTEM,DESKTOP-C332RF6,Negotiate,5,LogOn,Success
2026-04-16T09:25:17.910Z,DESKTOP-C332RF6$,SYSTEM,DESKTOP-C332RF6,Negotiate,5,LogOn,Success
2026-04-16T09:27:44.356Z,DESKTOP-C332RF6$,SYSTEM,DESKTOP-C332RF6,Negotiate,5,LogOn,Success
2026-04-16T09:27:49.784Z,DESKTOP-C332RF6$,SYSTEM,DESKTOP-C332RF6,Negotiate,5,LogOn,Success
2026-04-16T09:28:09.100Z,DESKTOP-C332RF6$,SYSTEM,DESKTOP-C332RF6,Negotiate,5,LogOn,Success
2026-04-16T09:38:06.734Z,DESKTOP-C332RF6$,SYSTEM,DESKTOP-C332RF6,Negotiate,5,LogOn,Success
2026-04-16T09:50:38.453Z,DESKTOP-C332RF6$,SYSTEM,DESKTOP-C332RF6,Negotiate,5,LogOn,Success
2026-04-16T09:50:39.783Z,DESKTOP-C332RF6$,SYSTEM,DESKTOP-C332RF6,Negotiate,5,LogOn,Success
2026-04-16T09:53:24.759Z,DESKTOP-C332RF6$,SYSTEM,DESKTOP-C332RF6,Negotiate,5,LogOn,Success
2026-04-16T10:17:19.153Z,DESKTOP-C332RF6$,SYSTEM,DESKTOP-C332RF6,Negotiate,5,LogOn,Success
2026-04-16T10:17:21.464Z,DESKTOP-C332RF6$,SYSTEM,DESKTOP-C332RF6,Negotiate,5,LogOn,Success
2026-04-16T10:17:22.370Z,DESKTOP-C332RF6$,SYSTEM,DESKTOP-C332RF6,Negotiate,5,LogOn,Success
2026-04-16T10:25:44.530Z,DESKTOP-C332RF6$,SYSTEM,DESKTOP-C332RF6,Negotiate,5,LogOn,Success
2026-04-16T10:25:46.491Z,DESKTOP-C332RF6$,SYSTEM,DESKTOP-C332RF6,Negotiate,5,LogOn,Success
2026-04-16T10:31:11.146Z,DESKTOP-C332RF6$,SYSTEM,DESKTOP-C332RF6,Negotiate,5,LogOn,Success
2026-04-16T10:34:08.193Z,DESKTOP-C332RF6$,SYSTEM,DESKTOP-C332RF6,Negotiate,5,LogOn,Success
2026-04-16T10:34:09.667Z,DESKTOP-C332RF6$,SYSTEM,DESKTOP-C332RF6,Negotiate,5,LogOn,Success
2026-04-16T10:34:44.261Z,DESKTOP-C332RF6$,SYSTEM,DESKTOP-C332RF6,Negotiate,5,LogOn,Success
2026-04-16T10:34:44.861Z,DESKTOP-C332RF6$,SYSTEM,DESKTOP-C332RF6,Negotiate,5,LogOn,Success
2026-04-16T10:40:06.347Z,DESKTOP-C332RF6$,SYSTEM,DESKTOP-C332RF6,Negotiate,5,LogOn,Success
2026-04-16T10:41:08.371Z,DESKTOP-C332RF6$,SYSTEM,DESKTOP-C332RF6,Negotiate,5,LogOn,Success
2026-04-16T10:55:40.046Z,DESKTOP-C332RF6$,SYSTEM,DESKTOP-C332RF6,Negotiate,5,LogOn,Success
2026-04-16T10:55:40.550Z,DESKTOP-C332RF6$,SYSTEM,DESKTOP-C332RF6,Negotiate,5,LogOn,Success
2026-04-16T10:55:40.653Z,DESKTOP-C332RF6$,SYSTEM,DESKTOP-C332RF6,Negotiate,5,LogOn,Success
2026-04-16T10:55:41.612Z,DESKTOP-C332RF6$,SYSTEM,DESKTOP-C332RF6,Negotiate,5,LogOn,Success
2026-04-16T10:55:42.046Z,DESKTOP-C332RF6$,SYSTEM,DESKTOP-C332RF6,Negotiate,5,LogOn,Success
2026-04-16T10:55:46.214Z,DESKTOP-C332RF6$,PC,DESKTOP-C332RF6,Negotiate,2,LogOn,Success
2026-04-16T10:55:46.214Z,DESKTOP-C332RF6$,PC,DESKTOP-C332RF6,Negotiate,2,LogOn,Success
2026-04-16T10:55:46.216Z,,PC,DESKTOP-C332RF6,,2,LogOff,LogOff
2026-04-16T10:55:46.216Z,,PC,DESKTOP-C332RF6,,2,LogOff,LogOff
2026-04-16T10:55:48.084Z,DESKTOP-C332RF6$,SYSTEM,DESKTOP-C332RF6,Negotiate,5,LogOn,Success
2026-04-16T11:03:13.403Z,DESKTOP-C332RF6$,SYSTEM,DESKTOP-C332RF6,Negotiate,5,LogOn,Success
2026-04-16T11:06:45.614Z,DESKTOP-C332RF6$,SYSTEM,DESKTOP-C332RF6,Negotiate,5,LogOn,Success
2026-04-16T11:29:41.860Z,DESKTOP-C332RF6$,SYSTEM,DESKTOP-C332RF6,Negotiate,5,LogOn,Success
2026-04-16T11:29:41.968Z,DESKTOP-C332RF6$,SYSTEM,DESKTOP-C332RF6,Negotiate,5,LogOn,Success
2026-04-16T11:47:49.336Z,DESKTOP-C332RF6$,SYSTEM,DESKTOP-C332RF6,Negotiate,5,LogOn,Success
2026-04-16T11:54:02.446Z,DESKTOP-C332RF6$,SYSTEM,DESKTOP-C332RF6,Negotiate,5,LogOn,Success
2026-04-16T12:06:38.168Z,DESKTOP-C332RF6$,SYSTEM,DESKTOP-C332RF6,Negotiate,5,LogOn,Success
2026-04-16T12:06:42.566Z,DESKTOP-C332RF6$,SYSTEM,DESKTOP-C332RF6,Negotiate,5,LogOn,Success
2026-04-16T12:13:58.254Z,DESKTOP-C332RF6$,SYSTEM,DESKTOP-C332RF6,Negotiate,5,LogOn,Success
2026-04-16T12:18:44.858Z,DESKTOP-C332RF6$,UMFD-106,DESKTOP-C332RF6,Negotiate,2,LogOn,Success
2026-04-16T12:18:44.903Z,DESKTOP-C332RF6$,DWM-106,DESKTOP-C332RF6,Negotiate,2,LogOn,Success
2026-04-16T12:18:44.903Z,DESKTOP-C332RF6$,DWM-106,DESKTOP-C332RF6,Negotiate,2,LogOn,Success
2026-04-16T12:18:44.914Z,DESKTOP-C332RF6$,SYSTEM,DESKTOP-C332RF6,Negotiate,5,LogOn,Success
2026-04-16T12:18:45.015Z,DESKTOP-C332RF6$,SYSTEM,DESKTOP-C332RF6,Negotiate,5,LogOn,Success
2026-04-16T12:18:49.988Z,DESKTOP-C332RF6$,SYSTEM,DESKTOP-C332RF6,Negotiate,5,LogOn,Success
2026-04-16T12:18:50.030Z,,UMFD-105,DESKTOP-C332RF6,,2,LogOff,LogOff
2026-04-16T12:18:51.286Z,,DWM-105,DESKTOP-C332RF6,,2,LogOff,LogOff
2026-04-16T12:18:51.286Z,,DWM-105,DESKTOP-C332RF6,,2,LogOff,LogOff
2026-04-16T12:18:51.510Z,DESKTOP-C332RF6$,SYSTEM,DESKTOP-C332RF6,Negotiate,5,LogOn,Success
2026-04-16T12:18:51.660Z,DESKTOP-C332RF6$,SYSTEM,DESKTOP-C332RF6,Negotiate,5,LogOn,Success
2026-04-16T17:07:53.068Z,DESKTOP-C332RF6$,SYSTEM,DESKTOP-C332RF6,Negotiate,5,LogOn,Success
2026-04-16T17:07:54.721Z,DESKTOP-C332RF6$,PC,DESKTOP-C332RF6,Negotiate,2,LogOn,Success
2026-04-16T17:07:54.721Z,DESKTOP-C332RF6$,PC,DESKTOP-C332RF6,Negotiate,2,LogOn,Success
2026-04-16T17:07:59.802Z,DESKTOP-C332RF6$,SYSTEM,DESKTOP-C332RF6,Negotiate,5,LogOn,Success
2026-04-16T17:08:00.509Z,DESKTOP-C332RF6$,SYSTEM,DESKTOP-C332RF6,Negotiate,5,LogOn,Success
2026-04-16T17:08:08.846Z,DESKTOP-C332RF6$,SYSTEM,DESKTOP-C332RF6,Negotiate,5,LogOn,Success
2026-04-16T17:09:00.713Z,DESKTOP-C332RF6$,SYSTEM,DESKTOP-C332RF6,Negotiate,5,LogOn,Success
2026-04-16T17:09:04.429Z,DESKTOP-C332RF6$,SYSTEM,DESKTOP-C332RF6,Negotiate,5,LogOn,Success
2026-04-16T17:09:41.232Z,DESKTOP-C332RF6$,SYSTEM,DESKTOP-C332RF6,Negotiate,5,LogOn,Success
2026-04-16T17:12:51.776Z,DESKTOP-C332RF6$,SYSTEM,DESKTOP-C332RF6,Negotiate,5,LogOn,Success
2026-04-16T17:20:59.149Z,DESKTOP-C332RF6$,SYSTEM,DESKTOP-C332RF6,Negotiate,5,LogOn,Success
2026-04-16T17:21:02.294Z,DESKTOP-C332RF6$,SYSTEM,DESKTOP-C332RF6,Negotiate,5,LogOn,Success
2026-04-16T17:22:56.249Z,DESKTOP-C332RF6$,SYSTEM,DESKTOP-C332RF6,Negotiate,5,LogOn,Success
2026-04-16T17:23:29.911Z,DESKTOP-C332RF6$,SYSTEM,DESKTOP-C332RF6,Negotiate,5,LogOn,Success
2026-04-16T17:24:03.739Z,DESKTOP-C332RF6$,SYSTEM,DESKTOP-C332RF6,Negotiate,5,LogOn,Success
2026-04-16T17:24:07.897Z,DESKTOP-C332RF6$,SYSTEM,DESKTOP-C332RF6,Negotiate,5,LogOn,Success
2026-04-16T17:24:07.987Z,DESKTOP-C332RF6$,SYSTEM,DESKTOP-C332RF6,Negotiate,5,LogOn,Success
2026-04-16T17:24:08.881Z,DESKTOP-C332RF6$,SYSTEM,DESKTOP-C332RF6,Negotiate,5,LogOn,Success
2026-04-16T17:24:08.959Z,DESKTOP-C332RF6$,SYSTEM,DESKTOP-C332RF6,Negotiate,5,LogOn,Success
2026-04-16T17:38:44.273Z,DESKTOP-C332RF6$,SYSTEM,DESKTOP-C332RF6,Negotiate,5,LogOn,Success
2026-04-16T17:39:03.799Z,DESKTOP-C332RF6$,SYSTEM,DESKTOP-C332RF6,Negotiate,5,LogOn,Success
2026-04-16T17:39:23.122Z,DESKTOP-C332RF6$,SYSTEM,DESKTOP-C332RF6,Negotiate,5,LogOn,Success
2026-04-16T17:44:31.614Z,DESKTOP-C332RF6$,SYSTEM,DESKTOP-C332RF6,Negotiate,5,LogOn,Success
2026-04-16T17:49:14.559Z,DESKTOP-C332RF6$,SYSTEM,DESKTOP-C332RF6,Negotiate,5,LogOn,Success
2026-04-16T17:49:41.704Z,DESKTOP-C332RF6$,SYSTEM,DESKTOP-C332RF6,Negotiate,5,LogOn,Success
2026-04-16T17:50:33.953Z,DESKTOP-C332RF6$,SYSTEM,DESKTOP-C332RF6,Negotiate,5,LogOn,Success
2026-04-16T18:03:49.295Z,DESKTOP-C332RF6$,SYSTEM,DESKTOP-C332RF6,Negotiate,5,LogOn,Success
2026-04-16T18:08:12.242Z,DESKTOP-C332RF6$,SYSTEM,DESKTOP-C332RF6,Negotiate,5,LogOn,Success
2026-04-16T18:10:20.253Z,DESKTOP-C332RF6$,SYSTEM,DESKTOP-C332RF6,Negotiate,5,LogOn,Success
2026-04-16T18:14:35.865Z,DESKTOP-C332RF6$,SYSTEM,DESKTOP-C332RF6,Negotiate,5,LogOn,Success
2026-04-16T18:23:12.960Z,DESKTOP-C332RF6$,SYSTEM,DESKTOP-C332RF6,Negotiate,5,LogOn,Success
2026-04-16T18:23:14.310Z,DESKTOP-C332RF6$,SYSTEM,DESKTOP-C332RF6,Negotiate,5,LogOn,Success
2026-04-16T18:24:54.509Z,DESKTOP-C332RF6$,SYSTEM,DESKTOP-C332RF6,Negotiate,5,LogOn,Success
2026-04-16T18:25:45.347Z,DESKTOP-C332RF6$,SYSTEM,DESKTOP-C332RF6,Negotiate,5,LogOn,Success
2026-04-16T18:31:05.622Z,DESKTOP-C332RF6$,SYSTEM,DESKTOP-C332RF6,Negotiate,5,LogOn,Success
2026-04-16T18:38:24.288Z,DESKTOP-C332RF6$,SYSTEM,DESKTOP-C332RF6,Negotiate,5,LogOn,Success
2026-04-16T18:41:50.718Z,DESKTOP-C332RF6$,SYSTEM,DESKTOP-C332RF6,Negotiate,5,LogOn,Success
2026-04-16T18:42:46.442Z,DESKTOP-C332RF6$,SYSTEM,DESKTOP-C332RF6,Negotiate,5,LogOn,Success
2026-04-16T18:49:43.787Z,DESKTOP-C332RF6$,SYSTEM,DESKTOP-C332RF6,Negotiate,5,LogOn,Success
2026-04-16T18:57:49.466Z,DESKTOP-C332RF6$,SYSTEM,DESKTOP-C332RF6,Negotiate,5,LogOn,Success
2026-04-16T18:59:45.940Z,DESKTOP-C332RF6$,SYSTEM,DESKTOP-C332RF6,Negotiate,5,LogOn,Success
2026-04-16T19:07:15.305Z,DESKTOP-C332RF6$,SYSTEM,DESKTOP-C332RF6,Negotiate,5,LogOn,Success
2026-04-16T19:07:55.968Z,DESKTOP-C332RF6$,SYSTEM,DESKTOP-C332RF6,Negotiate,5,LogOn,Success
2026-04-16T19:07:56.011Z,DESKTOP-C332RF6$,SYSTEM,DESKTOP-C332RF6,Negotiate,5,LogOn,Success
2026-04-16T19:07:59.637Z,DESKTOP-C332RF6$,SYSTEM,DESKTOP-C332RF6,Negotiate,5,LogOn,Success
2026-04-16T19:15:42.762Z,DESKTOP-C332RF6$,SYSTEM,DESKTOP-C332RF6,Negotiate,5,LogOn,Success
2026-04-16T19:15:46.856Z,DESKTOP-C332RF6$,SYSTEM,DESKTOP-C332RF6,Negotiate,5,LogOn,Success
2026-04-16T19:17:01.748Z,DESKTOP-C332RF6$,SYSTEM,DESKTOP-C332RF6,Negotiate,5,LogOn,Success
2026-04-16T19:17:42.136Z,DESKTOP-C332RF6$,SYSTEM,DESKTOP-C332RF6,Negotiate,5,LogOn,Success
2026-04-16T19:18:21.561Z,DESKTOP-C332RF6$,SYSTEM,DESKTOP-C332RF6,Negotiate,5,LogOn,Success
2026-04-16T19:18:22.578Z,DESKTOP-C332RF6$,SYSTEM,DESKTOP-C332RF6,Negotiate,5,LogOn,Success
2026-04-16T19:18:28.978Z,DESKTOP-C332RF6$,SYSTEM,DESKTOP-C332RF6,Negotiate,5,LogOn,Success
2026-04-16T19:19:23.817Z,DESKTOP-C332RF6$,SYSTEM,DESKTOP-C332RF6,Negotiate,5,LogOn,Success
2026-04-16T19:19:23.856Z,DESKTOP-C332RF6$,SYSTEM,DESKTOP-C332RF6,Negotiate,5,LogOn,Success
2026-04-16T19:41:51.809Z,DESKTOP-C332RF6$,SYSTEM,DESKTOP-C332RF6,Negotiate,5,LogOn,Success
2026-04-16T20:02:55.945Z,DESKTOP-C332RF6$,SYSTEM,DESKTOP-C332RF6,Negotiate,5,LogOn,Success
2026-04-16T20:08:34.125Z,DESKTOP-C332RF6$,SYSTEM,DESKTOP-C332RF6,Negotiate,5,LogOn,Success
2026-04-16T20:13:45.246Z,DESKTOP-C332RF6$,SYSTEM,DESKTOP-C332RF6,Negotiate,5,LogOn,Success
2026-04-16T20:18:05.227Z,DESKTOP-C332RF6$,SYSTEM,DESKTOP-C332RF6,Negotiate,5,LogOn,Success
2026-04-16T20:18:05.710Z,DESKTOP-C332RF6$,SYSTEM,DESKTOP-C332RF6,Negotiate,5,LogOn,Success
2026-04-16T20:18:10.799Z,DESKTOP-C332RF6$,SYSTEM,DESKTOP-C332RF6,Negotiate,5,LogOn,Success
2026-04-16T20:28:46.162Z,DESKTOP-C332RF6$,SYSTEM,DESKTOP-C332RF6,Negotiate,5,LogOn,Success
2026-04-16T20:30:29.980Z,DESKTOP-C332RF6$,SYSTEM,DESKTOP-C332RF6,Negotiate,5,LogOn,Success
2026-04-16T20:30:31.394Z,DESKTOP-C332RF6$,SYSTEM,DESKTOP-C332RF6,Negotiate,5,LogOn,Success
2026-04-16T20:30:44.705Z,DESKTOP-C332RF6$,SYSTEM,DESKTOP-C332RF6,Negotiate,5,LogOn,Success
2026-04-16T20:40:37.590Z,DESKTOP-C332RF6$,SYSTEM,DESKTOP-C332RF6,Negotiate,5,LogOn,Success
2026-04-16T20:42:07.765Z,DESKTOP-C332RF6$,SYSTEM,DESKTOP-C332RF6,Negotiate,5,LogOn,Success
2026-04-16T20:46:11.575Z,DESKTOP-C332RF6$,SYSTEM,DESKTOP-C332RF6,Negotiate,5,LogOn,Success
2026-04-16T21:02:56.161Z,DESKTOP-C332RF6$,SYSTEM,DESKTOP-C332RF6,Negotiate,5,LogOn,Success
2026-04-16T21:05:59.860Z,DESKTOP-C332RF6$,SYSTEM,DESKTOP-C332RF6,Negotiate,5,LogOn,Success
2026-04-16T21:06:00.068Z,DESKTOP-C332RF6$,SYSTEM,DESKTOP-C332RF6,Negotiate,5,LogOn,Success
2026-04-16T21:06:00.946Z,DESKTOP-C332RF6$,SYSTEM,DESKTOP-C332RF6,Negotiate,5,LogOn,Success
2026-04-16T21:06:00.959Z,DESKTOP-C332RF6$,SYSTEM,DESKTOP-C332RF6,Negotiate,5,LogOn,Success
2026-04-16T21:06:01.190Z,DESKTOP-C332RF6$,SYSTEM,DESKTOP-C332RF6,Negotiate,5,LogOn,Success
2026-04-16T21:06:01.763Z,DESKTOP-C332RF6$,SYSTEM,DESKTOP-C332RF6,Negotiate,5,LogOn,Success
2026-04-16T21:06:02.342Z,DESKTOP-C332RF6$,PC,DESKTOP-C332RF6,Negotiate,2,LogOn,Success
2026-04-16T21:06:02.342Z,DESKTOP-C332RF6$,PC,DESKTOP-C332RF6,Negotiate,2,LogOn,Success
2026-04-16T21:06:02.343Z,,PC,DESKTOP-C332RF6,,2,LogOff,LogOff
2026-04-16T21:06:02.343Z,,PC,DESKTOP-C332RF6,,2,LogOff,LogOff
2026-04-16T21:06:05.134Z,DESKTOP-C332RF6$,SYSTEM,DESKTOP-C332RF6,Negotiate,5,LogOn,Success
2026-04-16T21:06:07.433Z,DESKTOP-C332RF6$,SYSTEM,DESKTOP-C332RF6,Negotiate,5,LogOn,Success
2026-04-16T21:10:59.446Z,DESKTOP-C332RF6$,SYSTEM,DESKTOP-C332RF6,Negotiate,5,LogOn,Success
2026-04-16T21:11:00.904Z,DESKTOP-C332RF6$,SYSTEM,DESKTOP-C332RF6,Negotiate,5,LogOn,Success
2026-04-16T21:15:26.624Z,DESKTOP-C332RF6$,SYSTEM,DESKTOP-C332RF6,Negotiate,5,LogOn,Success
2026-04-16T21:15:26.713Z,DESKTOP-C332RF6$,SYSTEM,DESKTOP-C332RF6,Negotiate,5,LogOn,Success
2026-04-16T21:15:26.760Z,DESKTOP-C332RF6$,SYSTEM,DESKTOP-C332RF6,Negotiate,5,LogOn,Success
2026-04-16T21:19:28.028Z,DESKTOP-C332RF6$,SYSTEM,DESKTOP-C332RF6,Negotiate,5,LogOn,Success
2026-04-16T21:19:35.809Z,DESKTOP-C332RF6$,SYSTEM,DESKTOP-C332RF6,Negotiate,5,LogOn,Success
2026-04-16T21:19:39.658Z,DESKTOP-C332RF6$,SYSTEM,DESKTOP-C332RF6,Negotiate,5,LogOn,Success
2026-04-16T21:24:14.213Z,DESKTOP-C332RF6$,SYSTEM,DESKTOP-C332RF6,Negotiate,5,LogOn,Success
2026-04-16T21:31:00.721Z,DESKTOP-C332RF6$,SYSTEM,DESKTOP-C332RF6,Negotiate,5,LogOn,Success
2026-04-16T21:31:01.009Z,DESKTOP-C332RF6$,SYSTEM,DESKTOP-C332RF6,Negotiate,5,LogOn,Success
2026-04-16T21:32:03.495Z,DESKTOP-C332RF6$,SYSTEM,DESKTOP-C332RF6,Negotiate,5,LogOn,Success
2026-04-16T21:32:03.591Z,DESKTOP-C332RF6$,SYSTEM,DESKTOP-C332RF6,Negotiate,5,LogOn,Success
2026-04-16T21:37:11.239Z,DESKTOP-C332RF6$,SYSTEM,DESKTOP-C332RF6,Negotiate,5,LogOn,Success
2026-04-16T21:38:44.264Z,DESKTOP-C332RF6$,SYSTEM,DESKTOP-C332RF6,Negotiate,5,LogOn,Success
2026-04-16T21:38:45.892Z,DESKTOP-C332RF6$,SYSTEM,DESKTOP-C332RF6,Negotiate,5,LogOn,Success
2026-04-16T21:38:58.114Z,DESKTOP-C332RF6$,SYSTEM,DESKTOP-C332RF6,Negotiate,5,LogOn,Success
2026-04-16T21:41:27.020Z,DESKTOP-C332RF6$,SYSTEM,DESKTOP-C332RF6,Negotiate,5,LogOn,Success
2026-04-16T21:42:58.168Z,DESKTOP-C332RF6$,SYSTEM,DESKTOP-C332RF6,Negotiate,5,LogOn,Success
2026-04-16T21:43:58.715Z,DESKTOP-C332RF6$,SYSTEM,DESKTOP-C332RF6,Negotiate,5,LogOn,Success
2026-04-16T21:50:59.647Z,DESKTOP-C332RF6$,SYSTEM,DESKTOP-C332RF6,Negotiate,5,LogOn,Success
2026-04-16T21:51:46.198Z,DESKTOP-C332RF6$,SYSTEM,DESKTOP-C332RF6,Negotiate,5,LogOn,Success
2026-04-16T21:51:46.439Z,DESKTOP-C332RF6$,SYSTEM,DESKTOP-C332RF6,Negotiate,5,LogOn,Success
2026-04-16T21:51:47.618Z,DESKTOP-C332RF6$,SYSTEM,DESKTOP-C332RF6,Negotiate,5,LogOn,Success
2026-04-16T21:51:48.083Z,DESKTOP-C332RF6$,SYSTEM,DESKTOP-C332RF6,Negotiate,5,LogOn,Success
2026-04-16T21:51:49.056Z,DESKTOP-C332RF6$,SYSTEM,DESKTOP-C332RF6,Negotiate,5,LogOn,Success
2026-04-16T21:51:53.443Z,DESKTOP-C332RF6$,SYSTEM,DESKTOP-C332RF6,Negotiate,5,LogOn,Success
2026-04-16T21:53:48.449Z,DESKTOP-C332RF6$,SYSTEM,DESKTOP-C332RF6,Negotiate,5,LogOn,Success
2026-04-16T21:55:54.261Z,DESKTOP-C332RF6$,SYSTEM,DESKTOP-C332RF6,Negotiate,5,LogOn,Success
2026-04-16T21:56:13.739Z,DESKTOP-C332RF6$,SYSTEM,DESKTOP-C332RF6,Negotiate,5,LogOn,Success
2026-04-16T21:57:15.235Z,DESKTOP-C332RF6$,SYSTEM,DESKTOP-C332RF6,Negotiate,5,LogOn,Success
2026-04-16T21:57:53.254Z,DESKTOP-C332RF6$,SYSTEM,DESKTOP-C332RF6,Negotiate,5,LogOn,Success
2026-04-16T22:03:03.192Z,DESKTOP-C332RF6$,SYSTEM,DESKTOP-C332RF6,Negotiate,5,LogOn,Success
2026-04-16T22:03:07.700Z,DESKTOP-C332RF6$,SYSTEM,DESKTOP-C332RF6,Negotiate,5,LogOn,Success
2026-04-16T22:04:42.052Z,DESKTOP-C332RF6$,SYSTEM,DESKTOP-C332RF6,Negotiate,5,LogOn,Success
2026-04-16T22:04:43.706Z,DESKTOP-C332RF6$,SYSTEM,DESKTOP-C332RF6,Negotiate,5,LogOn,Success
2026-04-16T22:04:44.863Z,DESKTOP-C332RF6$,SYSTEM,DESKTOP-C332RF6,Negotiate,5,LogOn,Success
2026-04-16T22:06:34.852Z,DESKTOP-C332RF6$,SYSTEM,DESKTOP-C332RF6,Negotiate,5,LogOn,Success
2026-04-16T22:09:04.024Z,DESKTOP-C332RF6$,SYSTEM,DESKTOP-C332RF6,Negotiate,5,LogOn,Success
2026-04-16T22:16:10.378Z,DESKTOP-C332RF6$,SYSTEM,DESKTOP-C332RF6,Negotiate,5,LogOn,Success
2026-04-16T22:19:45.123Z,DESKTOP-C332RF6$,SYSTEM,DESKTOP-C332RF6,Negotiate,5,LogOn,Success
2026-04-16T22:23:49.280Z,DESKTOP-C332RF6$,SYSTEM,DESKTOP-C332RF6,Negotiate,5,LogOn,Success
2026-04-16T22:23:52.229Z,DESKTOP-C332RF6$,SYSTEM,DESKTOP-C332RF6,Negotiate,5,LogOn,Success
2026-04-16T22:36:37.619Z,DESKTOP-C332RF6$,SYSTEM,DESKTOP-C332RF6,Negotiate,5,LogOn,Success
2026-04-16T22:36:58.281Z,DESKTOP-C332RF6$,SYSTEM,DESKTOP-C332RF6,Negotiate,5,LogOn,Success
2026-04-16T22:37:01.944Z,DESKTOP-C332RF6$,SYSTEM,DESKTOP-C332RF6,Negotiate,5,LogOn,Success
2026-04-16T22:37:03.482Z,DESKTOP-C332RF6$,SYSTEM,DESKTOP-C332RF6,Negotiate,5,LogOn,Success
2026-04-16T22:37:03.588Z,DESKTOP-C332RF6$,SYSTEM,DESKTOP-C332RF6,Negotiate,5,LogOn,Success
2026-04-16T22:37:04.575Z,DESKTOP-C332RF6$,SYSTEM,DESKTOP-C332RF6,Negotiate,5,LogOn,Success
2026-04-16T22:38:26.270Z,DESKTOP-C332RF6$,SYSTEM,DESKTOP-C332RF6,Negotiate,5,LogOn,Success
2026-04-16T22:39:48.275Z,DESKTOP-C332RF6$,SYSTEM,DESKTOP-C332RF6,Negotiate,5,LogOn,Success
2026-04-16T22:39:49.257Z,DESKTOP-C332RF6$,SYSTEM,DESKTOP-C332RF6,Negotiate,5,LogOn,Success
2026-04-16T22:42:46.595Z,DESKTOP-C332RF6$,SYSTEM,DESKTOP-C332RF6,Negotiate,5,LogOn,Success
2026-04-16T22:44:29.838Z,DESKTOP-C332RF6$,SYSTEM,DESKTOP-C332RF6,Negotiate,5,LogOn,Success
2026-04-16T22:53:32.692Z,DESKTOP-C332RF6$,SYSTEM,DESKTOP-C332RF6,Negotiate,5,LogOn,Success
2026-04-16T22:53:54.191Z,DESKTOP-C332RF6$,SYSTEM,DESKTOP-C332RF6,Negotiate,5,LogOn,Success
2026-04-16T22:56:49.444Z,DESKTOP-C332RF6$,SYSTEM,DESKTOP-C332RF6,Negotiate,5,LogOn,Success
2026-04-16T23:03:07.908Z,DESKTOP-C332RF6$,SYSTEM,DESKTOP-C332RF6,Negotiate,5,LogOn,Success
2026-04-16T23:19:23.933Z,DESKTOP-C332RF6$,SYSTEM,DESKTOP-C332RF6,Negotiate,5,LogOn,Success
2026-04-16T23:19:23.933Z,DESKTOP-C332RF6$,SYSTEM,DESKTOP-C332RF6,Negotiate,5,LogOn,Success
2026-04-16T23:19:35.657Z,DESKTOP-C332RF6$,SYSTEM,DESKTOP-C332RF6,Negotiate,5,LogOn,Success
2026-04-16T23:34:50.979Z,DESKTOP-C332RF6$,SYSTEM,DESKTOP-C332RF6,Negotiate,5,LogOn,Success
2026-04-16T23:38:01.704Z,DESKTOP-C332RF6$,SYSTEM,DESKTOP-C332RF6,Negotiate,5,LogOn,Success
2026-04-16T23:38:14.950Z,DESKTOP-C332RF6$,SYSTEM,DESKTOP-C332RF6,Negotiate,5,LogOn,Success
2026-04-16T23:53:01.786Z,DESKTOP-C332RF6$,SYSTEM,DESKTOP-C332RF6,Negotiate,5,LogOn,Success
2026-04-16T23:53:15.978Z,DESKTOP-C332RF6$,SYSTEM,DESKTOP-C332RF6,Negotiate,5,LogOn,Success
2026-04-17T00:03:08.177Z,DESKTOP-C332RF6$,SYSTEM,DESKTOP-C332RF6,Negotiate,5,LogOn,Success
2026-04-17T00:08:24.847Z,DESKTOP-C332RF6$,SYSTEM,DESKTOP-C332RF6,Negotiate,5,LogOn,Success
2026-04-17T00:38:22.103Z,DESKTOP-C332RF6$,SYSTEM,DESKTOP-C332RF6,Negotiate,5,LogOn,Success
2026-04-17T00:38:23.539Z,DESKTOP-C332RF6$,SYSTEM,DESKTOP-C332RF6,Negotiate,5,LogOn,Success
2026-04-17T01:03:08.434Z,DESKTOP-C332RF6$,SYSTEM,DESKTOP-C332RF6,Negotiate,5,LogOn,Success
2026-04-17T01:08:20.386Z,DESKTOP-C332RF6$,SYSTEM,DESKTOP-C332RF6,Negotiate,5,LogOn,Success
2026-04-17T01:38:19.829Z,DESKTOP-C332RF6$,SYSTEM,DESKTOP-C332RF6,Negotiate,5,LogOn,Success
2026-04-17T01:38:20.832Z,DESKTOP-C332RF6$,SYSTEM,DESKTOP-C332RF6,Negotiate,5,LogOn,Success
2026-04-17T01:59:59.261Z,DESKTOP-C332RF6$,SYSTEM,DESKTOP-C332RF6,Negotiate,5,LogOn,Success
2026-04-17T02:01:05.250Z,DESKTOP-C332RF6$,SYSTEM,DESKTOP-C332RF6,Negotiate,5,LogOn,Success
2026-04-17T02:01:10.032Z,DESKTOP-C332RF6$,SYSTEM,DESKTOP-C332RF6,Negotiate,5,LogOn,Success
2026-04-17T02:01:10.425Z,DESKTOP-C332RF6$,SYSTEM,DESKTOP-C332RF6,Negotiate,5,LogOn,Success
2026-04-17T02:01:11.481Z,DESKTOP-C332RF6$,SYSTEM,DESKTOP-C332RF6,Negotiate,5,LogOn,Success
2026-04-17T02:01:33.519Z,DESKTOP-C332RF6$,SYSTEM,DESKTOP-C332RF6,Negotiate,5,LogOn,Success
2026-04-17T02:01:33.619Z,DESKTOP-C332RF6$,SYSTEM,DESKTOP-C332RF6,Negotiate,5,LogOn,Success
2026-04-17T02:01:34.587Z,DESKTOP-C332RF6$,SYSTEM,DESKTOP-C332RF6,Negotiate,5,LogOn,Success
2026-04-17T02:01:54.056Z,DESKTOP-C332RF6$,SYSTEM,DESKTOP-C332RF6,Negotiate,5,LogOn,Success
2026-04-17T02:01:57.194Z,DESKTOP-C332RF6$,UMFD-107,DESKTOP-C332RF6,Negotiate,2,LogOn,Success
2026-04-17T02:01:57.232Z,DESKTOP-C332RF6$,DWM-107,DESKTOP-C332RF6,Negotiate,2,LogOn,Success
2026-04-17T02:01:57.232Z,DESKTOP-C332RF6$,DWM-107,DESKTOP-C332RF6,Negotiate,2,LogOn,Success
2026-04-17T02:01:57.312Z,DESKTOP-C332RF6$,SYSTEM,DESKTOP-C332RF6,Negotiate,5,LogOn,Success
2026-04-17T02:02:07.017Z,,UMFD-106,DESKTOP-C332RF6,,2,LogOff,LogOff
2026-04-17T09:20:37.902Z,DESKTOP-C332RF6$,PC,DESKTOP-C332RF6,Negotiate,2,LogOn,Success
2026-04-17T09:20:37.902Z,DESKTOP-C332RF6$,PC,DESKTOP-C332RF6,Negotiate,2,LogOn,Success
2026-04-17T09:20:39.991Z,,DWM-106,DESKTOP-C332RF6,,2,LogOff,LogOff
2026-04-17T09:20:39.991Z,,DWM-106,DESKTOP-C332RF6,,2,LogOff,LogOff
2026-04-17T09:20:47.955Z,DESKTOP-C332RF6$,SYSTEM,DESKTOP-C332RF6,Negotiate,5,LogOn,Success
2026-04-17T09:22:23.028Z,DESKTOP-C332RF6$,SYSTEM,DESKTOP-C332RF6,Negotiate,5,LogOn,Success
2026-04-17T09:25:19.639Z,DESKTOP-C332RF6$,SYSTEM,DESKTOP-C332RF6,Negotiate,5,LogOn,Success
2026-04-17T09:26:34.302Z,DESKTOP-C332RF6$,SYSTEM,DESKTOP-C332RF6,Negotiate,5,LogOn,Success
2026-04-17T09:26:34.347Z,DESKTOP-C332RF6$,SYSTEM,DESKTOP-C332RF6,Negotiate,5,LogOn,Success
2026-04-17T09:29:44.448Z,DESKTOP-C332RF6$,SYSTEM,DESKTOP-C332RF6,Negotiate,5,LogOn,Success
2026-04-17T09:30:33.647Z,DESKTOP-C332RF6$,SYSTEM,DESKTOP-C332RF6,Negotiate,5,LogOn,Success
2026-04-17T09:35:39.443Z,DESKTOP-C332RF6$,SYSTEM,DESKTOP-C332RF6,Negotiate,5,LogOn,Success
2026-04-17T09:37:25.612Z,DESKTOP-C332RF6$,SYSTEM,DESKTOP-C332RF6,Negotiate,5,LogOn,Success
2026-04-17T09:37:26.840Z,DESKTOP-C332RF6$,SYSTEM,DESKTOP-C332RF6,Negotiate,5,LogOn,Success
2026-04-17T09:50:39.864Z,DESKTOP-C332RF6$,SYSTEM,DESKTOP-C332RF6,Negotiate,5,LogOn,Success
2026-04-17T10:05:40.693Z,DESKTOP-C332RF6$,SYSTEM,DESKTOP-C332RF6,Negotiate,5,LogOn,Success
2026-04-17T10:05:42.616Z,DESKTOP-C332RF6$,SYSTEM,DESKTOP-C332RF6,Negotiate,5,LogOn,Success
2026-04-17T10:20:50.211Z,DESKTOP-C332RF6$,SYSTEM,DESKTOP-C332RF6,Negotiate,5,LogOn,Success
2026-04-17T10:20:52.214Z,DESKTOP-C332RF6$,SYSTEM,DESKTOP-C332RF6,Negotiate,5,LogOn,Success
2026-04-17T10:33:15.923Z,DESKTOP-C332RF6$,SYSTEM,DESKTOP-C332RF6,Negotiate,5,LogOn,Success
2026-04-17T10:36:01.191Z,DESKTOP-C332RF6$,SYSTEM,DESKTOP-C332RF6,Negotiate,5,LogOn,Success
2026-04-17T10:55:22.027Z,DESKTOP-C332RF6$,SYSTEM,DESKTOP-C332RF6,Negotiate,5,LogOn,Success
2026-04-17T11:06:20.295Z,DESKTOP-C332RF6$,SYSTEM,DESKTOP-C332RF6,Negotiate,5,LogOn,Success
2026-04-17T11:06:21.624Z,DESKTOP-C332RF6$,SYSTEM,DESKTOP-C332RF6,Negotiate,5,LogOn,Success
2026-04-17T11:10:44.769Z,DESKTOP-C332RF6$,SYSTEM,DESKTOP-C332RF6,Negotiate,5,LogOn,Success
2026-04-17T11:15:36.919Z,DESKTOP-C332RF6$,SYSTEM,DESKTOP-C332RF6,Negotiate,5,LogOn,Success
2026-04-17T11:20:39.109Z,DESKTOP-C332RF6$,SYSTEM,DESKTOP-C332RF6,Negotiate,5,LogOn,Success
2026-04-17T11:20:39.151Z,DESKTOP-C332RF6$,SYSTEM,DESKTOP-C332RF6,Negotiate,5,LogOn,Success
2026-04-17T11:20:43.149Z,DESKTOP-C332RF6$,SYSTEM,DESKTOP-C332RF6,Negotiate,5,LogOn,Success
2026-04-17T11:21:01.788Z,DESKTOP-C332RF6$,SYSTEM,DESKTOP-C332RF6,Negotiate,5,LogOn,Success
2026-04-17T11:21:02.304Z,DESKTOP-C332RF6$,SYSTEM,DESKTOP-C332RF6,Negotiate,5,LogOn,Success
2026-04-17T11:21:03.632Z,DESKTOP-C332RF6$,SYSTEM,DESKTOP-C332RF6,Negotiate,5,LogOn,Success
2026-04-17T11:21:31.740Z,DESKTOP-C332RF6$,SYSTEM,DESKTOP-C332RF6,Negotiate,5,LogOn,Success
2026-04-17T11:28:26.456Z,DESKTOP-C332RF6$,SYSTEM,DESKTOP-C332RF6,Negotiate,5,LogOn,Success
2026-04-17T11:28:27.436Z,DESKTOP-C332RF6$,SYSTEM,DESKTOP-C332RF6,Negotiate,5,LogOn,Success
2026-04-17T11:28:29.708Z,DESKTOP-C332RF6$,SYSTEM,DESKTOP-C332RF6,Negotiate,5,LogOn,Success
2026-04-17T11:28:55.676Z,DESKTOP-C332RF6$,SYSTEM,DESKTOP-C332RF6,Negotiate,5,LogOn,Success
2026-04-17T11:43:31.927Z,DESKTOP-C332RF6$,SYSTEM,DESKTOP-C332RF6,Negotiate,5,LogOn,Success
2026-04-17T12:21:32.693Z,DESKTOP-C332RF6$,SYSTEM,DESKTOP-C332RF6,Negotiate,5,LogOn,Success
2026-04-17T12:30:05.000Z,DESKTOP-C332RF6$,SYSTEM,DESKTOP-C332RF6,Negotiate,5,LogOn,Success
2026-04-17T12:30:06.715Z,DESKTOP-C332RF6$,SYSTEM,DESKTOP-C332RF6,Negotiate,5,LogOn,Success
2026-04-17T12:39:15.282Z,DESKTOP-C332RF6$,SYSTEM,DESKTOP-C332RF6,Negotiate,5,LogOn,Success
2026-04-17T13:11:37.131Z,DESKTOP-C332RF6$,SYSTEM,DESKTOP-C332RF6,Negotiate,5,LogOn,Success
2026-04-17T13:11:38.915Z,DESKTOP-C332RF6$,SYSTEM,DESKTOP-C332RF6,Negotiate,5,LogOn,Success
2026-04-17T13:11:39.262Z,DESKTOP-C332RF6$,SYSTEM,DESKTOP-C332RF6,Negotiate,5,LogOn,Success
2026-04-17T13:21:50.169Z,DESKTOP-C332RF6$,SYSTEM,DESKTOP-C332RF6,Negotiate,5,LogOn,Success
2026-04-17T13:28:51.358Z,DESKTOP-C332RF6$,SYSTEM,DESKTOP-C332RF6,Negotiate,5,LogOn,Success
2026-04-17T13:28:52.703Z,DESKTOP-C332RF6$,SYSTEM,DESKTOP-C332RF6,Negotiate,5,LogOn,Success
2026-04-17T13:28:52.863Z,DESKTOP-C332RF6$,SYSTEM,DESKTOP-C332RF6,Negotiate,5,LogOn,Success
2026-04-17T14:21:51.070Z,DESKTOP-C332RF6$,SYSTEM,DESKTOP-C332RF6,Negotiate,5,LogOn,Success
2026-04-17T14:28:41.475Z,DESKTOP-C332RF6$,SYSTEM,DESKTOP-C332RF6,Negotiate,5,LogOn,Success
2026-04-17T15:22:11.165Z,DESKTOP-C332RF6$,SYSTEM,DESKTOP-C332RF6,Negotiate,5,LogOn,Success
2026-04-17T15:28:31.853Z,DESKTOP-C332RF6$,SYSTEM,DESKTOP-C332RF6,Negotiate,5,LogOn,Success
2026-04-17T15:54:36.204Z,DESKTOP-C332RF6$,SYSTEM,DESKTOP-C332RF6,Negotiate,5,LogOn,Success
2026-04-17T15:54:37.921Z,DESKTOP-C332RF6$,SYSTEM,DESKTOP-C332RF6,Negotiate,5,LogOn,Success
2026-04-17T15:54:38.059Z,DESKTOP-C332RF6$,SYSTEM,DESKTOP-C332RF6,Negotiate,5,LogOn,Success
2026-04-17T15:54:49.696Z,DESKTOP-C332RF6$,PC,DESKTOP-C332RF6,Negotiate,2,LogOn,Success
2026-04-17T15:54:49.696Z,DESKTOP-C332RF6$,PC,DESKTOP-C332RF6,Negotiate,2,LogOn,Success
2026-04-17T15:54:49.696Z,,PC,DESKTOP-C332RF6,,2,LogOff,LogOff
2026-04-17T15:54:49.697Z,,PC,DESKTOP-C332RF6,,2,LogOff,LogOff
2026-04-17T15:55:03.341Z,DESKTOP-C332RF6$,SYSTEM,DESKTOP-C332RF6,Negotiate,5,LogOn,Success
2026-04-17T15:55:04.237Z,DESKTOP-C332RF6$,SYSTEM,DESKTOP-C332RF6,Negotiate,5,LogOn,Success
2026-04-17T15:56:01.906Z,DESKTOP-C332RF6$,SYSTEM,DESKTOP-C332RF6,Negotiate,5,LogOn,Success
2026-04-17T16:00:47.133Z,DESKTOP-C332RF6$,SYSTEM,DESKTOP-C332RF6,Negotiate,5,LogOn,Success
2026-04-17T16:06:45.793Z,DESKTOP-C332RF6$,SYSTEM,DESKTOP-C332RF6,Negotiate,5,LogOn,Success
2026-04-17T16:12:36.733Z,DESKTOP-C332RF6$,SYSTEM,DESKTOP-C332RF6,Negotiate,5,LogOn,Success
2026-04-17T16:12:38.067Z,DESKTOP-C332RF6$,SYSTEM,DESKTOP-C332RF6,Negotiate,5,LogOn,Success
2026-04-17T16:12:38.285Z,DESKTOP-C332RF6$,SYSTEM,DESKTOP-C332RF6,Negotiate,5,LogOn,Success
2026-04-17T16:22:31.620Z,DESKTOP-C332RF6$,SYSTEM,DESKTOP-C332RF6,Negotiate,5,LogOn,Success
2026-04-17T16:22:53.503Z,DESKTOP-C332RF6$,SYSTEM,DESKTOP-C332RF6,Negotiate,5,LogOn,Success
2026-04-17T16:40:52.217Z,DESKTOP-C332RF6$,SYSTEM,DESKTOP-C332RF6,Negotiate,5,LogOn,Success
2026-04-17T16:43:36.589Z,DESKTOP-C332RF6$,SYSTEM,DESKTOP-C332RF6,Negotiate,5,LogOn,Success
2026-04-17T16:47:06.562Z,DESKTOP-C332RF6$,SYSTEM,DESKTOP-C332RF6,Negotiate,5,LogOn,Success
2026-04-17T17:06:45.336Z,DESKTOP-C332RF6$,SYSTEM,DESKTOP-C332RF6,Negotiate,5,LogOn,Success
2026-04-17T17:22:31.813Z,DESKTOP-C332RF6$,SYSTEM,DESKTOP-C332RF6,Negotiate,5,LogOn,Success
2026-04-17T17:23:03.535Z,DESKTOP-C332RF6$,SYSTEM,DESKTOP-C332RF6,Negotiate,5,LogOn,Success
2026-04-17T17:40:52.770Z,DESKTOP-C332RF6$,SYSTEM,DESKTOP-C332RF6,Negotiate,5,LogOn,Success
2026-04-17T17:40:54.083Z,DESKTOP-C332RF6$,SYSTEM,DESKTOP-C332RF6,Negotiate,5,LogOn,Success
2026-04-17T17:40:54.214Z,DESKTOP-C332RF6$,SYSTEM,DESKTOP-C332RF6,Negotiate,5,LogOn,Success
2026-04-17T17:45:33.292Z,DESKTOP-C332RF6$,SYSTEM,DESKTOP-C332RF6,Negotiate,5,LogOn,Success
2026-04-17T17:45:33.394Z,DESKTOP-C332RF6$,SYSTEM,DESKTOP-C332RF6,Negotiate,5,LogOn,Success
2026-04-17T17:45:34.358Z,DESKTOP-C332RF6$,SYSTEM,DESKTOP-C332RF6,Negotiate,5,LogOn,Success
2026-04-17T17:45:35.678Z,DESKTOP-C332RF6$,SYSTEM,DESKTOP-C332RF6,Negotiate,5,LogOn,Success
2026-04-17T17:45:47.336Z,DESKTOP-C332RF6$,SYSTEM,DESKTOP-C332RF6,Negotiate,5,LogOn,Success
2026-04-17T17:45:48.340Z,DESKTOP-C332RF6$,SYSTEM,DESKTOP-C332RF6,Negotiate,5,LogOn,Success
2026-04-17T17:51:25.365Z,DESKTOP-C332RF6$,SYSTEM,DESKTOP-C332RF6,Negotiate,5,LogOn,Success
2026-04-17T18:00:42.995Z,DESKTOP-C332RF6$,SYSTEM,DESKTOP-C332RF6,Negotiate,5,LogOn,Success
2026-04-17T18:00:43.120Z,DESKTOP-C332RF6$,SYSTEM,DESKTOP-C332RF6,Negotiate,5,LogOn,Success
2026-04-17T18:06:39.745Z,DESKTOP-C332RF6$,SYSTEM,DESKTOP-C332RF6,Negotiate,5,LogOn,Success
2026-04-17T18:08:36.591Z,DESKTOP-C332RF6$,SYSTEM,DESKTOP-C332RF6,Negotiate,5,LogOn,Success
2026-04-17T18:12:40.446Z,DESKTOP-C332RF6$,SYSTEM,DESKTOP-C332RF6,Negotiate,5,LogOn,Success
2026-04-17T18:13:11.398Z,DESKTOP-C332RF6$,SYSTEM,DESKTOP-C332RF6,Negotiate,5,LogOn,Success
2026-04-17T18:13:14.788Z,DESKTOP-C332RF6$,SYSTEM,DESKTOP-C332RF6,Negotiate,5,LogOn,Success
2026-04-17T18:22:00.255Z,DESKTOP-C332RF6$,SYSTEM,DESKTOP-C332RF6,Negotiate,5,LogOn,Success
2026-04-17T18:22:39.668Z,DESKTOP-C332RF6$,SYSTEM,DESKTOP-C332RF6,Negotiate,5,LogOn,Success
2026-04-17T18:26:32.365Z,DESKTOP-C332RF6$,SYSTEM,DESKTOP-C332RF6,Negotiate,5,LogOn,Success
2026-04-17T18:30:50.910Z,DESKTOP-C332RF6$,SYSTEM,DESKTOP-C332RF6,Negotiate,5,LogOn,Success
2026-04-17T18:37:25.602Z,DESKTOP-C332RF6$,SYSTEM,DESKTOP-C332RF6,Negotiate,5,LogOn,Success
2026-04-17T18:37:26.680Z,DESKTOP-C332RF6$,SYSTEM,DESKTOP-C332RF6,Negotiate,5,LogOn,Success
2026-04-17T18:37:54.894Z,DESKTOP-C332RF6$,SYSTEM,DESKTOP-C332RF6,Negotiate,5,LogOn,Success
2026-04-17T19:06:38.161Z,DESKTOP-C332RF6$,SYSTEM,DESKTOP-C332RF6,Negotiate,5,LogOn,Success
2026-04-17T19:06:39.438Z,DESKTOP-C332RF6$,SYSTEM,DESKTOP-C332RF6,Negotiate,5,LogOn,Success
2026-04-17T19:16:17.343Z,DESKTOP-C332RF6$,SYSTEM,DESKTOP-C332RF6,Negotiate,5,LogOn,Success
2026-04-17T19:21:02.756Z,DESKTOP-C332RF6$,SYSTEM,DESKTOP-C332RF6,Negotiate,5,LogOn,Success
2026-04-17T19:22:32.153Z,DESKTOP-C332RF6$,SYSTEM,DESKTOP-C332RF6,Negotiate,5,LogOn,Success
2026-04-17T19:23:23.881Z,DESKTOP-C332RF6$,SYSTEM,DESKTOP-C332RF6,Negotiate,5,LogOn,Success
2026-04-17T19:40:31.936Z,DESKTOP-C332RF6$,SYSTEM,DESKTOP-C332RF6,Negotiate,5,LogOn,Success
2026-04-17T20:05:58.630Z,DESKTOP-C332RF6$,SYSTEM,DESKTOP-C332RF6,Negotiate,5,LogOn,Success
2026-04-17T20:06:30.756Z,DESKTOP-C332RF6$,SYSTEM,DESKTOP-C332RF6,Negotiate,5,LogOn,Success
2026-04-17T20:06:45.363Z,DESKTOP-C332RF6$,SYSTEM,DESKTOP-C332RF6,Negotiate,5,LogOn,Success
2026-04-17T20:08:20.803Z,DESKTOP-C332RF6$,SYSTEM,DESKTOP-C332RF6,Negotiate,5,LogOn,Success
2026-04-17T20:22:32.357Z,DESKTOP-C332RF6$,SYSTEM,DESKTOP-C332RF6,Negotiate,5,LogOn,Success
2026-04-17T20:23:24.103Z,DESKTOP-C332RF6$,SYSTEM,DESKTOP-C332RF6,Negotiate,5,LogOn,Success
2026-04-17T20:23:24.901Z,DESKTOP-C332RF6$,SYSTEM,DESKTOP-C332RF6,Negotiate,5,LogOn,Success
2026-04-17T21:03:25.407Z,DESKTOP-C332RF6$,SYSTEM,DESKTOP-C332RF6,Negotiate,5,LogOn,Success
2026-04-17T21:03:28.168Z,DESKTOP-C332RF6$,SYSTEM,DESKTOP-C332RF6,Negotiate,5,LogOn,Success
2026-04-17T21:03:28.634Z,DESKTOP-C332RF6$,SYSTEM,DESKTOP-C332RF6,Negotiate,5,LogOn,Success
2026-04-17T21:03:28.749Z,DESKTOP-C332RF6$,SYSTEM,DESKTOP-C332RF6,Negotiate,5,LogOn,Success
2026-04-17T21:03:29.288Z,DESKTOP-C332RF6$,SYSTEM,DESKTOP-C332RF6,Negotiate,5,LogOn,Success
2026-04-17T21:04:30.007Z,DESKTOP-C332RF6$,SYSTEM,DESKTOP-C332RF6,Negotiate,5,LogOn,Success
2026-04-17T21:05:14.543Z,DESKTOP-C332RF6$,SYSTEM,DESKTOP-C332RF6,Negotiate,5,LogOn,Success
2026-04-17T21:05:15.510Z,DESKTOP-C332RF6$,SYSTEM,DESKTOP-C332RF6,Negotiate,5,LogOn,Success
2026-04-17T21:10:25.548Z,DESKTOP-C332RF6$,SYSTEM,DESKTOP-C332RF6,Negotiate,5,LogOn,Success
2026-04-17T21:11:53.451Z,DESKTOP-C332RF6$,SYSTEM,DESKTOP-C332RF6,Negotiate,5,LogOn,Success
2026-04-17T21:11:56.270Z,DESKTOP-C332RF6$,SYSTEM,DESKTOP-C332RF6,Negotiate,5,LogOn,Success
2026-04-17T21:18:28.982Z,DESKTOP-C332RF6$,SYSTEM,DESKTOP-C332RF6,Negotiate,5,LogOn,Success
2026-04-17T21:19:54.370Z,DESKTOP-C332RF6$,SYSTEM,DESKTOP-C332RF6,Negotiate,5,LogOn,Success
2026-04-17T21:31:07.967Z,DESKTOP-C332RF6$,SYSTEM,DESKTOP-C332RF6,Negotiate,5,LogOn,Success
2026-04-17T21:33:29.362Z,DESKTOP-C332RF6$,SYSTEM,DESKTOP-C332RF6,Negotiate,5,LogOn,Success
2026-04-17T21:40:53.672Z,DESKTOP-C332RF6$,SYSTEM,DESKTOP-C332RF6,Negotiate,5,LogOn,Success
2026-04-17T21:41:15.328Z,DESKTOP-C332RF6$,SYSTEM,DESKTOP-C332RF6,Negotiate,5,LogOn,Success
2026-04-17T21:48:31.630Z,DESKTOP-C332RF6$,SYSTEM,DESKTOP-C332RF6,Negotiate,5,LogOn,Success
2026-04-17T21:55:34.974Z,DESKTOP-C332RF6$,SYSTEM,DESKTOP-C332RF6,Negotiate,5,LogOn,Success
2026-04-17T21:55:35.033Z,DESKTOP-C332RF6$,SYSTEM,DESKTOP-C332RF6,Negotiate,5,LogOn,Success
2026-04-17T22:03:07.011Z,DESKTOP-C332RF6$,SYSTEM,DESKTOP-C332RF6,Negotiate,5,LogOn,Success
2026-04-17T22:03:07.448Z,DESKTOP-C332RF6$,SYSTEM,DESKTOP-C332RF6,Negotiate,5,LogOn,Success
2026-04-17T22:06:08.314Z,DESKTOP-C332RF6$,SYSTEM,DESKTOP-C332RF6,Negotiate,5,LogOn,Success
2026-04-17T22:10:52.377Z,DESKTOP-C332RF6$,SYSTEM,DESKTOP-C332RF6,Negotiate,5,LogOn,Success
2026-04-17T22:18:56.432Z,DESKTOP-C332RF6$,SYSTEM,DESKTOP-C332RF6,Negotiate,5,LogOn,Success
2026-04-17T22:18:56.479Z,DESKTOP-C332RF6$,SYSTEM,DESKTOP-C332RF6,Negotiate,5,LogOn,Success
2026-04-17T22:22:32.685Z,DESKTOP-C332RF6$,SYSTEM,DESKTOP-C332RF6,Negotiate,5,LogOn,Success
2026-04-17T22:26:06.451Z,DESKTOP-C332RF6$,SYSTEM,DESKTOP-C332RF6,Negotiate,5,LogOn,Success
2026-04-17T22:28:03.381Z,DESKTOP-C332RF6$,SYSTEM,DESKTOP-C332RF6,Negotiate,5,LogOn,Success
2026-04-17T22:36:51.963Z,DESKTOP-C332RF6$,SYSTEM,DESKTOP-C332RF6,Negotiate,5,LogOn,Success
2026-04-17T22:36:57.092Z,DESKTOP-C332RF6$,SYSTEM,DESKTOP-C332RF6,Negotiate,5,LogOn,Success
2026-04-17T22:36:58.022Z,DESKTOP-C332RF6$,SYSTEM,DESKTOP-C332RF6,Negotiate,5,LogOn,Success
2026-04-17T22:40:07.260Z,DESKTOP-C332RF6$,SYSTEM,DESKTOP-C332RF6,Negotiate,5,LogOn,Success
2026-04-17T22:40:18.507Z,DESKTOP-C332RF6$,SYSTEM,DESKTOP-C332RF6,Negotiate,5,LogOn,Success
2026-04-17T22:40:38.877Z,DESKTOP-C332RF6$,SYSTEM,DESKTOP-C332RF6,Negotiate,5,LogOn,Success
2026-04-17T22:40:38.971Z,DESKTOP-C332RF6$,SYSTEM,DESKTOP-C332RF6,Negotiate,5,LogOn,Success
2026-04-17T22:40:39.946Z,DESKTOP-C332RF6$,SYSTEM,DESKTOP-C332RF6,Negotiate,5,LogOn,Success
2026-04-17T22:44:44.288Z,DESKTOP-C332RF6$,SYSTEM,DESKTOP-C332RF6,Negotiate,5,LogOn,Success
2026-04-17T23:06:45.354Z,DESKTOP-C332RF6$,SYSTEM,DESKTOP-C332RF6,Negotiate,5,LogOn,Success
2026-04-17T23:22:32.970Z,DESKTOP-C332RF6$,SYSTEM,DESKTOP-C332RF6,Negotiate,5,LogOn,Success
2026-04-17T23:36:52.511Z,DESKTOP-C332RF6$,SYSTEM,DESKTOP-C332RF6,Negotiate,5,LogOn,Success
2026-04-17T23:40:17.297Z,DESKTOP-C332RF6$,SYSTEM,DESKTOP-C332RF6,Negotiate,5,LogOn,Success
2026-04-18T00:03:29.574Z,DESKTOP-C332RF6$,SYSTEM,DESKTOP-C332RF6,Negotiate,5,LogOn,Success
2026-04-18T00:03:37.804Z,DESKTOP-C332RF6$,UMFD-108,DESKTOP-C332RF6,Negotiate,2,LogOn,Success
2026-04-18T00:03:37.843Z,DESKTOP-C332RF6$,SYSTEM,DESKTOP-C332RF6,Negotiate,5,LogOn,Success
2026-04-18T00:03:37.843Z,DESKTOP-C332RF6$,DWM-108,DESKTOP-C332RF6,Negotiate,2,LogOn,Success
2026-04-18T00:03:37.843Z,DESKTOP-C332RF6$,DWM-108,DESKTOP-C332RF6,Negotiate,2,LogOn,Success
2026-04-18T00:03:37.920Z,DESKTOP-C332RF6$,SYSTEM,DESKTOP-C332RF6,Negotiate,5,LogOn,Success
2026-04-18T00:03:38.099Z,DESKTOP-C332RF6$,SYSTEM,DESKTOP-C332RF6,Negotiate,5,LogOn,Success
2026-04-18T00:03:42.500Z,DESKTOP-C332RF6$,SYSTEM,DESKTOP-C332RF6,Negotiate,5,LogOn,Success
2026-04-18T00:03:42.603Z,,UMFD-107,DESKTOP-C332RF6,,2,LogOff,LogOff
2026-04-18T00:03:43.875Z,DESKTOP-C332RF6$,SYSTEM,DESKTOP-C332RF6,Negotiate,5,LogOn,Success
2026-04-18T09:05:09.634Z,,DWM-107,DESKTOP-C332RF6,,2,LogOff,LogOff
2026-04-18T09:05:09.634Z,,DWM-107,DESKTOP-C332RF6,,2,LogOff,LogOff
2026-04-18T09:05:12.129Z,DESKTOP-C332RF6$,PC,DESKTOP-C332RF6,Negotiate,2,LogOn,Success
2026-04-18T09:05:12.129Z,DESKTOP-C332RF6$,PC,DESKTOP-C332RF6,Negotiate,2,LogOn,Success
2026-04-18T09:05:12.808Z,DESKTOP-C332RF6$,SYSTEM,DESKTOP-C332RF6,Negotiate,5,LogOn,Success
2026-04-18T09:05:16.675Z,DESKTOP-C332RF6$,SYSTEM,DESKTOP-C332RF6,Negotiate,5,LogOn,Success
2026-04-18T09:05:17.195Z,DESKTOP-C332RF6$,SYSTEM,DESKTOP-C332RF6,Negotiate,5,LogOn,Success
2026-04-18T09:05:26.781Z,DESKTOP-C332RF6$,SYSTEM,DESKTOP-C332RF6,Negotiate,5,LogOn,Success
2026-04-18T09:06:20.475Z,DESKTOP-C332RF6$,SYSTEM,DESKTOP-C332RF6,Negotiate,5,LogOn,Success
2026-04-18T09:10:05.913Z,DESKTOP-C332RF6$,SYSTEM,DESKTOP-C332RF6,Negotiate,5,LogOn,Success
2026-04-18T09:14:41.910Z,DESKTOP-C332RF6$,SYSTEM,DESKTOP-C332RF6,Negotiate,5,LogOn,Success
2026-04-18T09:15:12.192Z,DESKTOP-C332RF6$,SYSTEM,DESKTOP-C332RF6,Negotiate,5,LogOn,Success
2026-04-18T09:20:13.700Z,DESKTOP-C332RF6$,SYSTEM,DESKTOP-C332RF6,Negotiate,5,LogOn,Success
2026-04-18T09:23:12.924Z,DESKTOP-C332RF6$,SYSTEM,DESKTOP-C332RF6,Negotiate,5,LogOn,Success
2026-04-18T09:25:21.085Z,DESKTOP-C332RF6$,SYSTEM,DESKTOP-C332RF6,Negotiate,5,LogOn,Success
2026-04-18T09:25:21.163Z,DESKTOP-C332RF6$,SYSTEM,DESKTOP-C332RF6,Negotiate,5,LogOn,Success
2026-04-18T09:30:11.197Z,DESKTOP-C332RF6$,SYSTEM,DESKTOP-C332RF6,Negotiate,5,LogOn,Success
2026-04-18T09:35:39.438Z,DESKTOP-C332RF6$,SYSTEM,DESKTOP-C332RF6,Negotiate,5,LogOn,Success
2026-04-18T09:45:22.976Z,DESKTOP-C332RF6$,SYSTEM,DESKTOP-C332RF6,Negotiate,5,LogOn,Success
2026-04-18T09:45:23.101Z,DESKTOP-C332RF6$,SYSTEM,DESKTOP-C332RF6,Negotiate,5,LogOn,Success
2026-04-18T09:50:32.819Z,DESKTOP-C332RF6$,SYSTEM,DESKTOP-C332RF6,Negotiate,5,LogOn,Success
2026-04-18T09:58:32.800Z,DESKTOP-C332RF6$,SYSTEM,DESKTOP-C332RF6,Negotiate,5,LogOn,Success
2026-04-18T09:58:34.562Z,DESKTOP-C332RF6$,SYSTEM,DESKTOP-C332RF6,Negotiate,5,LogOn,Success
2026-04-18T10:06:44.695Z,DESKTOP-C332RF6$,SYSTEM,DESKTOP-C332RF6,Negotiate,5,LogOn,Success
2026-04-18T10:20:22.351Z,DESKTOP-C332RF6$,SYSTEM,DESKTOP-C332RF6,Negotiate,5,LogOn,Success
2026-04-18T10:20:23.642Z,DESKTOP-C332RF6$,SYSTEM,DESKTOP-C332RF6,Negotiate,5,LogOn,Success
2026-04-18T10:33:15.924Z,DESKTOP-C332RF6$,SYSTEM,DESKTOP-C332RF6,Negotiate,5,LogOn,Success
2026-04-18T10:35:28.918Z,DESKTOP-C332RF6$,SYSTEM,DESKTOP-C332RF6,Negotiate,5,LogOn,Success
2026-04-18T10:39:37.555Z,DESKTOP-C332RF6$,SYSTEM,DESKTOP-C332RF6,Negotiate,5,LogOn,Success
2026-04-18T10:46:54.251Z,DESKTOP-C332RF6$,SYSTEM,DESKTOP-C332RF6,Negotiate,5,LogOn,Success
2026-04-18T10:46:54.310Z,DESKTOP-C332RF6$,SYSTEM,DESKTOP-C332RF6,Negotiate,5,LogOn,Success
2026-04-18T10:50:38.424Z,DESKTOP-C332RF6$,SYSTEM,DESKTOP-C332RF6,Negotiate,5,LogOn,Success
2026-04-18T10:55:32.542Z,DESKTOP-C332RF6$,SYSTEM,DESKTOP-C332RF6,Negotiate,5,LogOn,Success
2026-04-18T10:55:48.234Z,DESKTOP-C332RF6$,SYSTEM,DESKTOP-C332RF6,Negotiate,5,LogOn,Success
2026-04-18T10:59:56.638Z,DESKTOP-C332RF6$,SYSTEM,DESKTOP-C332RF6,Negotiate,5,LogOn,Success
2026-04-18T11:03:53.242Z,DESKTOP-C332RF6$,SYSTEM,DESKTOP-C332RF6,Negotiate,5,LogOn,Success
2026-04-18T11:04:50.162Z,DESKTOP-C332RF6$,SYSTEM,DESKTOP-C332RF6,Negotiate,5,LogOn,Success
2026-04-18T11:05:13.474Z,DESKTOP-C332RF6$,SYSTEM,DESKTOP-C332RF6,Negotiate,5,LogOn,Success
2026-04-18T11:05:13.539Z,DESKTOP-C332RF6$,SYSTEM,DESKTOP-C332RF6,Negotiate,5,LogOn,Success
2026-04-18T11:05:19.167Z,DESKTOP-C332RF6$,SYSTEM,DESKTOP-C332RF6,Negotiate,5,LogOn,Success
2026-04-18T11:11:47.531Z,DESKTOP-C332RF6$,SYSTEM,DESKTOP-C332RF6,Negotiate,5,LogOn,Success
2026-04-18T11:20:23.776Z,DESKTOP-C332RF6$,SYSTEM,DESKTOP-C332RF6,Negotiate,5,LogOn,Success
2026-04-18T11:23:54.844Z,DESKTOP-C332RF6$,SYSTEM,DESKTOP-C332RF6,Negotiate,5,LogOn,Success
2026-04-18T11:24:15.286Z,DESKTOP-C332RF6$,SYSTEM,DESKTOP-C332RF6,Negotiate,5,LogOn,Success
2026-04-18T11:24:15.463Z,DESKTOP-C332RF6$,SYSTEM,DESKTOP-C332RF6,Negotiate,5,LogOn,Success
2026-04-18T11:24:16.390Z,DESKTOP-C332RF6$,SYSTEM,DESKTOP-C332RF6,Negotiate,5,LogOn,Success
2026-04-18T11:34:02.915Z,DESKTOP-C332RF6$,SYSTEM,DESKTOP-C332RF6,Negotiate,5,LogOn,Success
2026-04-18T11:34:37.802Z,DESKTOP-C332RF6$,SYSTEM,DESKTOP-C332RF6,Negotiate,5,LogOn,Success
2026-04-18T11:34:38.749Z,DESKTOP-C332RF6$,SYSTEM,DESKTOP-C332RF6,Negotiate,5,LogOn,Success
2026-04-18T11:35:29.107Z,DESKTOP-C332RF6$,SYSTEM,DESKTOP-C332RF6,Negotiate,5,LogOn,Success
2026-04-18T11:40:07.417Z,DESKTOP-C332RF6$,SYSTEM,DESKTOP-C332RF6,Negotiate,5,LogOn,Success
2026-04-18T12:06:45.311Z,DESKTOP-C332RF6$,SYSTEM,DESKTOP-C332RF6,Negotiate,5,LogOn,Success
2026-04-18T12:23:57.900Z,DESKTOP-C332RF6$,SYSTEM,DESKTOP-C332RF6,Negotiate,5,LogOn,Success
2026-04-18T12:35:39.131Z,DESKTOP-C332RF6$,SYSTEM,DESKTOP-C332RF6,Negotiate,5,LogOn,Success
2026-04-18T12:40:07.654Z,DESKTOP-C332RF6$,SYSTEM,DESKTOP-C332RF6,Negotiate,5,LogOn,Success
2026-04-18T12:44:40.600Z,DESKTOP-C332RF6$,SYSTEM,DESKTOP-C332RF6,Negotiate,5,LogOn,Success
2026-04-18T12:53:53.273Z,DESKTOP-C332RF6$,SYSTEM,DESKTOP-C332RF6,Negotiate,5,LogOn,Success
2026-04-18T12:53:59.882Z,DESKTOP-C332RF6$,SYSTEM,DESKTOP-C332RF6,Negotiate,5,LogOn,Success
2026-04-18T12:54:00.536Z,DESKTOP-C332RF6$,SYSTEM,DESKTOP-C332RF6,Negotiate,5,LogOn,Success
2026-04-18T12:54:00.896Z,DESKTOP-C332RF6$,SYSTEM,DESKTOP-C332RF6,Negotiate,5,LogOn,Success
2026-04-18T12:54:03.496Z,DESKTOP-C332RF6$,SYSTEM,DESKTOP-C332RF6,Negotiate,5,LogOn,Success
2026-04-18T12:54:04.940Z,DESKTOP-C332RF6$,SYSTEM,DESKTOP-C332RF6,Negotiate,5,LogOn,Success
2026-04-18T13:06:45.275Z,DESKTOP-C332RF6$,SYSTEM,DESKTOP-C332RF6,Negotiate,5,LogOn,Success
2026-04-18T13:10:16.524Z,DESKTOP-C332RF6$,SYSTEM,DESKTOP-C332RF6,Negotiate,5,LogOn,Success
2026-04-18T13:10:16.618Z,DESKTOP-C332RF6$,SYSTEM,DESKTOP-C332RF6,Negotiate,5,LogOn,Success
2026-04-18T13:12:03.378Z,DESKTOP-C332RF6$,SYSTEM,DESKTOP-C332RF6,Negotiate,5,LogOn,Success
2026-04-18T13:12:04.721Z,DESKTOP-C332RF6$,SYSTEM,DESKTOP-C332RF6,Negotiate,5,LogOn,Success
2026-04-18T13:23:58.091Z,DESKTOP-C332RF6$,SYSTEM,DESKTOP-C332RF6,Negotiate,5,LogOn,Success
2026-04-18T13:27:08.790Z,DESKTOP-C332RF6$,SYSTEM,DESKTOP-C332RF6,Negotiate,5,LogOn,Success
2026-04-18T13:40:10.620Z,DESKTOP-C332RF6$,SYSTEM,DESKTOP-C332RF6,Negotiate,5,LogOn,Success
2026-04-18T14:24:21.288Z,DESKTOP-C332RF6$,SYSTEM,DESKTOP-C332RF6,Negotiate,5,LogOn,Success
2026-04-18T14:40:30.878Z,DESKTOP-C332RF6$,SYSTEM,DESKTOP-C332RF6,Negotiate,5,LogOn,Success
2026-04-18T15:24:21.487Z,DESKTOP-C332RF6$,SYSTEM,DESKTOP-C332RF6,Negotiate,5,LogOn,Success
2026-04-18T15:40:21.032Z,DESKTOP-C332RF6$,SYSTEM,DESKTOP-C332RF6,Negotiate,5,LogOn,Success
2026-04-18T15:51:30.097Z,DESKTOP-C332RF6$,SYSTEM,DESKTOP-C332RF6,Negotiate,5,LogOn,Success
2026-04-18T15:51:30.193Z,DESKTOP-C332RF6$,SYSTEM,DESKTOP-C332RF6,Negotiate,5,LogOn,Success
2026-04-18T15:51:30.605Z,DESKTOP-C332RF6$,SYSTEM,DESKTOP-C332RF6,Negotiate,5,LogOn,Success
2026-04-18T15:51:30.700Z,DESKTOP-C332RF6$,SYSTEM,DESKTOP-C332RF6,Negotiate,5,LogOn,Success
2026-04-18T15:51:31.673Z,DESKTOP-C332RF6$,SYSTEM,DESKTOP-C332RF6,Negotiate,5,LogOn,Success
2026-04-18T15:51:31.790Z,DESKTOP-C332RF6$,SYSTEM,DESKTOP-C332RF6,Negotiate,5,LogOn,Success
2026-04-18T15:54:01.089Z,DESKTOP-C332RF6$,PC,DESKTOP-C332RF6,Negotiate,2,LogOn,Success
2026-04-18T15:54:01.089Z,DESKTOP-C332RF6$,PC,DESKTOP-C332RF6,Negotiate,2,LogOn,Success
2026-04-18T15:54:01.090Z,,PC,DESKTOP-C332RF6,,2,LogOff,LogOff
2026-04-18T15:54:01.090Z,,PC,DESKTOP-C332RF6,,2,LogOff,LogOff
2026-04-18T15:54:01.114Z,DESKTOP-C332RF6$,SYSTEM,DESKTOP-C332RF6,Negotiate,5,LogOn,Success
2026-04-18T15:54:18.816Z,DESKTOP-C332RF6$,SYSTEM,DESKTOP-C332RF6,Negotiate,5,LogOn,Success
2026-04-18T15:54:19.200Z,DESKTOP-C332RF6$,SYSTEM,DESKTOP-C332RF6,Negotiate,5,LogOn,Success
2026-04-18T16:03:18.197Z,DESKTOP-C332RF6$,SYSTEM,DESKTOP-C332RF6,Negotiate,5,LogOn,Success
2026-04-18T16:10:05.175Z,DESKTOP-C332RF6$,SYSTEM,DESKTOP-C332RF6,Negotiate,5,LogOn,Success
2026-04-18T16:11:38.095Z,DESKTOP-C332RF6$,SYSTEM,DESKTOP-C332RF6,Negotiate,5,LogOn,Success
2026-04-18T16:20:22.348Z,DESKTOP-C332RF6$,SYSTEM,DESKTOP-C332RF6,Negotiate,5,LogOn,Success
2026-04-18T16:20:23.263Z,DESKTOP-C332RF6$,SYSTEM,DESKTOP-C332RF6,Negotiate,5,LogOn,Success
2026-04-18T16:31:31.730Z,DESKTOP-C332RF6$,SYSTEM,DESKTOP-C332RF6,Negotiate,5,LogOn,Success
2026-04-18T16:31:31.935Z,DESKTOP-C332RF6$,SYSTEM,DESKTOP-C332RF6,Negotiate,5,LogOn,Success
2026-04-18T16:35:22.349Z,DESKTOP-C332RF6$,SYSTEM,DESKTOP-C332RF6,Negotiate,5,LogOn,Success
2026-04-18T16:35:23.345Z,DESKTOP-C332RF6$,SYSTEM,DESKTOP-C332RF6,Negotiate,5,LogOn,Success
2026-04-18T16:50:23.756Z,DESKTOP-C332RF6$,SYSTEM,DESKTOP-C332RF6,Negotiate,5,LogOn,Success
2026-04-18T16:50:24.935Z,DESKTOP-C332RF6$,SYSTEM,DESKTOP-C332RF6,Negotiate,5,LogOn,Success
2026-04-18T17:06:44.925Z,DESKTOP-C332RF6$,SYSTEM,DESKTOP-C332RF6,Negotiate,5,LogOn,Success
2026-04-18T17:14:34.750Z,DESKTOP-C332RF6$,SYSTEM,DESKTOP-C332RF6,Negotiate,5,LogOn,Success
2026-04-18T17:20:22.332Z,DESKTOP-C332RF6$,SYSTEM,DESKTOP-C332RF6,Negotiate,5,LogOn,Success
2026-04-18T17:28:46.583Z,DESKTOP-C332RF6$,SYSTEM,DESKTOP-C332RF6,Negotiate,5,LogOn,Success
2026-04-18T17:32:45.164Z,DESKTOP-C332RF6$,SYSTEM,DESKTOP-C332RF6,Negotiate,5,LogOn,Success
2026-04-18T17:32:46.536Z,DESKTOP-C332RF6$,SYSTEM,DESKTOP-C332RF6,Negotiate,5,LogOn,Success
2026-04-18T17:32:46.678Z,DESKTOP-C332RF6$,SYSTEM,DESKTOP-C332RF6,Negotiate,5,LogOn,Success
2026-04-18T17:35:28.603Z,DESKTOP-C332RF6$,SYSTEM,DESKTOP-C332RF6,Negotiate,5,LogOn,Success
2026-04-18T17:40:56.004Z,DESKTOP-C332RF6$,SYSTEM,DESKTOP-C332RF6,Negotiate,5,LogOn,Success
2026-04-18T17:50:38.415Z,DESKTOP-C332RF6$,SYSTEM,DESKTOP-C332RF6,Negotiate,5,LogOn,Success
2026-04-18T17:50:40.007Z,DESKTOP-C332RF6$,SYSTEM,DESKTOP-C332RF6,Negotiate,5,LogOn,Success
2026-04-18T17:56:06.155Z,DESKTOP-C332RF6$,SYSTEM,DESKTOP-C332RF6,Negotiate,5,LogOn,Success
2026-04-18T17:56:06.278Z,DESKTOP-C332RF6$,SYSTEM,DESKTOP-C332RF6,Negotiate,5,LogOn,Success
2026-04-18T18:01:19.433Z,DESKTOP-C332RF6$,SYSTEM,DESKTOP-C332RF6,Negotiate,5,LogOn,Success
2026-04-18T18:06:25.411Z,DESKTOP-C332RF6$,SYSTEM,DESKTOP-C332RF6,Negotiate,5,LogOn,Success
2026-04-18T18:08:39.802Z,DESKTOP-C332RF6$,SYSTEM,DESKTOP-C332RF6,Negotiate,5,LogOn,Success
2026-04-18T18:10:42.716Z,DESKTOP-C332RF6$,SYSTEM,DESKTOP-C332RF6,Negotiate,5,LogOn,Success
2026-04-18T18:10:42.743Z,DESKTOP-C332RF6$,SYSTEM,DESKTOP-C332RF6,Negotiate,5,LogOn,Success
2026-04-18T18:10:42.853Z,DESKTOP-C332RF6$,SYSTEM,DESKTOP-C332RF6,Negotiate,5,LogOn,Success
2026-04-18T18:24:42.048Z,DESKTOP-C332RF6$,SYSTEM,DESKTOP-C332RF6,Negotiate,5,LogOn,Success
2026-04-18T18:30:03.256Z,DESKTOP-C332RF6$,SYSTEM,DESKTOP-C332RF6,Negotiate,5,LogOn,Success
2026-04-18T18:30:05.313Z,DESKTOP-C332RF6$,SYSTEM,DESKTOP-C332RF6,Negotiate,5,LogOn,Success
2026-04-18T18:30:06.016Z,DESKTOP-C332RF6$,SYSTEM,DESKTOP-C332RF6,Negotiate,5,LogOn,Success
2026-04-18T18:30:06.406Z,DESKTOP-C332RF6$,SYSTEM,DESKTOP-C332RF6,Negotiate,5,LogOn,Success
2026-04-18T18:30:06.406Z,DESKTOP-C332RF6$,SYSTEM,DESKTOP-C332RF6,Negotiate,5,LogOn,Success
2026-04-18T18:30:25.844Z,DESKTOP-C332RF6$,SYSTEM,DESKTOP-C332RF6,Negotiate,5,LogOn,Success
2026-04-18T18:30:26.602Z,DESKTOP-C332RF6$,SYSTEM,DESKTOP-C332RF6,Negotiate,5,LogOn,Success
2026-04-18T18:30:27.585Z,DESKTOP-C332RF6$,SYSTEM,DESKTOP-C332RF6,Negotiate,5,LogOn,Success
2026-04-18T18:40:34.779Z,DESKTOP-C332RF6$,SYSTEM,DESKTOP-C332RF6,Negotiate,5,LogOn,Success
2026-04-18T18:50:38.377Z,DESKTOP-C332RF6$,SYSTEM,DESKTOP-C332RF6,Negotiate,5,LogOn,Success
2026-04-18T18:50:39.309Z,DESKTOP-C332RF6$,SYSTEM,DESKTOP-C332RF6,Negotiate,5,LogOn,Success
2026-04-18T19:06:44.933Z,DESKTOP-C332RF6$,SYSTEM,DESKTOP-C332RF6,Negotiate,5,LogOn,Success
2026-04-18T19:20:22.332Z,DESKTOP-C332RF6$,SYSTEM,DESKTOP-C332RF6,Negotiate,5,LogOn,Success
2026-04-18T19:20:23.404Z,DESKTOP-C332RF6$,SYSTEM,DESKTOP-C332RF6,Negotiate,5,LogOn,Success
2026-04-18T19:20:24.167Z,DESKTOP-C332RF6$,SYSTEM,DESKTOP-C332RF6,Negotiate,5,LogOn,Success
2026-04-18T19:25:12.323Z,DESKTOP-C332RF6$,SYSTEM,DESKTOP-C332RF6,Negotiate,5,LogOn,Success
2026-04-18T20:01:57.426Z,DESKTOP-C332RF6$,SYSTEM,DESKTOP-C332RF6,Negotiate,5,LogOn,Success
2026-04-18T20:02:00.039Z,DESKTOP-C332RF6$,SYSTEM,DESKTOP-C332RF6,Negotiate,5,LogOn,Success
2026-04-18T20:02:00.923Z,DESKTOP-C332RF6$,SYSTEM,DESKTOP-C332RF6,Negotiate,5,LogOn,Success
2026-04-18T20:09:13.833Z,DESKTOP-C332RF6$,SYSTEM,DESKTOP-C332RF6,Negotiate,5,LogOn,Success
2026-04-18T20:20:22.324Z,DESKTOP-C332RF6$,SYSTEM,DESKTOP-C332RF6,Negotiate,5,LogOn,Success
2026-04-18T20:20:23.177Z,DESKTOP-C332RF6$,SYSTEM,DESKTOP-C332RF6,Negotiate,5,LogOn,Success
2026-04-18T20:25:48.328Z,DESKTOP-C332RF6$,SYSTEM,DESKTOP-C332RF6,Negotiate,5,LogOn,Success
2026-04-18T20:35:27.519Z,DESKTOP-C332RF6$,SYSTEM,DESKTOP-C332RF6,Negotiate,5,LogOn,Success
2026-04-18T20:35:28.869Z,DESKTOP-C332RF6$,SYSTEM,DESKTOP-C332RF6,Negotiate,5,LogOn,Success
2026-04-18T20:50:38.408Z,DESKTOP-C332RF6$,SYSTEM,DESKTOP-C332RF6,Negotiate,5,LogOn,Success
2026-04-18T20:50:39.557Z,DESKTOP-C332RF6$,SYSTEM,DESKTOP-C332RF6,Negotiate,5,LogOn,Success
2026-04-18T20:51:32.104Z,DESKTOP-C332RF6$,SYSTEM,DESKTOP-C332RF6,Negotiate,5,LogOn,Success
2026-04-18T20:53:29.296Z,DESKTOP-C332RF6$,SYSTEM,DESKTOP-C332RF6,Negotiate,5,LogOn,Success
2026-04-18T21:06:45.345Z,DESKTOP-C332RF6$,SYSTEM,DESKTOP-C332RF6,Negotiate,5,LogOn,Success
2026-04-18T21:09:06.458Z,DESKTOP-C332RF6$,SYSTEM,DESKTOP-C332RF6,Negotiate,5,LogOn,Success
2026-04-18T21:19:01.281Z,DESKTOP-C332RF6$,SYSTEM,DESKTOP-C332RF6,Negotiate,5,LogOn,Success
2026-04-18T21:19:01.695Z,DESKTOP-C332RF6$,SYSTEM,DESKTOP-C332RF6,Negotiate,5,LogOn,Success
2026-04-18T21:20:08.197Z,DESKTOP-C332RF6$,SYSTEM,DESKTOP-C332RF6,Negotiate,5,LogOn,Success
2026-04-18T21:24:42.628Z,DESKTOP-C332RF6$,SYSTEM,DESKTOP-C332RF6,Negotiate,5,LogOn,Success
2026-04-18T21:28:43.306Z,DESKTOP-C332RF6$,SYSTEM,DESKTOP-C332RF6,Negotiate,5,LogOn,Success
2026-04-18T21:33:05.273Z,DESKTOP-C332RF6$,SYSTEM,DESKTOP-C332RF6,Negotiate,5,LogOn,Success
2026-04-18T21:33:06.727Z,DESKTOP-C332RF6$,SYSTEM,DESKTOP-C332RF6,Negotiate,5,LogOn,Success
2026-04-18T22:06:44.873Z,DESKTOP-C332RF6$,SYSTEM,DESKTOP-C332RF6,Negotiate,5,LogOn,Success
2026-04-18T22:20:08.500Z,DESKTOP-C332RF6$,SYSTEM,DESKTOP-C332RF6,Negotiate,5,LogOn,Success
2026-04-18T22:20:09.307Z,DESKTOP-C332RF6$,SYSTEM,DESKTOP-C332RF6,Negotiate,5,LogOn,Success
2026-04-18T22:24:42.878Z,DESKTOP-C332RF6$,SYSTEM,DESKTOP-C332RF6,Negotiate,5,LogOn,Success
2026-04-18T22:28:53.344Z,DESKTOP-C332RF6$,SYSTEM,DESKTOP-C332RF6,Negotiate,5,LogOn,Success
2026-04-18T22:45:30.660Z,DESKTOP-C332RF6$,SYSTEM,DESKTOP-C332RF6,Negotiate,5,LogOn,Success
2026-04-18T22:45:31.788Z,DESKTOP-C332RF6$,SYSTEM,DESKTOP-C332RF6,Negotiate,5,LogOn,Success
2026-04-18T22:47:35.107Z,DESKTOP-C332RF6$,SYSTEM,DESKTOP-C332RF6,Negotiate,5,LogOn,Success
2026-04-18T23:02:39.334Z,DESKTOP-C332RF6$,SYSTEM,DESKTOP-C332RF6,Negotiate,5,LogOn,Success
2026-04-18T23:20:36.957Z,DESKTOP-C332RF6$,SYSTEM,DESKTOP-C332RF6,Negotiate,5,LogOn,Success
2026-04-18T23:24:43.093Z,DESKTOP-C332RF6$,SYSTEM,DESKTOP-C332RF6,Negotiate,5,LogOn,Success
2026-04-18T23:45:49.392Z,DESKTOP-C332RF6$,SYSTEM,DESKTOP-C332RF6,Negotiate,5,LogOn,Success
2026-04-18T23:45:49.702Z,DESKTOP-C332RF6$,SYSTEM,DESKTOP-C332RF6,Negotiate,5,LogOn,Success
2026-04-18T23:45:51.353Z,DESKTOP-C332RF6$,SYSTEM,DESKTOP-C332RF6,Negotiate,5,LogOn,Success
2026-04-18T23:45:51.590Z,DESKTOP-C332RF6$,SYSTEM,DESKTOP-C332RF6,Negotiate,5,LogOn,Success
2026-04-18T23:45:52.138Z,DESKTOP-C332RF6$,SYSTEM,DESKTOP-C332RF6,Negotiate,5,LogOn,Success
2026-04-18T23:45:52.391Z,DESKTOP-C332RF6$,SYSTEM,DESKTOP-C332RF6,Negotiate,5,LogOn,Success
2026-04-18T23:45:52.548Z,DESKTOP-C332RF6$,SYSTEM,DESKTOP-C332RF6,Negotiate,5,LogOn,Success
2026-04-18T23:45:53.250Z,DESKTOP-C332RF6$,SYSTEM,DESKTOP-C332RF6,Negotiate,5,LogOn,Success
2026-04-18T23:45:53.544Z,DESKTOP-C332RF6$,PC,DESKTOP-C332RF6,Negotiate,2,LogOn,Success
2026-04-18T23:45:53.544Z,DESKTOP-C332RF6$,PC,DESKTOP-C332RF6,Negotiate,2,LogOn,Success
2026-04-18T23:45:53.545Z,,PC,DESKTOP-C332RF6,,2,LogOff,LogOff
2026-04-18T23:45:53.546Z,,PC,DESKTOP-C332RF6,,2,LogOff,LogOff
2026-04-18T23:50:49.769Z,DESKTOP-C332RF6$,UMFD-109,DESKTOP-C332RF6,Negotiate,2,LogOn,Success
2026-04-18T23:50:49.832Z,DESKTOP-C332RF6$,DWM-109,DESKTOP-C332RF6,Negotiate,2,LogOn,Success
2026-04-18T23:50:49.832Z,DESKTOP-C332RF6$,DWM-109,DESKTOP-C332RF6,Negotiate,2,LogOn,Success
2026-04-18T23:50:49.893Z,DESKTOP-C332RF6$,SYSTEM,DESKTOP-C332RF6,Negotiate,5,LogOn,Success
2026-04-18T23:50:50.221Z,DESKTOP-C332RF6$,SYSTEM,DESKTOP-C332RF6,Negotiate,5,LogOn,Success
2026-04-18T23:50:51.034Z,DESKTOP-C332RF6$,SYSTEM,DESKTOP-C332RF6,Negotiate,5,LogOn,Success
2026-04-18T23:50:54.846Z,,UMFD-108,DESKTOP-C332RF6,,2,LogOff,LogOff
2026-04-18T23:50:54.925Z,DESKTOP-C332RF6$,SYSTEM,DESKTOP-C332RF6,Negotiate,5,LogOn,Success
2026-04-18T23:50:56.359Z,,DWM-108,DESKTOP-C332RF6,,2,LogOff,LogOff
2026-04-18T23:50:56.359Z,,DWM-108,DESKTOP-C332RF6,,2,LogOff,LogOff
2026-04-18T23:50:56.734Z,DESKTOP-C332RF6$,SYSTEM,DESKTOP-C332RF6,Negotiate,5,LogOn,Success
2026-04-19T08:34:44.101Z,DESKTOP-C332RF6$,PC,DESKTOP-C332RF6,Negotiate,2,LogOn,Success
2026-04-19T08:34:44.101Z,DESKTOP-C332RF6$,PC,DESKTOP-C332RF6,Negotiate,2,LogOn,Success
2026-04-19T08:34:50.182Z,DESKTOP-C332RF6$,SYSTEM,DESKTOP-C332RF6,Negotiate,5,LogOn,Success
2026-04-19T08:34:50.661Z,DESKTOP-C332RF6$,SYSTEM,DESKTOP-C332RF6,Negotiate,5,LogOn,Success
2026-04-19T08:34:57.463Z,DESKTOP-C332RF6$,SYSTEM,DESKTOP-C332RF6,Negotiate,5,LogOn,Success
2026-04-19T08:36:29.960Z,DESKTOP-C332RF6$,SYSTEM,DESKTOP-C332RF6,Negotiate,5,LogOn,Success
2026-04-19T08:39:08.426Z,DESKTOP-C332RF6$,SYSTEM,DESKTOP-C332RF6,Negotiate,5,LogOn,Success
2026-04-19T08:39:52.141Z,DESKTOP-C332RF6$,SYSTEM,DESKTOP-C332RF6,Negotiate,5,LogOn,Success
2026-04-19T08:40:41.172Z,DESKTOP-C332RF6$,SYSTEM,DESKTOP-C332RF6,Negotiate,5,LogOn,Success
2026-04-19T08:40:41.219Z,DESKTOP-C332RF6$,SYSTEM,DESKTOP-C332RF6,Negotiate,5,LogOn,Success
2026-04-19T08:42:23.938Z,DESKTOP-C332RF6$,SYSTEM,DESKTOP-C332RF6,Negotiate,5,LogOn,Success
2026-04-19T08:42:33.860Z,DESKTOP-C332RF6$,SYSTEM,DESKTOP-C332RF6,Negotiate,5,LogOn,Success
2026-04-19T08:42:34.913Z,DESKTOP-C332RF6$,SYSTEM,DESKTOP-C332RF6,Negotiate,5,LogOn,Success
2026-04-19T08:44:40.638Z,DESKTOP-C332RF6$,SYSTEM,DESKTOP-C332RF6,Negotiate,5,LogOn,Success
2026-04-19T08:47:29.693Z,DESKTOP-C332RF6$,SYSTEM,DESKTOP-C332RF6,Negotiate,5,LogOn,Success
2026-04-19T08:49:45.577Z,DESKTOP-C332RF6$,SYSTEM,DESKTOP-C332RF6,Negotiate,5,LogOn,Success
2026-04-19T08:50:38.394Z,DESKTOP-C332RF6$,SYSTEM,DESKTOP-C332RF6,Negotiate,5,LogOn,Success
2026-04-19T08:53:51.603Z,DESKTOP-C332RF6$,SYSTEM,DESKTOP-C332RF6,Negotiate,5,LogOn,Success
2026-04-19T08:53:51.724Z,DESKTOP-C332RF6$,SYSTEM,DESKTOP-C332RF6,Negotiate,5,LogOn,Success
2026-04-19T08:58:12.902Z,DESKTOP-C332RF6$,SYSTEM,DESKTOP-C332RF6,Negotiate,5,LogOn,Success
2026-04-19T09:04:51.590Z,DESKTOP-C332RF6$,SYSTEM,DESKTOP-C332RF6,Negotiate,5,LogOn,Success
2026-04-19T09:06:44.902Z,DESKTOP-C332RF6$,SYSTEM,DESKTOP-C332RF6,Negotiate,5,LogOn,Success
2026-04-19T09:15:36.085Z,DESKTOP-C332RF6$,SYSTEM,DESKTOP-C332RF6,Negotiate,5,LogOn,Success
2026-04-19T09:23:13.216Z,DESKTOP-C332RF6$,SYSTEM,DESKTOP-C332RF6,Negotiate,5,LogOn,Success
2026-04-19T09:25:23.364Z,DESKTOP-C332RF6$,SYSTEM,DESKTOP-C332RF6,Negotiate,5,LogOn,Success
2026-04-19T09:25:23.572Z,DESKTOP-C332RF6$,SYSTEM,DESKTOP-C332RF6,Negotiate,5,LogOn,Success
2026-04-19T09:27:47.142Z,DESKTOP-C332RF6$,SYSTEM,DESKTOP-C332RF6,Negotiate,5,LogOn,Success
2026-04-19T09:33:41.843Z,DESKTOP-C332RF6$,SYSTEM,DESKTOP-C332RF6,Negotiate,5,LogOn,Success
2026-04-19T09:35:39.382Z,DESKTOP-C332RF6$,SYSTEM,DESKTOP-C332RF6,Negotiate,5,LogOn,Success
2026-04-19T09:40:48.903Z,DESKTOP-C332RF6$,SYSTEM,DESKTOP-C332RF6,Negotiate,5,LogOn,Success
2026-04-19T09:43:50.642Z,DESKTOP-C332RF6$,SYSTEM,DESKTOP-C332RF6,Negotiate,5,LogOn,Success
2026-04-19T09:47:46.458Z,DESKTOP-C332RF6$,SYSTEM,DESKTOP-C332RF6,Negotiate,5,LogOn,Success
2026-04-19T09:58:47.241Z,DESKTOP-C332RF6$,SYSTEM,DESKTOP-C332RF6,Negotiate,5,LogOn,Success
2026-04-19T09:58:47.344Z,DESKTOP-C332RF6$,SYSTEM,DESKTOP-C332RF6,Negotiate,5,LogOn,Success
2026-04-19T10:06:44.351Z,DESKTOP-C332RF6$,SYSTEM,DESKTOP-C332RF6,Negotiate,5,LogOn,Success
2026-04-19T10:09:09.960Z,DESKTOP-C332RF6$,SYSTEM,DESKTOP-C332RF6,Negotiate,5,LogOn,Success
2026-04-19T10:09:10.012Z,DESKTOP-C332RF6$,SYSTEM,DESKTOP-C332RF6,Negotiate,5,LogOn,Success
2026-04-19T10:21:38.187Z,DESKTOP-C332RF6$,SYSTEM,DESKTOP-C332RF6,Negotiate,5,LogOn,Success
2026-04-19T10:21:39.968Z,DESKTOP-C332RF6$,SYSTEM,DESKTOP-C332RF6,Negotiate,5,LogOn,Success
2026-04-19T10:22:34.321Z,DESKTOP-C332RF6$,SYSTEM,DESKTOP-C332RF6,Negotiate,5,LogOn,Success
2026-04-19T10:32:06.946Z,DESKTOP-C332RF6$,SYSTEM,DESKTOP-C332RF6,Negotiate,5,LogOn,Success
2026-04-19T10:32:33.541Z,DESKTOP-C332RF6$,SYSTEM,DESKTOP-C332RF6,Negotiate,5,LogOn,Success
2026-04-19T10:32:35.659Z,DESKTOP-C332RF6$,SYSTEM,DESKTOP-C332RF6,Negotiate,5,LogOn,Success
2026-04-19T10:32:49.271Z,DESKTOP-C332RF6$,SYSTEM,DESKTOP-C332RF6,Negotiate,5,LogOn,Success
2026-04-19T10:32:55.062Z,DESKTOP-C332RF6$,SYSTEM,DESKTOP-C332RF6,Negotiate,5,LogOn,Success
2026-04-19T10:41:10.293Z,DESKTOP-C332RF6$,SYSTEM,DESKTOP-C332RF6,Negotiate,5,LogOn,Success
2026-04-19T10:48:02.667Z,DESKTOP-C332RF6$,SYSTEM,DESKTOP-C332RF6,Negotiate,5,LogOn,Success
2026-04-19T10:55:57.643Z,DESKTOP-C332RF6$,SYSTEM,DESKTOP-C332RF6,Negotiate,5,LogOn,Success
2026-04-19T10:55:59.558Z,DESKTOP-C332RF6$,SYSTEM,DESKTOP-C332RF6,Negotiate,5,LogOn,Success
2026-04-19T10:55:59.674Z,DESKTOP-C332RF6$,SYSTEM,DESKTOP-C332RF6,Negotiate,5,LogOn,Success
2026-04-19T10:56:06.263Z,DESKTOP-C332RF6$,PC,DESKTOP-C332RF6,Negotiate,2,LogOn,Success
2026-04-19T10:56:06.263Z,DESKTOP-C332RF6$,PC,DESKTOP-C332RF6,Negotiate,2,LogOn,Success
2026-04-19T10:56:06.265Z,,PC,DESKTOP-C332RF6,,2,LogOff,LogOff
2026-04-19T10:56:06.265Z,,PC,DESKTOP-C332RF6,,2,LogOff,LogOff
2026-04-19T10:56:09.960Z,DESKTOP-C332RF6$,SYSTEM,DESKTOP-C332RF6,Negotiate,5,LogOn,Success
2026-04-19T10:56:13.908Z,DESKTOP-C332RF6$,SYSTEM,DESKTOP-C332RF6,Negotiate,5,LogOn,Success
2026-04-19T11:15:38.534Z,DESKTOP-C332RF6$,SYSTEM,DESKTOP-C332RF6,Negotiate,5,LogOn,Success
2026-04-19T11:29:30.048Z,DESKTOP-C332RF6$,SYSTEM,DESKTOP-C332RF6,Negotiate,5,LogOn,Success
2026-04-19T11:29:39.201Z,DESKTOP-C332RF6$,SYSTEM,DESKTOP-C332RF6,Negotiate,5,LogOn,Success
2026-04-19T11:30:00.569Z,DESKTOP-C332RF6$,SYSTEM,DESKTOP-C332RF6,Negotiate,5,LogOn,Success
2026-04-19T11:48:53.575Z,DESKTOP-C332RF6$,SYSTEM,DESKTOP-C332RF6,Negotiate,5,LogOn,Success
2026-04-19T11:48:55.405Z,DESKTOP-C332RF6$,SYSTEM,DESKTOP-C332RF6,Negotiate,5,LogOn,Success
2026-04-19T11:48:56.400Z,DESKTOP-C332RF6$,SYSTEM,DESKTOP-C332RF6,Negotiate,5,LogOn,Success
2026-04-19T11:49:07.691Z,DESKTOP-C332RF6$,SYSTEM,DESKTOP-C332RF6,Negotiate,5,LogOn,Success
2026-04-19T11:58:46.848Z,DESKTOP-C332RF6$,SYSTEM,DESKTOP-C332RF6,Negotiate,5,LogOn,Success
2026-04-19T12:01:38.270Z,DESKTOP-C332RF6$,SYSTEM,DESKTOP-C332RF6,Negotiate,5,LogOn,Success
2026-04-19T12:01:47.494Z,DESKTOP-C332RF6$,SYSTEM,DESKTOP-C332RF6,Negotiate,5,LogOn,Success
2026-04-19T12:02:14.012Z,DESKTOP-C332RF6$,SYSTEM,DESKTOP-C332RF6,Negotiate,5,LogOn,Success
2026-04-19T12:02:15.178Z,DESKTOP-C332RF6$,SYSTEM,DESKTOP-C332RF6,Negotiate,5,LogOn,Success
2026-04-19T12:02:16.650Z,DESKTOP-C332RF6$,SYSTEM,DESKTOP-C332RF6,Negotiate,5,LogOn,Success
2026-04-19T12:02:23.943Z,DESKTOP-C332RF6$,SYSTEM,DESKTOP-C332RF6,Negotiate,5,LogOn,Success
2026-04-19T12:02:24.514Z,DESKTOP-C332RF6$,SYSTEM,DESKTOP-C332RF6,Negotiate,5,LogOn,Success
2026-04-19T12:02:28.361Z,DESKTOP-C332RF6$,SYSTEM,DESKTOP-C332RF6,Negotiate,5,LogOn,Success
2026-04-19T12:02:43.043Z,DESKTOP-C332RF6$,SYSTEM,DESKTOP-C332RF6,Negotiate,5,LogOn,Success
2026-04-19T12:02:46.883Z,DESKTOP-C332RF6$,SYSTEM,DESKTOP-C332RF6,Negotiate,5,LogOn,Success
2026-04-19T12:10:44.098Z,DESKTOP-C332RF6$,SYSTEM,DESKTOP-C332RF6,Negotiate,5,LogOn,Success
2026-04-19T12:13:13.569Z,DESKTOP-C332RF6$,SYSTEM,DESKTOP-C332RF6,Negotiate,5,LogOn,Success
2026-04-19T12:55:28.108Z,DESKTOP-C332RF6$,SYSTEM,DESKTOP-C332RF6,Negotiate,5,LogOn,Success
2026-04-19T12:55:35.571Z,DESKTOP-C332RF6$,SYSTEM,DESKTOP-C332RF6,Negotiate,5,LogOn,Success
2026-04-19T13:26:04.094Z,DESKTOP-C332RF6$,SYSTEM,DESKTOP-C332RF6,Negotiate,5,LogOn,Success
2026-04-19T13:26:04.265Z,DESKTOP-C332RF6$,SYSTEM,DESKTOP-C332RF6,Negotiate,5,LogOn,Success
2026-04-19T13:26:08.422Z,DESKTOP-C332RF6$,PC,DESKTOP-C332RF6,Negotiate,2,LogOn,Success
2026-04-19T13:26:08.422Z,DESKTOP-C332RF6$,PC,DESKTOP-C332RF6,Negotiate,2,LogOn,Success
2026-04-19T13:26:08.423Z,,PC,DESKTOP-C332RF6,,2,LogOff,LogOff
2026-04-19T13:26:08.424Z,,PC,DESKTOP-C332RF6,,2,LogOff,LogOff
2026-04-19T13:26:11.704Z,DESKTOP-C332RF6$,SYSTEM,DESKTOP-C332RF6,Negotiate,5,LogOn,Success
2026-04-19T13:26:13.147Z,DESKTOP-C332RF6$,SYSTEM,DESKTOP-C332RF6,Negotiate,5,LogOn,Success
2026-04-19T13:27:07.315Z,DESKTOP-C332RF6$,SYSTEM,DESKTOP-C332RF6,Negotiate,5,LogOn,Success
2026-04-19T13:27:07.814Z,DESKTOP-C332RF6$,SYSTEM,DESKTOP-C332RF6,Negotiate,5,LogOn,Success
2026-04-19T13:27:50.948Z,DESKTOP-C332RF6$,SYSTEM,DESKTOP-C332RF6,Negotiate,5,LogOn,Success
2026-04-19T13:31:03.925Z,DESKTOP-C332RF6$,SYSTEM,DESKTOP-C332RF6,Negotiate,5,LogOn,Success
2026-04-19T13:35:50.658Z,DESKTOP-C332RF6$,SYSTEM,DESKTOP-C332RF6,Negotiate,5,LogOn,Success
2026-04-19T13:36:05.010Z,DESKTOP-C332RF6$,SYSTEM,DESKTOP-C332RF6,Negotiate,5,LogOn,Success
2026-04-19T13:41:17.892Z,DESKTOP-C332RF6$,SYSTEM,DESKTOP-C332RF6,Negotiate,5,LogOn,Success
2026-04-19T13:42:08.226Z,DESKTOP-C332RF6$,SYSTEM,DESKTOP-C332RF6,Negotiate,5,LogOn,Success
2026-04-19T13:42:12.628Z,DESKTOP-C332RF6$,SYSTEM,DESKTOP-C332RF6,Negotiate,5,LogOn,Success
2026-04-19T13:58:23.188Z,DESKTOP-C332RF6$,SYSTEM,DESKTOP-C332RF6,Negotiate,5,LogOn,Success
2026-04-19T13:58:24.818Z,DESKTOP-C332RF6$,SYSTEM,DESKTOP-C332RF6,Negotiate,5,LogOn,Success
2026-04-19T14:01:27.037Z,DESKTOP-C332RF6$,SYSTEM,DESKTOP-C332RF6,Negotiate,5,LogOn,Success
2026-04-19T14:12:54.256Z,DESKTOP-C332RF6$,SYSTEM,DESKTOP-C332RF6,Negotiate,5,LogOn,Success
2026-04-19T14:12:56.195Z,DESKTOP-C332RF6$,SYSTEM,DESKTOP-C332RF6,Negotiate,5,LogOn,Success
2026-04-19T14:12:59.457Z,DESKTOP-C332RF6$,SYSTEM,DESKTOP-C332RF6,Negotiate,5,LogOn,Success
2026-04-19T14:13:30.508Z,DESKTOP-C332RF6$,SYSTEM,DESKTOP-C332RF6,Negotiate,5,LogOn,Success
2026-04-19T14:22:57.304Z,DESKTOP-C332RF6$,SYSTEM,DESKTOP-C332RF6,Negotiate,5,LogOn,Success
2026-04-19T14:23:58.452Z,DESKTOP-C332RF6$,SYSTEM,DESKTOP-C332RF6,Negotiate,5,LogOn,Success
2026-04-19T14:32:11.473Z,DESKTOP-C332RF6$,SYSTEM,DESKTOP-C332RF6,Negotiate,5,LogOn,Success
2026-04-19T14:43:00.499Z,DESKTOP-C332RF6$,SYSTEM,DESKTOP-C332RF6,Negotiate,5,LogOn,Success
2026-04-19T14:43:00.543Z,DESKTOP-C332RF6$,SYSTEM,DESKTOP-C332RF6,Negotiate,5,LogOn,Success
2026-04-19T14:53:16.669Z,DESKTOP-C332RF6$,SYSTEM,DESKTOP-C332RF6,Negotiate,5,LogOn,Success
2026-04-19T14:53:22.235Z,DESKTOP-C332RF6$,SYSTEM,DESKTOP-C332RF6,Negotiate,5,LogOn,Success
2026-04-19T15:02:48.887Z,DESKTOP-C332RF6$,SYSTEM,DESKTOP-C332RF6,Negotiate,5,LogOn,Success
2026-04-19T15:06:45.105Z,DESKTOP-C332RF6$,SYSTEM,DESKTOP-C332RF6,Negotiate,5,LogOn,Success
2026-04-19T15:27:19.970Z,DESKTOP-C332RF6$,SYSTEM,DESKTOP-C332RF6,Negotiate,5,LogOn,Success
2026-04-19T15:27:23.077Z,DESKTOP-C332RF6$,SYSTEM,DESKTOP-C332RF6,Negotiate,5,LogOn,Success
2026-04-19T15:30:33.505Z,DESKTOP-C332RF6$,SYSTEM,DESKTOP-C332RF6,Negotiate,5,LogOn,Success
2026-04-19T15:41:14.524Z,DESKTOP-C332RF6$,SYSTEM,DESKTOP-C332RF6,Negotiate,5,LogOn,Success
2026-04-19T15:42:35.625Z,DESKTOP-C332RF6$,UMFD-110,DESKTOP-C332RF6,Negotiate,2,LogOn,Success
2026-04-19T15:42:35.678Z,DESKTOP-C332RF6$,SYSTEM,DESKTOP-C332RF6,Negotiate,5,LogOn,Success
2026-04-19T15:42:35.709Z,DESKTOP-C332RF6$,DWM-110,DESKTOP-C332RF6,Negotiate,2,LogOn,Success
2026-04-19T15:42:35.709Z,DESKTOP-C332RF6$,DWM-110,DESKTOP-C332RF6,Negotiate,2,LogOn,Success
2026-04-19T15:42:35.804Z,DESKTOP-C332RF6$,SYSTEM,DESKTOP-C332RF6,Negotiate,5,LogOn,Success
2026-04-19T15:42:37.087Z,DESKTOP-C332RF6$,SYSTEM,DESKTOP-C332RF6,Negotiate,5,LogOn,Success
2026-04-19T15:42:41.645Z,,UMFD-109,DESKTOP-C332RF6,,2,LogOff,LogOff
2026-04-19T15:42:41.654Z,DESKTOP-C332RF6$,SYSTEM,DESKTOP-C332RF6,Negotiate,5,LogOn,Success
2026-04-19T15:42:43.250Z,,DWM-109,DESKTOP-C332RF6,,2,LogOff,LogOff
2026-04-19T15:42:43.250Z,,DWM-109,DESKTOP-C332RF6,,2,LogOff,LogOff
2026-04-19T15:42:43.820Z,DESKTOP-C332RF6$,SYSTEM,DESKTOP-C332RF6,Negotiate,5,LogOn,Success
2026-04-19T15:53:12.859Z,DESKTOP-C332RF6$,PC,DESKTOP-C332RF6,Negotiate,2,LogOn,Success
2026-04-19T15:53:12.859Z,DESKTOP-C332RF6$,PC,DESKTOP-C332RF6,Negotiate,2,LogOn,Success
2026-04-19T15:53:14.130Z,DESKTOP-C332RF6$,SYSTEM,DESKTOP-C332RF6,Negotiate,5,LogOn,Success
2026-04-19T15:53:14.973Z,DESKTOP-C332RF6$,SYSTEM,DESKTOP-C332RF6,Negotiate,5,LogOn,Success
2026-04-19T15:53:16.839Z,DESKTOP-C332RF6$,SYSTEM,DESKTOP-C332RF6,Negotiate,5,LogOn,Success
2026-04-19T15:53:22.505Z,DESKTOP-C332RF6$,SYSTEM,DESKTOP-C332RF6,Negotiate,5,LogOn,Success
2026-04-19T15:54:19.341Z,DESKTOP-C332RF6$,SYSTEM,DESKTOP-C332RF6,Negotiate,5,LogOn,Success
2026-04-19T15:54:56.957Z,DESKTOP-C332RF6$,SYSTEM,DESKTOP-C332RF6,Negotiate,5,LogOn,Success
2026-04-19T15:58:30.490Z,DESKTOP-C332RF6$,SYSTEM,DESKTOP-C332RF6,Negotiate,5,LogOn,Success
2026-04-19T16:08:14.494Z,DESKTOP-C332RF6$,SYSTEM,DESKTOP-C332RF6,Negotiate,5,LogOn,Success
2026-04-19T16:08:31.237Z,DESKTOP-C332RF6$,SYSTEM,DESKTOP-C332RF6,Negotiate,5,LogOn,Success
2026-04-19T16:12:32.131Z,DESKTOP-C332RF6$,SYSTEM,DESKTOP-C332RF6,Negotiate,5,LogOn,Success
2026-04-19T16:15:48.765Z,DESKTOP-C332RF6$,SYSTEM,DESKTOP-C332RF6,Negotiate,5,LogOn,Success
2026-04-19T16:15:54.136Z,DESKTOP-C332RF6$,SYSTEM,DESKTOP-C332RF6,Negotiate,5,LogOn,Success
2026-04-19T16:15:55.251Z,DESKTOP-C332RF6$,SYSTEM,DESKTOP-C332RF6,Negotiate,5,LogOn,Success
2026-04-19T16:16:07.674Z,DESKTOP-C332RF6$,SYSTEM,DESKTOP-C332RF6,Negotiate,5,LogOn,Success
2026-04-19T16:20:12.150Z,DESKTOP-C332RF6$,SYSTEM,DESKTOP-C332RF6,Negotiate,5,LogOn,Success
2026-04-19T16:24:38.945Z,DESKTOP-C332RF6$,SYSTEM,DESKTOP-C332RF6,Negotiate,5,LogOn,Success
2026-04-19T16:30:30.891Z,DESKTOP-C332RF6$,SYSTEM,DESKTOP-C332RF6,Negotiate,5,LogOn,Success
2026-04-19T16:38:02.744Z,DESKTOP-C332RF6$,SYSTEM,DESKTOP-C332RF6,Negotiate,5,LogOn,Success
2026-04-19T16:38:14.739Z,DESKTOP-C332RF6$,SYSTEM,DESKTOP-C332RF6,Negotiate,5,LogOn,Success
2026-04-19T16:46:22.641Z,DESKTOP-C332RF6$,SYSTEM,DESKTOP-C332RF6,Negotiate,5,LogOn,Success
2026-04-19T17:19:32.608Z,DESKTOP-C332RF6$,SYSTEM,DESKTOP-C332RF6,Negotiate,5,LogOn,Success
2026-04-20T08:27:14.196Z,DESKTOP-C332RF6$,SYSTEM,DESKTOP-C332RF6,Negotiate,5,LogOn,Success
2026-04-20T08:27:18.236Z,DESKTOP-C332RF6$,PC,DESKTOP-C332RF6,Negotiate,2,LogOn,Success
2026-04-20T08:27:18.236Z,DESKTOP-C332RF6$,PC,DESKTOP-C332RF6,Negotiate,2,LogOn,Success
2026-04-20T08:27:18.237Z,,PC,DESKTOP-C332RF6,,2,LogOff,LogOff
2026-04-20T08:27:18.238Z,,PC,DESKTOP-C332RF6,,2,LogOff,LogOff
2026-04-20T08:27:26.847Z,DESKTOP-C332RF6$,SYSTEM,DESKTOP-C332RF6,Negotiate,5,LogOn,Success
2026-04-20T08:27:27.254Z,DESKTOP-C332RF6$,SYSTEM,DESKTOP-C332RF6,Negotiate,5,LogOn,Success
2026-04-20T08:27:27.255Z,DESKTOP-C332RF6$,SYSTEM,DESKTOP-C332RF6,Negotiate,5,LogOn,Success
2026-04-20T08:27:29.837Z,DESKTOP-C332RF6$,SYSTEM,DESKTOP-C332RF6,Negotiate,5,LogOn,Success
2026-04-20T08:29:01.828Z,DESKTOP-C332RF6$,SYSTEM,DESKTOP-C332RF6,Negotiate,5,LogOn,Success
2026-04-20T08:32:13.678Z,DESKTOP-C332RF6$,SYSTEM,DESKTOP-C332RF6,Negotiate,5,LogOn,Success
2026-04-20T08:33:13.399Z,DESKTOP-C332RF6$,SYSTEM,DESKTOP-C332RF6,Negotiate,5,LogOn,Success
2026-04-20T08:33:13.444Z,DESKTOP-C332RF6$,SYSTEM,DESKTOP-C332RF6,Negotiate,5,LogOn,Success
2026-04-20T08:33:55.822Z,DESKTOP-C332RF6$,SYSTEM,DESKTOP-C332RF6,Negotiate,5,LogOn,Success
2026-04-20T08:34:07.398Z,DESKTOP-C332RF6$,SYSTEM,DESKTOP-C332RF6,Negotiate,5,LogOn,Success
2026-04-20T08:34:11.683Z,DESKTOP-C332RF6$,SYSTEM,DESKTOP-C332RF6,Negotiate,5,LogOn,Success
2026-04-20T08:35:21.557Z,DESKTOP-C332RF6$,SYSTEM,DESKTOP-C332RF6,Negotiate,5,LogOn,Success
2026-04-20T08:35:21.575Z,DESKTOP-C332RF6$,SYSTEM,DESKTOP-C332RF6,Negotiate,5,LogOn,Success
2026-04-20T08:35:21.607Z,DESKTOP-C332RF6$,SYSTEM,DESKTOP-C332RF6,Negotiate,5,LogOn,Success
2026-04-20T08:35:21.658Z,DESKTOP-C332RF6$,SYSTEM,DESKTOP-C332RF6,Negotiate,5,LogOn,Success
2026-04-20T08:36:12.338Z,DESKTOP-C332RF6$,SYSTEM,DESKTOP-C332RF6,Negotiate,5,LogOn,Success
2026-04-20T08:36:12.571Z,DESKTOP-C332RF6$,SYSTEM,DESKTOP-C332RF6,Negotiate,5,LogOn,Success
2026-04-20T08:36:43.401Z,DESKTOP-C332RF6$,SYSTEM,DESKTOP-C332RF6,Negotiate,5,LogOn,Success
2026-04-20T08:39:45.406Z,DESKTOP-C332RF6$,SYSTEM,DESKTOP-C332RF6,Negotiate,5,LogOn,Success
2026-04-20T08:46:43.242Z,DESKTOP-C332RF6$,SYSTEM,DESKTOP-C332RF6,Negotiate,5,LogOn,Success
2026-04-20T08:53:16.664Z,DESKTOP-C332RF6$,SYSTEM,DESKTOP-C332RF6,Negotiate,5,LogOn,Success
2026-04-20T08:53:17.972Z,DESKTOP-C332RF6$,SYSTEM,DESKTOP-C332RF6,Negotiate,5,LogOn,Success
2026-04-20T08:54:03.549Z,DESKTOP-C332RF6$,SYSTEM,DESKTOP-C332RF6,Negotiate,5,LogOn,Success
2026-04-20T08:54:07.727Z,DESKTOP-C332RF6$,SYSTEM,DESKTOP-C332RF6,Negotiate,5,LogOn,Success
2026-04-20T08:56:08.346Z,DESKTOP-C332RF6$,SYSTEM,DESKTOP-C332RF6,Negotiate,5,LogOn,Success
2026-04-20T08:56:08.566Z,DESKTOP-C332RF6$,SYSTEM,DESKTOP-C332RF6,Negotiate,5,LogOn,Success
2026-04-20T09:06:39.488Z,DESKTOP-C332RF6$,SYSTEM,DESKTOP-C332RF6,Negotiate,5,LogOn,Success
2026-04-20T09:06:42.040Z,DESKTOP-C332RF6$,SYSTEM,DESKTOP-C332RF6,Negotiate,5,LogOn,Success
2026-04-20T09:07:26.196Z,DESKTOP-C332RF6$,SYSTEM,DESKTOP-C332RF6,Negotiate,5,LogOn,Success
2026-04-20T09:07:27.511Z,DESKTOP-C332RF6$,SYSTEM,DESKTOP-C332RF6,Negotiate,5,LogOn,Success
2026-04-20T09:15:51.986Z,DESKTOP-C332RF6$,SYSTEM,DESKTOP-C332RF6,Negotiate,5,LogOn,Success
2026-04-20T09:16:01.113Z,DESKTOP-C332RF6$,SYSTEM,DESKTOP-C332RF6,Negotiate,5,LogOn,Success
2026-04-20T09:18:55.776Z,DESKTOP-C332RF6$,SYSTEM,DESKTOP-C332RF6,Negotiate,5,LogOn,Success
2026-04-20T09:27:04.572Z,DESKTOP-C332RF6$,SYSTEM,DESKTOP-C332RF6,Negotiate,5,LogOn,Success
2026-04-20T09:27:08.781Z,DESKTOP-C332RF6$,SYSTEM,DESKTOP-C332RF6,Negotiate,5,LogOn,Success
2026-04-20T09:29:09.650Z,DESKTOP-C332RF6$,SYSTEM,DESKTOP-C332RF6,Negotiate,5,LogOn,Success
2026-04-20T09:29:09.971Z,DESKTOP-C332RF6$,SYSTEM,DESKTOP-C332RF6,Negotiate,5,LogOn,Success
2026-04-20T09:38:44.256Z,DESKTOP-C332RF6$,SYSTEM,DESKTOP-C332RF6,Negotiate,5,LogOn,Success
2026-04-20T09:38:45.919Z,DESKTOP-C332RF6$,SYSTEM,DESKTOP-C332RF6,Negotiate,5,LogOn,Success
2026-04-20T09:40:45.907Z,DESKTOP-C332RF6$,SYSTEM,DESKTOP-C332RF6,Negotiate,5,LogOn,Success
2026-04-20T09:47:03.624Z,DESKTOP-C332RF6$,SYSTEM,DESKTOP-C332RF6,Negotiate,5,LogOn,Success
2026-04-20T09:47:07.838Z,DESKTOP-C332RF6$,SYSTEM,DESKTOP-C332RF6,Negotiate,5,LogOn,Success
2026-04-20T09:49:08.485Z,DESKTOP-C332RF6$,SYSTEM,DESKTOP-C332RF6,Negotiate,5,LogOn,Success
2026-04-20T09:49:08.743Z,DESKTOP-C332RF6$,SYSTEM,DESKTOP-C332RF6,Negotiate,5,LogOn,Success
2026-04-20T09:53:57.460Z,DESKTOP-C332RF6$,SYSTEM,DESKTOP-C332RF6,Negotiate,5,LogOn,Success
2026-04-20T10:06:44.417Z,DESKTOP-C332RF6$,SYSTEM,DESKTOP-C332RF6,Negotiate,5,LogOn,Success
2026-04-20T10:07:03.604Z,DESKTOP-C332RF6$,SYSTEM,DESKTOP-C332RF6,Negotiate,5,LogOn,Success
2026-04-20T10:07:07.816Z,DESKTOP-C332RF6$,SYSTEM,DESKTOP-C332RF6,Negotiate,5,LogOn,Success
2026-04-20T10:08:31.135Z,DESKTOP-C332RF6$,SYSTEM,DESKTOP-C332RF6,Negotiate,5,LogOn,Success
2026-04-20T10:09:08.505Z,DESKTOP-C332RF6$,SYSTEM,DESKTOP-C332RF6,Negotiate,5,LogOn,Success
2026-04-20T10:09:08.760Z,DESKTOP-C332RF6$,SYSTEM,DESKTOP-C332RF6,Negotiate,5,LogOn,Success
2026-04-20T10:19:56.141Z,DESKTOP-C332RF6$,SYSTEM,DESKTOP-C332RF6,Negotiate,5,LogOn,Success
2026-04-20T10:19:56.188Z,DESKTOP-C332RF6$,SYSTEM,DESKTOP-C332RF6,Negotiate,5,LogOn,Success
2026-04-20T10:23:46.386Z,DESKTOP-C332RF6$,SYSTEM,DESKTOP-C332RF6,Negotiate,5,LogOn,Success
2026-04-20T10:27:03.607Z,DESKTOP-C332RF6$,SYSTEM,DESKTOP-C332RF6,Negotiate,5,LogOn,Success
2026-04-20T10:27:07.800Z,DESKTOP-C332RF6$,SYSTEM,DESKTOP-C332RF6,Negotiate,5,LogOn,Success
2026-04-20T10:27:14.120Z,DESKTOP-C332RF6$,SYSTEM,DESKTOP-C332RF6,Negotiate,5,LogOn,Success
2026-04-20T10:27:14.159Z,DESKTOP-C332RF6$,SYSTEM,DESKTOP-C332RF6,Negotiate,5,LogOn,Success
2026-04-20T10:27:17.689Z,DESKTOP-C332RF6$,SYSTEM,DESKTOP-C332RF6,Negotiate,5,LogOn,Success
2026-04-20T10:27:17.745Z,DESKTOP-C332RF6$,SYSTEM,DESKTOP-C332RF6,Negotiate,5,LogOn,Success
2026-04-20T10:29:08.419Z,DESKTOP-C332RF6$,SYSTEM,DESKTOP-C332RF6,Negotiate,5,LogOn,Success
2026-04-20T10:29:08.650Z,DESKTOP-C332RF6$,SYSTEM,DESKTOP-C332RF6,Negotiate,5,LogOn,Success
2026-04-20T10:37:17.975Z,DESKTOP-C332RF6$,SYSTEM,DESKTOP-C332RF6,Negotiate,5,LogOn,Success
2026-04-20T10:45:32.333Z,DESKTOP-C332RF6$,SYSTEM,DESKTOP-C332RF6,Negotiate,5,LogOn,Success
2026-04-20T10:45:33.367Z,DESKTOP-C332RF6$,SYSTEM,DESKTOP-C332RF6,Negotiate,5,LogOn,Success
2026-04-20T10:48:28.659Z,DESKTOP-C332RF6$,SYSTEM,DESKTOP-C332RF6,Negotiate,5,LogOn,Success
2026-04-20T11:00:35.246Z,DESKTOP-C332RF6$,SYSTEM,DESKTOP-C332RF6,Negotiate,5,LogOn,Success
2026-04-20T11:35:36.750Z,DESKTOP-C332RF6$,SYSTEM,DESKTOP-C332RF6,Negotiate,5,LogOn,Success
2026-04-20T11:35:38.620Z,DESKTOP-C332RF6$,SYSTEM,DESKTOP-C332RF6,Negotiate,5,LogOn,Success
2026-04-20T11:35:40.996Z,DESKTOP-C332RF6$,SYSTEM,DESKTOP-C332RF6,Negotiate,5,LogOn,Success
2026-04-20T11:35:45.374Z,DESKTOP-C332RF6$,SYSTEM,DESKTOP-C332RF6,Negotiate,5,LogOn,Success
2026-04-20T11:45:41.084Z,DESKTOP-C332RF6$,SYSTEM,DESKTOP-C332RF6,Negotiate,5,LogOn,Success
2026-04-20T13:09:45.703Z,DESKTOP-C332RF6$,SYSTEM,DESKTOP-C332RF6,Negotiate,5,LogOn,Success
2026-04-20T13:09:54.076Z,DESKTOP-C332RF6$,PC,DESKTOP-C332RF6,Negotiate,2,LogOn,Success
2026-04-20T13:09:54.076Z,DESKTOP-C332RF6$,PC,DESKTOP-C332RF6,Negotiate,2,LogOn,Success
2026-04-20T13:09:54.077Z,,PC,DESKTOP-C332RF6,,2,LogOff,LogOff
2026-04-20T13:09:54.078Z,,PC,DESKTOP-C332RF6,,2,LogOff,LogOff
2026-04-20T13:11:32.613Z,DESKTOP-C332RF6$,SYSTEM,DESKTOP-C332RF6,Negotiate,5,LogOn,Success
2026-04-20T13:11:48.729Z,DESKTOP-C332RF6$,SYSTEM,DESKTOP-C332RF6,Negotiate,5,LogOn,Success
2026-04-20T13:11:49.061Z,DESKTOP-C332RF6$,SYSTEM,DESKTOP-C332RF6,Negotiate,5,LogOn,Success
2026-04-20T13:11:50.744Z,DESKTOP-C332RF6$,SYSTEM,DESKTOP-C332RF6,Negotiate,5,LogOn,Success
2026-04-20T13:16:04.876Z,DESKTOP-C332RF6$,SYSTEM,DESKTOP-C332RF6,Negotiate,5,LogOn,Success
2026-04-20T13:18:06.135Z,DESKTOP-C332RF6$,SYSTEM,DESKTOP-C332RF6,Negotiate,5,LogOn,Success
2026-04-20T13:18:06.635Z,DESKTOP-C332RF6$,SYSTEM,DESKTOP-C332RF6,Negotiate,5,LogOn,Success
2026-04-20T13:18:35.094Z,DESKTOP-C332RF6$,SYSTEM,DESKTOP-C332RF6,Negotiate,5,LogOn,Success
2026-04-20T13:19:45.977Z,DESKTOP-C332RF6$,SYSTEM,DESKTOP-C332RF6,Negotiate,5,LogOn,Success
2026-04-20T13:23:42.811Z,DESKTOP-C332RF6$,SYSTEM,DESKTOP-C332RF6,Negotiate,5,LogOn,Success
2026-04-20T13:23:47.331Z,DESKTOP-C332RF6$,SYSTEM,DESKTOP-C332RF6,Negotiate,5,LogOn,Success
2026-04-20T13:24:30.075Z,DESKTOP-C332RF6$,SYSTEM,DESKTOP-C332RF6,Negotiate,5,LogOn,Success
2026-04-20T13:26:39.647Z,DESKTOP-C332RF6$,SYSTEM,DESKTOP-C332RF6,Negotiate,5,LogOn,Success
2026-04-20T13:27:14.147Z,DESKTOP-C332RF6$,SYSTEM,DESKTOP-C332RF6,Negotiate,5,LogOn,Success
2026-04-20T13:27:20.328Z,DESKTOP-C332RF6$,SYSTEM,DESKTOP-C332RF6,Negotiate,5,LogOn,Success
2026-04-20T13:28:13.935Z,DESKTOP-C332RF6$,SYSTEM,DESKTOP-C332RF6,Negotiate,5,LogOn,Success
2026-04-20T13:28:17.146Z,DESKTOP-C332RF6$,SYSTEM,DESKTOP-C332RF6,Negotiate,5,LogOn,Success
2026-04-20T13:30:58.472Z,DESKTOP-C332RF6$,SYSTEM,DESKTOP-C332RF6,Negotiate,5,LogOn,Success
2026-04-20T13:31:00.458Z,DESKTOP-C332RF6$,SYSTEM,DESKTOP-C332RF6,Negotiate,5,LogOn,Success
2026-04-20T13:35:54.666Z,DESKTOP-C332RF6$,SYSTEM,DESKTOP-C332RF6,Negotiate,5,LogOn,Success
2026-04-20T13:38:03.022Z,DESKTOP-C332RF6$,SYSTEM,DESKTOP-C332RF6,Negotiate,5,LogOn,Success
2026-04-20T13:38:07.329Z,DESKTOP-C332RF6$,SYSTEM,DESKTOP-C332RF6,Negotiate,5,LogOn,Success
2026-04-20T13:38:22.644Z,DESKTOP-C332RF6$,SYSTEM,DESKTOP-C332RF6,Negotiate,5,LogOn,Success
2026-04-20T13:38:52.455Z,DESKTOP-C332RF6$,SYSTEM,DESKTOP-C332RF6,Negotiate,5,LogOn,Success
2026-04-20T13:40:08.669Z,DESKTOP-C332RF6$,SYSTEM,DESKTOP-C332RF6,Negotiate,5,LogOn,Success
2026-04-20T13:40:09.174Z,DESKTOP-C332RF6$,SYSTEM,DESKTOP-C332RF6,Negotiate,5,LogOn,Success
2026-04-20T13:45:50.410Z,DESKTOP-C332RF6$,SYSTEM,DESKTOP-C332RF6,Negotiate,5,LogOn,Success
2026-04-20T13:45:54.361Z,DESKTOP-C332RF6$,SYSTEM,DESKTOP-C332RF6,Negotiate,5,LogOn,Success
2026-04-20T13:45:56.490Z,DESKTOP-C332RF6$,SYSTEM,DESKTOP-C332RF6,Negotiate,5,LogOn,Success
2026-04-20T13:45:56.726Z,DESKTOP-C332RF6$,SYSTEM,DESKTOP-C332RF6,Negotiate,5,LogOn,Success
2026-04-20T13:46:13.102Z,DESKTOP-C332RF6$,SYSTEM,DESKTOP-C332RF6,Negotiate,5,LogOn,Success
2026-04-20T13:46:13.702Z,DESKTOP-C332RF6$,SYSTEM,DESKTOP-C332RF6,Negotiate,5,LogOn,Success
2026-04-20T13:56:47.603Z,DESKTOP-C332RF6$,SYSTEM,DESKTOP-C332RF6,Negotiate,5,LogOn,Success
2026-04-20T13:56:52.618Z,DESKTOP-C332RF6$,SYSTEM,DESKTOP-C332RF6,Negotiate,5,LogOn,Success
2026-04-20T13:57:30.445Z,DESKTOP-C332RF6$,SYSTEM,DESKTOP-C332RF6,Negotiate,5,LogOn,Success
2026-04-20T13:57:31.047Z,DESKTOP-C332RF6$,SYSTEM,DESKTOP-C332RF6,Negotiate,5,LogOn,Success
2026-04-20T13:58:04.896Z,DESKTOP-C332RF6$,SYSTEM,DESKTOP-C332RF6,Negotiate,5,LogOn,Success
2026-04-20T13:58:09.213Z,DESKTOP-C332RF6$,SYSTEM,DESKTOP-C332RF6,Negotiate,5,LogOn,Success
2026-04-20T13:59:08.664Z,DESKTOP-C332RF6$,SYSTEM,DESKTOP-C332RF6,Negotiate,5,LogOn,Success
2026-04-20T13:59:08.756Z,DESKTOP-C332RF6$,SYSTEM,DESKTOP-C332RF6,Negotiate,5,LogOn,Success
2026-04-20T14:00:10.619Z,DESKTOP-C332RF6$,SYSTEM,DESKTOP-C332RF6,Negotiate,5,LogOn,Success
2026-04-20T14:00:11.142Z,DESKTOP-C332RF6$,SYSTEM,DESKTOP-C332RF6,Negotiate,5,LogOn,Success
2026-04-20T14:04:09.048Z,DESKTOP-C332RF6$,SYSTEM,DESKTOP-C332RF6,Negotiate,5,LogOn,Success
2026-04-20T14:11:45.577Z,DESKTOP-C332RF6$,SYSTEM,DESKTOP-C332RF6,Negotiate,5,LogOn,Success
2026-04-20T14:11:47.525Z,DESKTOP-C332RF6$,SYSTEM,DESKTOP-C332RF6,Negotiate,5,LogOn,Success
2026-04-20T14:11:48.149Z,DESKTOP-C332RF6$,SYSTEM,DESKTOP-C332RF6,Negotiate,5,LogOn,Success
2026-04-20T14:14:49.115Z,DESKTOP-C332RF6$,SYSTEM,DESKTOP-C332RF6,Negotiate,5,LogOn,Success
2026-04-20T14:15:18.985Z,DESKTOP-C332RF6$,SYSTEM,DESKTOP-C332RF6,Negotiate,5,LogOn,Success
2026-04-20T14:21:02.616Z,DESKTOP-C332RF6$,SYSTEM,DESKTOP-C332RF6,Negotiate,5,LogOn,Success
2026-04-20T14:23:04.279Z,DESKTOP-C332RF6$,SYSTEM,DESKTOP-C332RF6,Negotiate,5,LogOn,Success
2026-04-20T14:23:08.640Z,DESKTOP-C332RF6$,SYSTEM,DESKTOP-C332RF6,Negotiate,5,LogOn,Success
2026-04-20T14:25:09.976Z,DESKTOP-C332RF6$,SYSTEM,DESKTOP-C332RF6,Negotiate,5,LogOn,Success
2026-04-20T14:25:10.502Z,DESKTOP-C332RF6$,SYSTEM,DESKTOP-C332RF6,Negotiate,5,LogOn,Success
2026-04-20T14:29:27.222Z,DESKTOP-C332RF6$,SYSTEM,DESKTOP-C332RF6,Negotiate,5,LogOn,Success
2026-04-20T14:29:31.241Z,DESKTOP-C332RF6$,SYSTEM,DESKTOP-C332RF6,Negotiate,5,LogOn,Success
2026-04-20T14:29:32.445Z,DESKTOP-C332RF6$,SYSTEM,DESKTOP-C332RF6,Negotiate,5,LogOn,Success
2026-04-20T14:29:49.888Z,DESKTOP-C332RF6$,SYSTEM,DESKTOP-C332RF6,Negotiate,5,LogOn,Success
2026-04-20T14:29:50.479Z,DESKTOP-C332RF6$,SYSTEM,DESKTOP-C332RF6,Negotiate,5,LogOn,Success
2026-04-20T14:41:13.989Z,DESKTOP-C332RF6$,SYSTEM,DESKTOP-C332RF6,Negotiate,5,LogOn,Success
2026-04-20T14:41:14.052Z,DESKTOP-C332RF6$,SYSTEM,DESKTOP-C332RF6,Negotiate,5,LogOn,Success
2026-04-20T14:46:04.654Z,DESKTOP-C332RF6$,SYSTEM,DESKTOP-C332RF6,Negotiate,5,LogOn,Success
2026-04-20T14:46:08.999Z,DESKTOP-C332RF6$,SYSTEM,DESKTOP-C332RF6,Negotiate,5,LogOn,Success
2026-04-20T14:48:10.422Z,DESKTOP-C332RF6$,SYSTEM,DESKTOP-C332RF6,Negotiate,5,LogOn,Success
2026-04-20T14:48:10.962Z,DESKTOP-C332RF6$,SYSTEM,DESKTOP-C332RF6,Negotiate,5,LogOn,Success
2026-04-20T14:50:10.496Z,DESKTOP-C332RF6$,SYSTEM,DESKTOP-C332RF6,Negotiate,5,LogOn,Success
2026-04-20T14:50:55.759Z,DESKTOP-C332RF6$,SYSTEM,DESKTOP-C332RF6,Negotiate,5,LogOn,Success
2026-04-20T14:50:56.351Z,DESKTOP-C332RF6$,SYSTEM,DESKTOP-C332RF6,Negotiate,5,LogOn,Success
2026-04-20T14:53:55.669Z,DESKTOP-C332RF6$,SYSTEM,DESKTOP-C332RF6,Negotiate,5,LogOn,Success
2026-04-20T14:56:26.738Z,DESKTOP-C332RF6$,SYSTEM,DESKTOP-C332RF6,Negotiate,5,LogOn,Success
2026-04-20T15:37:42.810Z,DESKTOP-C332RF6$,SYSTEM,DESKTOP-C332RF6,Negotiate,5,LogOn,Success
2026-04-20T15:37:48.492Z,DESKTOP-C332RF6$,SYSTEM,DESKTOP-C332RF6,Negotiate,5,LogOn,Success
2026-04-20T15:38:05.942Z,DESKTOP-C332RF6$,SYSTEM,DESKTOP-C332RF6,Negotiate,5,LogOn,Success
2026-04-20T20:23:19.907Z,DESKTOP-C332RF6$,SYSTEM,DESKTOP-C332RF6,Negotiate,5,LogOn,Success
2026-04-20T20:23:55.609Z,DESKTOP-C332RF6$,SYSTEM,DESKTOP-C332RF6,Negotiate,5,LogOn,Success
2026-04-20T20:23:57.992Z,DESKTOP-C332RF6$,PC,DESKTOP-C332RF6,Negotiate,2,LogOn,Success
2026-04-20T20:23:57.992Z,DESKTOP-C332RF6$,PC,DESKTOP-C332RF6,Negotiate,2,LogOn,Success
2026-04-20T20:23:57.993Z,,PC,DESKTOP-C332RF6,,2,LogOff,LogOff
2026-04-20T20:23:57.994Z,,PC,DESKTOP-C332RF6,,2,LogOff,LogOff
2026-04-20T20:25:03.845Z,DESKTOP-C332RF6$,SYSTEM,DESKTOP-C332RF6,Negotiate,5,LogOn,Success
2026-04-20T20:25:20.032Z,DESKTOP-C332RF6$,SYSTEM,DESKTOP-C332RF6,Negotiate,5,LogOn,Success
2026-04-20T20:28:41.181Z,DESKTOP-C332RF6$,SYSTEM,DESKTOP-C332RF6,Negotiate,5,LogOn,Success
2026-04-20T20:29:32.465Z,DESKTOP-C332RF6$,SYSTEM,DESKTOP-C332RF6,Negotiate,5,LogOn,Success
2026-04-20T20:29:48.511Z,DESKTOP-C332RF6$,SYSTEM,DESKTOP-C332RF6,Negotiate,5,LogOn,Success
2026-04-20T20:30:03.915Z,DESKTOP-C332RF6$,SYSTEM,DESKTOP-C332RF6,Negotiate,5,LogOn,Success
2026-04-20T20:30:08.190Z,DESKTOP-C332RF6$,SYSTEM,DESKTOP-C332RF6,Negotiate,5,LogOn,Success
2026-04-20T20:32:08.803Z,DESKTOP-C332RF6$,SYSTEM,DESKTOP-C332RF6,Negotiate,5,LogOn,Success
2026-04-20T20:32:09.049Z,DESKTOP-C332RF6$,SYSTEM,DESKTOP-C332RF6,Negotiate,5,LogOn,Success
2026-04-20T20:38:03.979Z,DESKTOP-C332RF6$,SYSTEM,DESKTOP-C332RF6,Negotiate,5,LogOn,Success
2026-04-20T20:38:36.335Z,DESKTOP-C332RF6$,SYSTEM,DESKTOP-C332RF6,Negotiate,5,LogOn,Success
2026-04-20T20:47:57.626Z,DESKTOP-C332RF6$,SYSTEM,DESKTOP-C332RF6,Negotiate,5,LogOn,Success
2026-04-20T20:50:04.348Z,DESKTOP-C332RF6$,SYSTEM,DESKTOP-C332RF6,Negotiate,5,LogOn,Success
2026-04-20T20:50:08.549Z,DESKTOP-C332RF6$,SYSTEM,DESKTOP-C332RF6,Negotiate,5,LogOn,Success
2026-04-20T20:50:41.144Z,DESKTOP-C332RF6$,SYSTEM,DESKTOP-C332RF6,Negotiate,5,LogOn,Success
2026-04-20T20:50:42.180Z,DESKTOP-C332RF6$,SYSTEM,DESKTOP-C332RF6,Negotiate,5,LogOn,Success
2026-04-20T20:50:44.906Z,DESKTOP-C332RF6$,SYSTEM,DESKTOP-C332RF6,Negotiate,5,LogOn,Success
2026-04-20T20:50:48.339Z,DESKTOP-C332RF6$,SYSTEM,DESKTOP-C332RF6,Negotiate,5,LogOn,Success
2026-04-20T20:51:43.350Z,DESKTOP-C332RF6$,SYSTEM,DESKTOP-C332RF6,Negotiate,5,LogOn,Success
2026-04-20T20:51:43.382Z,DESKTOP-C332RF6$,SYSTEM,DESKTOP-C332RF6,Negotiate,5,LogOn,Success
2026-04-20T20:52:09.131Z,DESKTOP-C332RF6$,SYSTEM,DESKTOP-C332RF6,Negotiate,5,LogOn,Success
2026-04-20T20:52:09.396Z,DESKTOP-C332RF6$,SYSTEM,DESKTOP-C332RF6,Negotiate,5,LogOn,Success
2026-04-20T21:06:45.260Z,DESKTOP-C332RF6$,SYSTEM,DESKTOP-C332RF6,Negotiate,5,LogOn,Success
2026-04-20T21:10:04.460Z,DESKTOP-C332RF6$,SYSTEM,DESKTOP-C332RF6,Negotiate,5,LogOn,Success
2026-04-20T21:10:08.654Z,DESKTOP-C332RF6$,SYSTEM,DESKTOP-C332RF6,Negotiate,5,LogOn,Success
2026-04-20T21:12:09.178Z,DESKTOP-C332RF6$,SYSTEM,DESKTOP-C332RF6,Negotiate,5,LogOn,Success
2026-04-20T21:12:09.398Z,DESKTOP-C332RF6$,SYSTEM,DESKTOP-C332RF6,Negotiate,5,LogOn,Success
2026-04-20T21:20:04.231Z,DESKTOP-C332RF6$,SYSTEM,DESKTOP-C332RF6,Negotiate,5,LogOn,Success
2026-04-20T21:23:48.442Z,DESKTOP-C332RF6$,SYSTEM,DESKTOP-C332RF6,Negotiate,5,LogOn,Success
2026-04-20T21:28:01.784Z,DESKTOP-C332RF6$,SYSTEM,DESKTOP-C332RF6,Negotiate,5,LogOn,Success
2026-04-20T21:28:02.762Z,DESKTOP-C332RF6$,SYSTEM,DESKTOP-C332RF6,Negotiate,5,LogOn,Success
2026-04-20T21:28:13.749Z,DESKTOP-C332RF6$,SYSTEM,DESKTOP-C332RF6,Negotiate,5,LogOn,Success
2026-04-20T21:30:05.013Z,DESKTOP-C332RF6$,SYSTEM,DESKTOP-C332RF6,Negotiate,5,LogOn,Success
2026-04-20T21:30:09.199Z,DESKTOP-C332RF6$,SYSTEM,DESKTOP-C332RF6,Negotiate,5,LogOn,Success
2026-04-20T21:31:06.011Z,DESKTOP-C332RF6$,SYSTEM,DESKTOP-C332RF6,Negotiate,5,LogOn,Success
2026-04-20T21:31:06.104Z,DESKTOP-C332RF6$,SYSTEM,DESKTOP-C332RF6,Negotiate,5,LogOn,Success
2026-04-20T21:31:07.064Z,DESKTOP-C332RF6$,SYSTEM,DESKTOP-C332RF6,Negotiate,5,LogOn,Success
2026-04-20T21:32:09.743Z,DESKTOP-C332RF6$,SYSTEM,DESKTOP-C332RF6,Negotiate,5,LogOn,Success
2026-04-20T21:32:09.972Z,DESKTOP-C332RF6$,SYSTEM,DESKTOP-C332RF6,Negotiate,5,LogOn,Success
2026-04-20T21:40:51.808Z,DESKTOP-C332RF6$,SYSTEM,DESKTOP-C332RF6,Negotiate,5,LogOn,Success
2026-04-20T21:41:27.815Z,DESKTOP-C332RF6$,SYSTEM,DESKTOP-C332RF6,Negotiate,5,LogOn,Success
2026-04-20T21:46:43.047Z,DESKTOP-C332RF6$,SYSTEM,DESKTOP-C332RF6,Negotiate,5,LogOn,Success
2026-04-20T21:46:43.173Z,DESKTOP-C332RF6$,SYSTEM,DESKTOP-C332RF6,Negotiate,5,LogOn,Success
2026-04-20T21:48:34.062Z,DESKTOP-C332RF6$,SYSTEM,DESKTOP-C332RF6,Negotiate,5,LogOn,Success
2026-04-20T21:50:04.427Z,DESKTOP-C332RF6$,SYSTEM,DESKTOP-C332RF6,Negotiate,5,LogOn,Success
2026-04-20T21:50:08.624Z,DESKTOP-C332RF6$,SYSTEM,DESKTOP-C332RF6,Negotiate,5,LogOn,Success
2026-04-20T21:52:09.210Z,DESKTOP-C332RF6$,SYSTEM,DESKTOP-C332RF6,Negotiate,5,LogOn,Success
2026-04-20T21:52:09.444Z,DESKTOP-C332RF6$,SYSTEM,DESKTOP-C332RF6,Negotiate,5,LogOn,Success
2026-04-20T21:53:18.414Z,DESKTOP-C332RF6$,SYSTEM,DESKTOP-C332RF6,Negotiate,5,LogOn,Success
2026-04-20T21:55:46.400Z,DESKTOP-C332RF6$,SYSTEM,DESKTOP-C332RF6,Negotiate,5,LogOn,Success
2026-04-20T22:06:44.866Z,DESKTOP-C332RF6$,SYSTEM,DESKTOP-C332RF6,Negotiate,5,LogOn,Success
2026-04-20T22:08:31.480Z,DESKTOP-C332RF6$,SYSTEM,DESKTOP-C332RF6,Negotiate,5,LogOn,Success
2026-04-20T22:10:04.449Z,DESKTOP-C332RF6$,SYSTEM,DESKTOP-C332RF6,Negotiate,5,LogOn,Success
2026-04-20T22:10:08.652Z,DESKTOP-C332RF6$,SYSTEM,DESKTOP-C332RF6,Negotiate,5,LogOn,Success
2026-04-20T22:10:27.700Z,DESKTOP-C332RF6$,SYSTEM,DESKTOP-C332RF6,Negotiate,5,LogOn,Success
2026-04-20T22:10:27.816Z,DESKTOP-C332RF6$,SYSTEM,DESKTOP-C332RF6,Negotiate,5,LogOn,Success
2026-04-20T22:10:31.372Z,DESKTOP-C332RF6$,UMFD-111,DESKTOP-C332RF6,Negotiate,2,LogOn,Success
2026-04-20T22:10:31.410Z,DESKTOP-C332RF6$,DWM-111,DESKTOP-C332RF6,Negotiate,2,LogOn,Success
2026-04-20T22:10:31.410Z,DESKTOP-C332RF6$,DWM-111,DESKTOP-C332RF6,Negotiate,2,LogOn,Success
2026-04-20T22:10:31.502Z,DESKTOP-C332RF6$,SYSTEM,DESKTOP-C332RF6,Negotiate,5,LogOn,Success
2026-04-20T22:10:40.228Z,DESKTOP-C332RF6$,SYSTEM,DESKTOP-C332RF6,Negotiate,5,LogOn,Success
2026-04-20T22:10:40.499Z,,UMFD-110,DESKTOP-C332RF6,,2,LogOff,LogOff
2026-04-20T22:10:41.737Z,DESKTOP-C332RF6$,SYSTEM,DESKTOP-C332RF6,Negotiate,5,LogOn,Success
2026-04-21T08:13:58.523Z,,DWM-110,DESKTOP-C332RF6,,2,LogOff,LogOff
2026-04-21T08:13:58.523Z,,DWM-110,DESKTOP-C332RF6,,2,LogOff,LogOff
2026-04-21T08:13:59.730Z,DESKTOP-C332RF6$,SYSTEM,DESKTOP-C332RF6,Negotiate,5,LogOn,Success
2026-04-21T08:14:00.655Z,DESKTOP-C332RF6$,PC,DESKTOP-C332RF6,Negotiate,2,LogOn,Success
2026-04-21T08:14:00.655Z,DESKTOP-C332RF6$,PC,DESKTOP-C332RF6,Negotiate,2,LogOn,Success
2026-04-21T08:14:03.344Z,DESKTOP-C332RF6$,SYSTEM,DESKTOP-C332RF6,Negotiate,5,LogOn,Success
2026-04-21T08:14:10.493Z,DESKTOP-C332RF6$,SYSTEM,DESKTOP-C332RF6,Negotiate,5,LogOn,Success
2026-04-21T08:15:45.834Z,DESKTOP-C332RF6$,SYSTEM,DESKTOP-C332RF6,Negotiate,5,LogOn,Success
2026-04-21T08:17:08.019Z,DESKTOP-C332RF6$,SYSTEM,DESKTOP-C332RF6,Negotiate,5,LogOn,Success
2026-04-21T08:17:08.108Z,DESKTOP-C332RF6$,SYSTEM,DESKTOP-C332RF6,Negotiate,5,LogOn,Success
2026-04-21T08:17:09.087Z,DESKTOP-C332RF6$,SYSTEM,DESKTOP-C332RF6,Negotiate,5,LogOn,Success
2026-04-21T08:19:58.160Z,DESKTOP-C332RF6$,SYSTEM,DESKTOP-C332RF6,Negotiate,5,LogOn,Success
2026-04-21T08:19:58.207Z,DESKTOP-C332RF6$,SYSTEM,DESKTOP-C332RF6,Negotiate,5,LogOn,Success
2026-04-21T08:21:46.481Z,DESKTOP-C332RF6$,SYSTEM,DESKTOP-C332RF6,Negotiate,5,LogOn,Success
2026-04-21T08:28:58.014Z,DESKTOP-C332RF6$,SYSTEM,DESKTOP-C332RF6,Negotiate,5,LogOn,Success
2026-04-21T08:29:02.243Z,DESKTOP-C332RF6$,SYSTEM,DESKTOP-C332RF6,Negotiate,5,LogOn,Success
2026-04-21T08:29:05.024Z,DESKTOP-C332RF6$,SYSTEM,DESKTOP-C332RF6,Negotiate,5,LogOn,Success
2026-04-21T08:29:30.039Z,DESKTOP-C332RF6$,SYSTEM,DESKTOP-C332RF6,Negotiate,5,LogOn,Success
2026-04-21T08:35:22.659Z,DESKTOP-C332RF6$,SYSTEM,DESKTOP-C332RF6,Negotiate,5,LogOn,Success
2026-04-21T08:35:22.712Z,DESKTOP-C332RF6$,SYSTEM,DESKTOP-C332RF6,Negotiate,5,LogOn,Success
2026-04-21T08:44:05.082Z,DESKTOP-C332RF6$,SYSTEM,DESKTOP-C332RF6,Negotiate,5,LogOn,Success
2026-04-21T08:44:06.168Z,DESKTOP-C332RF6$,SYSTEM,DESKTOP-C332RF6,Negotiate,5,LogOn,Success
2026-04-21T08:56:38.028Z,DESKTOP-C332RF6$,SYSTEM,DESKTOP-C332RF6,Negotiate,5,LogOn,Success
2026-04-21T08:56:39.009Z,DESKTOP-C332RF6$,SYSTEM,DESKTOP-C332RF6,Negotiate,5,LogOn,Success
2026-04-21T08:56:39.131Z,DESKTOP-C332RF6$,SYSTEM,DESKTOP-C332RF6,Negotiate,5,LogOn,Success
2026-04-21T08:56:59.094Z,DESKTOP-C332RF6$,SYSTEM,DESKTOP-C332RF6,Negotiate,5,LogOn,Success
2026-04-21T08:57:01.087Z,DESKTOP-C332RF6$,SYSTEM,DESKTOP-C332RF6,Negotiate,5,LogOn,Success
2026-04-21T09:12:05.151Z,DESKTOP-C332RF6$,SYSTEM,DESKTOP-C332RF6,Negotiate,5,LogOn,Success
2026-04-21T09:19:38.407Z,DESKTOP-C332RF6$,SYSTEM,DESKTOP-C332RF6,Negotiate,5,LogOn,Success
2026-04-21T09:19:38.652Z,DESKTOP-C332RF6$,SYSTEM,DESKTOP-C332RF6,Negotiate,5,LogOn,Success
2026-04-21T09:19:47.887Z,DESKTOP-C332RF6$,SYSTEM,DESKTOP-C332RF6,Negotiate,5,LogOn,Success
2026-04-21T09:19:47.927Z,DESKTOP-C332RF6$,SYSTEM,DESKTOP-C332RF6,Negotiate,5,LogOn,Success
2026-04-21T09:19:58.519Z,DESKTOP-C332RF6$,PC,DESKTOP-C332RF6,Negotiate,2,LogOn,Success
2026-04-21T09:19:58.519Z,DESKTOP-C332RF6$,PC,DESKTOP-C332RF6,Negotiate,2,LogOn,Success
2026-04-21T09:19:58.520Z,,PC,DESKTOP-C332RF6,,2,LogOff,LogOff
2026-04-21T09:19:58.521Z,,PC,DESKTOP-C332RF6,,2,LogOff,LogOff
2026-04-21T09:28:29.810Z,DESKTOP-C332RF6$,SYSTEM,DESKTOP-C332RF6,Negotiate,5,LogOn,Success
2026-04-21T09:37:41.224Z,DESKTOP-C332RF6$,SYSTEM,DESKTOP-C332RF6,Negotiate,5,LogOn,Success
2026-04-21T09:42:09.362Z,DESKTOP-C332RF6$,SYSTEM,DESKTOP-C332RF6,Negotiate,5,LogOn,Success
2026-04-21T09:42:09.957Z,DESKTOP-C332RF6$,SYSTEM,DESKTOP-C332RF6,Negotiate,5,LogOn,Success
2026-04-21T09:42:11.486Z,DESKTOP-C332RF6$,SYSTEM,DESKTOP-C332RF6,Negotiate,5,LogOn,Success
2026-04-21T09:42:12.766Z,DESKTOP-C332RF6$,SYSTEM,DESKTOP-C332RF6,Negotiate,5,LogOn,Success
2026-04-21T09:54:04.040Z,DESKTOP-C332RF6$,SYSTEM,DESKTOP-C332RF6,Negotiate,5,LogOn,Success
2026-04-21T09:59:18.098Z,DESKTOP-C332RF6$,SYSTEM,DESKTOP-C332RF6,Negotiate,5,LogOn,Success
2026-04-21T09:59:19.197Z,DESKTOP-C332RF6$,SYSTEM,DESKTOP-C332RF6,Negotiate,5,LogOn,Success
2026-04-21T10:02:24.437Z,DESKTOP-C332RF6$,SYSTEM,DESKTOP-C332RF6,Negotiate,5,LogOn,Success
2026-04-21T10:06:44.633Z,DESKTOP-C332RF6$,SYSTEM,DESKTOP-C332RF6,Negotiate,5,LogOn,Success
2026-04-21T10:14:29.352Z,DESKTOP-C332RF6$,SYSTEM,DESKTOP-C332RF6,Negotiate,5,LogOn,Success
2026-04-21T10:24:04.973Z,DESKTOP-C332RF6$,SYSTEM,DESKTOP-C332RF6,Negotiate,5,LogOn,Success
2026-04-21T10:31:55.703Z,DESKTOP-C332RF6$,SYSTEM,DESKTOP-C332RF6,Negotiate,5,LogOn,Success
2026-04-21T10:31:56.041Z,DESKTOP-C332RF6$,SYSTEM,DESKTOP-C332RF6,Negotiate,5,LogOn,Success
2026-04-21T10:31:57.952Z,DESKTOP-C332RF6$,SYSTEM,DESKTOP-C332RF6,Negotiate,5,LogOn,Success
2026-04-21T10:52:57.049Z,DESKTOP-C332RF6$,SYSTEM,DESKTOP-C332RF6,Negotiate,5,LogOn,Success
2026-04-21T10:52:58.988Z,DESKTOP-C332RF6$,SYSTEM,DESKTOP-C332RF6,Negotiate,5,LogOn,Success
2026-04-21T10:53:07.246Z,DESKTOP-C332RF6$,SYSTEM,DESKTOP-C332RF6,Negotiate,5,LogOn,Success
2026-04-21T10:53:21.573Z,DESKTOP-C332RF6$,PC,DESKTOP-C332RF6,Negotiate,2,LogOn,Success
2026-04-21T10:53:21.573Z,DESKTOP-C332RF6$,PC,DESKTOP-C332RF6,Negotiate,2,LogOn,Success
2026-04-21T10:53:21.574Z,,PC,DESKTOP-C332RF6,,2,LogOff,LogOff
2026-04-21T10:53:21.574Z,,PC,DESKTOP-C332RF6,,2,LogOff,LogOff
2026-04-21T10:53:27.692Z,DESKTOP-C332RF6$,SYSTEM,DESKTOP-C332RF6,Negotiate,5,LogOn,Success
2026-04-21T11:01:57.531Z,DESKTOP-C332RF6$,SYSTEM,DESKTOP-C332RF6,Negotiate,5,LogOn,Success
2026-04-21T11:07:59.782Z,DESKTOP-C332RF6$,SYSTEM,DESKTOP-C332RF6,Negotiate,5,LogOn,Success
2026-04-21T11:08:24.078Z,DESKTOP-C332RF6$,SYSTEM,DESKTOP-C332RF6,Negotiate,5,LogOn,Success
2026-04-21T11:08:28.840Z,DESKTOP-C332RF6$,SYSTEM,DESKTOP-C332RF6,Negotiate,5,LogOn,Success
2026-04-21T11:14:59.554Z,DESKTOP-C332RF6$,SYSTEM,DESKTOP-C332RF6,Negotiate,5,LogOn,Success
2026-04-21T11:31:25.999Z,DESKTOP-C332RF6$,SYSTEM,DESKTOP-C332RF6,Negotiate,5,LogOn,Success
2026-04-21T11:31:27.488Z,DESKTOP-C332RF6$,SYSTEM,DESKTOP-C332RF6,Negotiate,5,LogOn,Success
2026-04-21T11:44:11.106Z,DESKTOP-C332RF6$,SYSTEM,DESKTOP-C332RF6,Negotiate,5,LogOn,Success
2026-04-21T11:44:19.813Z,DESKTOP-C332RF6$,SYSTEM,DESKTOP-C332RF6,Negotiate,5,LogOn,Success
2026-04-21T11:53:27.048Z,DESKTOP-C332RF6$,SYSTEM,DESKTOP-C332RF6,Negotiate,5,LogOn,Success
2026-04-21T11:54:47.540Z,DESKTOP-C332RF6$,UMFD-112,DESKTOP-C332RF6,Negotiate,2,LogOn,Success
2026-04-21T11:54:47.585Z,DESKTOP-C332RF6$,DWM-112,DESKTOP-C332RF6,Negotiate,2,LogOn,Success
2026-04-21T11:54:47.585Z,DESKTOP-C332RF6$,DWM-112,DESKTOP-C332RF6,Negotiate,2,LogOn,Success
2026-04-21T11:54:47.595Z,DESKTOP-C332RF6$,SYSTEM,DESKTOP-C332RF6,Negotiate,5,LogOn,Success
2026-04-21T11:54:47.707Z,DESKTOP-C332RF6$,SYSTEM,DESKTOP-C332RF6,Negotiate,5,LogOn,Success
2026-04-21T11:54:53.477Z,DESKTOP-C332RF6$,SYSTEM,DESKTOP-C332RF6,Negotiate,5,LogOn,Success
2026-04-21T11:54:53.563Z,,UMFD-111,DESKTOP-C332RF6,,2,LogOff,LogOff
2026-04-21T11:54:53.623Z,,DWM-111,DESKTOP-C332RF6,,2,LogOff,LogOff
2026-04-21T11:54:53.623Z,,DWM-111,DESKTOP-C332RF6,,2,LogOff,LogOff
2026-04-21T11:54:55.499Z,DESKTOP-C332RF6$,SYSTEM,DESKTOP-C332RF6,Negotiate,5,LogOn,Success
2026-04-21T16:32:30.034Z,DESKTOP-C332RF6$,SYSTEM,DESKTOP-C332RF6,Negotiate,5,LogOn,Success
2026-04-21T16:32:32.969Z,DESKTOP-C332RF6$,PC,DESKTOP-C332RF6,Negotiate,2,LogOn,Success
2026-04-21T16:32:32.969Z,DESKTOP-C332RF6$,PC,DESKTOP-C332RF6,Negotiate,2,LogOn,Success
2026-04-21T16:32:37.496Z,DESKTOP-C332RF6$,SYSTEM,DESKTOP-C332RF6,Negotiate,5,LogOn,Success
2026-04-21T16:32:38.014Z,DESKTOP-C332RF6$,SYSTEM,DESKTOP-C332RF6,Negotiate,5,LogOn,Success
2026-04-21T16:32:47.615Z,DESKTOP-C332RF6$,SYSTEM,DESKTOP-C332RF6,Negotiate,5,LogOn,Success
2026-04-21T16:34:55.145Z,DESKTOP-C332RF6$,SYSTEM,DESKTOP-C332RF6,Negotiate,5,LogOn,Success
2026-04-21T16:37:28.645Z,DESKTOP-C332RF6$,SYSTEM,DESKTOP-C332RF6,Negotiate,5,LogOn,Success
2026-04-21T16:42:29.117Z,DESKTOP-C332RF6$,SYSTEM,DESKTOP-C332RF6,Negotiate,5,LogOn,Success
2026-04-21T16:45:55.867Z,DESKTOP-C332RF6$,SYSTEM,DESKTOP-C332RF6,Negotiate,5,LogOn,Success
2026-04-21T16:45:55.961Z,DESKTOP-C332RF6$,SYSTEM,DESKTOP-C332RF6,Negotiate,5,LogOn,Success
2026-04-21T16:45:56.928Z,DESKTOP-C332RF6$,SYSTEM,DESKTOP-C332RF6,Negotiate,5,LogOn,Success
2026-04-21T16:45:58.351Z,DESKTOP-C332RF6$,SYSTEM,DESKTOP-C332RF6,Negotiate,5,LogOn,Success
2026-04-21T16:47:34.729Z,DESKTOP-C332RF6$,SYSTEM,DESKTOP-C332RF6,Negotiate,5,LogOn,Success
2026-04-21T16:47:37.631Z,DESKTOP-C332RF6$,SYSTEM,DESKTOP-C332RF6,Negotiate,5,LogOn,Success
2026-04-21T16:47:38.888Z,DESKTOP-C332RF6$,SYSTEM,DESKTOP-C332RF6,Negotiate,5,LogOn,Success
2026-04-21T16:48:52.288Z,DESKTOP-C332RF6$,SYSTEM,DESKTOP-C332RF6,Negotiate,5,LogOn,Success
2026-04-21T16:54:18.979Z,DESKTOP-C332RF6$,SYSTEM,DESKTOP-C332RF6,Negotiate,5,LogOn,Success
2026-04-21T17:03:15.285Z,DESKTOP-C332RF6$,SYSTEM,DESKTOP-C332RF6,Negotiate,5,LogOn,Success
2026-04-21T17:03:15.346Z,DESKTOP-C332RF6$,SYSTEM,DESKTOP-C332RF6,Negotiate,5,LogOn,Success
2026-04-21T17:06:44.892Z,DESKTOP-C332RF6$,SYSTEM,DESKTOP-C332RF6,Negotiate,5,LogOn,Success
2026-04-21T17:12:07.824Z,DESKTOP-C332RF6$,SYSTEM,DESKTOP-C332RF6,Negotiate,5,LogOn,Success
2026-04-21T17:17:49.405Z,DESKTOP-C332RF6$,SYSTEM,DESKTOP-C332RF6,Negotiate,5,LogOn,Success
2026-04-21T17:17:50.930Z,DESKTOP-C332RF6$,SYSTEM,DESKTOP-C332RF6,Negotiate,5,LogOn,Success
2026-04-21T17:32:59.454Z,DESKTOP-C332RF6$,SYSTEM,DESKTOP-C332RF6,Negotiate,5,LogOn,Success
2026-04-21T17:33:02.087Z,DESKTOP-C332RF6$,SYSTEM,DESKTOP-C332RF6,Negotiate,5,LogOn,Success
2026-04-21T17:40:27.547Z,DESKTOP-C332RF6$,SYSTEM,DESKTOP-C332RF6,Negotiate,5,LogOn,Success
2026-04-21T17:53:04.818Z,DESKTOP-C332RF6$,SYSTEM,DESKTOP-C332RF6,Negotiate,5,LogOn,Success
2026-04-21T17:53:41.297Z,DESKTOP-C332RF6$,SYSTEM,DESKTOP-C332RF6,Negotiate,5,LogOn,Success
2026-04-21T17:53:42.249Z,DESKTOP-C332RF6$,SYSTEM,DESKTOP-C332RF6,Negotiate,5,LogOn,Success
2026-04-21T17:53:44.051Z,DESKTOP-C332RF6$,SYSTEM,DESKTOP-C332RF6,Negotiate,5,LogOn,Success
2026-04-21T17:53:45.426Z,DESKTOP-C332RF6$,SYSTEM,DESKTOP-C332RF6,Negotiate,5,LogOn,Success
2026-04-21T17:54:06.873Z,DESKTOP-C332RF6$,SYSTEM,DESKTOP-C332RF6,Negotiate,5,LogOn,Success
2026-04-21T17:55:25.652Z,DESKTOP-C332RF6$,SYSTEM,DESKTOP-C332RF6,Negotiate,5,LogOn,Success
2026-04-21T17:56:05.623Z,DESKTOP-C332RF6$,SYSTEM,DESKTOP-C332RF6,Negotiate,5,LogOn,Success
2026-04-21T18:40:27.757Z,DESKTOP-C332RF6$,SYSTEM,DESKTOP-C332RF6,Negotiate,5,LogOn,Success
2026-04-21T18:53:59.188Z,DESKTOP-C332RF6$,SYSTEM,DESKTOP-C332RF6,Negotiate,5,LogOn,Success
2026-04-21T19:40:50.402Z,DESKTOP-C332RF6$,SYSTEM,DESKTOP-C332RF6,Negotiate,5,LogOn,Success
2026-04-21T19:45:12.416Z,DESKTOP-C332RF6$,SYSTEM,DESKTOP-C332RF6,Negotiate,5,LogOn,Success
2026-04-21T19:45:12.816Z,DESKTOP-C332RF6$,SYSTEM,DESKTOP-C332RF6,Negotiate,5,LogOn,Success
2026-04-21T19:45:14.070Z,DESKTOP-C332RF6$,SYSTEM,DESKTOP-C332RF6,Negotiate,5,LogOn,Success
2026-04-21T19:45:14.172Z,DESKTOP-C332RF6$,SYSTEM,DESKTOP-C332RF6,Negotiate,5,LogOn,Success
2026-04-21T19:45:14.687Z,DESKTOP-C332RF6$,SYSTEM,DESKTOP-C332RF6,Negotiate,5,LogOn,Success
2026-04-21T19:45:15.326Z,DESKTOP-C332RF6$,SYSTEM,DESKTOP-C332RF6,Negotiate,5,LogOn,Success
2026-04-21T19:45:15.503Z,DESKTOP-C332RF6$,SYSTEM,DESKTOP-C332RF6,Negotiate,5,LogOn,Success
2026-04-21T19:45:19.509Z,DESKTOP-C332RF6$,PC,DESKTOP-C332RF6,Negotiate,2,LogOn,Success
2026-04-21T19:45:19.509Z,DESKTOP-C332RF6$,PC,DESKTOP-C332RF6,Negotiate,2,LogOn,Success
2026-04-21T19:45:19.510Z,,PC,DESKTOP-C332RF6,,2,LogOff,LogOff
2026-04-21T19:45:19.510Z,,PC,DESKTOP-C332RF6,,2,LogOff,LogOff
2026-04-21T19:45:23.660Z,DESKTOP-C332RF6$,SYSTEM,DESKTOP-C332RF6,Negotiate,5,LogOn,Success
2026-04-21T19:45:34.228Z,DESKTOP-C332RF6$,SYSTEM,DESKTOP-C332RF6,Negotiate,5,LogOn,Success
2026-04-21T19:45:35.198Z,DESKTOP-C332RF6$,SYSTEM,DESKTOP-C332RF6,Negotiate,5,LogOn,Success
2026-04-21T20:02:52.627Z,DESKTOP-C332RF6$,SYSTEM,DESKTOP-C332RF6,Negotiate,5,LogOn,Success
2026-04-21T20:02:53.737Z,DESKTOP-C332RF6$,SYSTEM,DESKTOP-C332RF6,Negotiate,5,LogOn,Success
2026-04-21T20:03:25.586Z,DESKTOP-C332RF6$,SYSTEM,DESKTOP-C332RF6,Negotiate,5,LogOn,Success
2026-04-21T20:04:53.838Z,DESKTOP-C332RF6$,SYSTEM,DESKTOP-C332RF6,Negotiate,5,LogOn,Success
2026-04-21T20:19:03.790Z,DESKTOP-C332RF6$,SYSTEM,DESKTOP-C332RF6,Negotiate,5,LogOn,Success
2026-04-21T20:19:05.082Z,DESKTOP-C332RF6$,SYSTEM,DESKTOP-C332RF6,Negotiate,5,LogOn,Success
2026-04-21T20:41:10.661Z,DESKTOP-C332RF6$,SYSTEM,DESKTOP-C332RF6,Negotiate,5,LogOn,Success
2026-04-21T20:41:59.172Z,DESKTOP-C332RF6$,SYSTEM,DESKTOP-C332RF6,Negotiate,5,LogOn,Success
2026-04-21T20:44:02.899Z,DESKTOP-C332RF6$,SYSTEM,DESKTOP-C332RF6,Negotiate,5,LogOn,Success
2026-04-21T20:44:26.023Z,DESKTOP-C332RF6$,SYSTEM,DESKTOP-C332RF6,Negotiate,5,LogOn,Success
2026-04-21T20:48:04.501Z,DESKTOP-C332RF6$,SYSTEM,DESKTOP-C332RF6,Negotiate,5,LogOn,Success
2026-04-21T20:48:15.653Z,DESKTOP-C332RF6$,SYSTEM,DESKTOP-C332RF6,Negotiate,5,LogOn,Success
2026-04-21T20:48:18.874Z,DESKTOP-C332RF6$,SYSTEM,DESKTOP-C332RF6,Negotiate,5,LogOn,Success
2026-04-21T20:49:21.214Z,DESKTOP-C332RF6$,SYSTEM,DESKTOP-C332RF6,Negotiate,5,LogOn,Success
2026-04-21T20:50:08.812Z,DESKTOP-C332RF6$,SYSTEM,DESKTOP-C332RF6,Negotiate,5,LogOn,Success
2026-04-21T20:51:47.092Z,DESKTOP-C332RF6$,SYSTEM,DESKTOP-C332RF6,Negotiate,5,LogOn,Success
2026-04-21T21:02:52.618Z,DESKTOP-C332RF6$,SYSTEM,DESKTOP-C332RF6,Negotiate,5,LogOn,Success
2026-04-21T21:02:54.222Z,DESKTOP-C332RF6$,SYSTEM,DESKTOP-C332RF6,Negotiate,5,LogOn,Success
2026-04-21T21:06:09.062Z,DESKTOP-C332RF6$,SYSTEM,DESKTOP-C332RF6,Negotiate,5,LogOn,Success
2026-04-21T21:09:13.462Z,DESKTOP-C332RF6$,SYSTEM,DESKTOP-C332RF6,Negotiate,5,LogOn,Success
2026-04-21T21:09:37.478Z,DESKTOP-C332RF6$,SYSTEM,DESKTOP-C332RF6,Negotiate,5,LogOn,Success
2026-04-21T21:10:42.173Z,DESKTOP-C332RF6$,UMFD-113,DESKTOP-C332RF6,Negotiate,2,LogOn,Success
2026-04-21T21:10:42.218Z,DESKTOP-C332RF6$,DWM-113,DESKTOP-C332RF6,Negotiate,2,LogOn,Success
2026-04-21T21:10:42.218Z,DESKTOP-C332RF6$,DWM-113,DESKTOP-C332RF6,Negotiate,2,LogOn,Success
2026-04-21T21:10:42.303Z,DESKTOP-C332RF6$,SYSTEM,DESKTOP-C332RF6,Negotiate,5,LogOn,Success
2026-04-21T21:10:42.490Z,DESKTOP-C332RF6$,SYSTEM,DESKTOP-C332RF6,Negotiate,5,LogOn,Success
2026-04-21T21:10:42.664Z,DESKTOP-C332RF6$,SYSTEM,DESKTOP-C332RF6,Negotiate,5,LogOn,Success
2026-04-21T21:10:47.134Z,DESKTOP-C332RF6$,SYSTEM,DESKTOP-C332RF6,Negotiate,5,LogOn,Success
2026-04-21T21:10:47.207Z,,UMFD-112,DESKTOP-C332RF6,,2,LogOff,LogOff
2026-04-21T21:10:48.459Z,,DWM-112,DESKTOP-C332RF6,,2,LogOff,LogOff
2026-04-21T21:10:48.459Z,,DWM-112,DESKTOP-C332RF6,,2,LogOff,LogOff
2026-04-21T21:10:48.654Z,DESKTOP-C332RF6$,SYSTEM,DESKTOP-C332RF6,Negotiate,5,LogOn,Success
2026-04-21T21:17:29.267Z,DESKTOP-C332RF6$,PC,DESKTOP-C332RF6,Negotiate,2,LogOn,Success
2026-04-21T21:17:29.267Z,DESKTOP-C332RF6$,PC,DESKTOP-C332RF6,Negotiate,2,LogOn,Success
2026-04-21T21:17:41.593Z,DESKTOP-C332RF6$,SYSTEM,DESKTOP-C332RF6,Negotiate,5,LogOn,Success
2026-04-21T21:19:41.490Z,DESKTOP-C332RF6$,SYSTEM,DESKTOP-C332RF6,Negotiate,5,LogOn,Success
2026-04-21T21:24:48.942Z,DESKTOP-C332RF6$,SYSTEM,DESKTOP-C332RF6,Negotiate,5,LogOn,Success
2026-04-21T21:25:49.655Z,DESKTOP-C332RF6$,SYSTEM,DESKTOP-C332RF6,Negotiate,5,LogOn,Success
2026-04-21T21:25:53.433Z,DESKTOP-C332RF6$,SYSTEM,DESKTOP-C332RF6,Negotiate,5,LogOn,Success
2026-04-21T21:27:48.185Z,DESKTOP-C332RF6$,SYSTEM,DESKTOP-C332RF6,Negotiate,5,LogOn,Success
2026-04-21T21:28:48.273Z,DESKTOP-C332RF6$,SYSTEM,DESKTOP-C332RF6,Negotiate,5,LogOn,Success
2026-04-21T21:32:30.865Z,DESKTOP-C332RF6$,SYSTEM,DESKTOP-C332RF6,Negotiate,5,LogOn,Success
2026-04-21T21:38:06.478Z,DESKTOP-C332RF6$,SYSTEM,DESKTOP-C332RF6,Negotiate,5,LogOn,Success
2026-04-21T21:38:08.092Z,DESKTOP-C332RF6$,SYSTEM,DESKTOP-C332RF6,Negotiate,5,LogOn,Success
2026-04-21T21:38:08.219Z,DESKTOP-C332RF6$,SYSTEM,DESKTOP-C332RF6,Negotiate,5,LogOn,Success
2026-04-21T21:44:03.499Z,DESKTOP-C332RF6$,SYSTEM,DESKTOP-C332RF6,Negotiate,5,LogOn,Success
2026-04-21T21:47:27.765Z,DESKTOP-C332RF6$,SYSTEM,DESKTOP-C332RF6,Negotiate,5,LogOn,Success
2026-04-21T22:06:45.044Z,DESKTOP-C332RF6$,SYSTEM,DESKTOP-C332RF6,Negotiate,5,LogOn,Success
2026-04-21T22:11:28.180Z,DESKTOP-C332RF6$,SYSTEM,DESKTOP-C332RF6,Negotiate,5,LogOn,Success
2026-04-21T22:11:30.292Z,DESKTOP-C332RF6$,SYSTEM,DESKTOP-C332RF6,Negotiate,5,LogOn,Success
2026-04-21T22:18:35.542Z,DESKTOP-C332RF6$,SYSTEM,DESKTOP-C332RF6,Negotiate,5,LogOn,Success
2026-04-21T22:21:50.650Z,DESKTOP-C332RF6$,SYSTEM,DESKTOP-C332RF6,Negotiate,5,LogOn,Success
2026-04-21T22:43:25.322Z,DESKTOP-C332RF6$,SYSTEM,DESKTOP-C332RF6,Negotiate,5,LogOn,Success
2026-04-21T22:43:29.514Z,DESKTOP-C332RF6$,SYSTEM,DESKTOP-C332RF6,Negotiate,5,LogOn,Success
2026-04-21T22:44:03.503Z,DESKTOP-C332RF6$,SYSTEM,DESKTOP-C332RF6,Negotiate,5,LogOn,Success
2026-04-21T22:47:03.896Z,DESKTOP-C332RF6$,SYSTEM,DESKTOP-C332RF6,Negotiate,5,LogOn,Success
2026-04-21T22:47:19.106Z,DESKTOP-C332RF6$,SYSTEM,DESKTOP-C332RF6,Negotiate,5,LogOn,Success
2026-04-21T22:47:32.405Z,DESKTOP-C332RF6$,SYSTEM,DESKTOP-C332RF6,Negotiate,5,LogOn,Success
2026-04-21T22:47:33.375Z,DESKTOP-C332RF6$,SYSTEM,DESKTOP-C332RF6,Negotiate,5,LogOn,Success
2026-04-21T22:56:06.479Z,DESKTOP-C332RF6$,SYSTEM,DESKTOP-C332RF6,Negotiate,5,LogOn,Success
2026-04-21T23:02:52.613Z,DESKTOP-C332RF6$,SYSTEM,DESKTOP-C332RF6,Negotiate,5,LogOn,Success
2026-04-21T23:02:52.737Z,DESKTOP-C332RF6$,SYSTEM,DESKTOP-C332RF6,Negotiate,5,LogOn,Success
2026-04-21T23:11:42.848Z,DESKTOP-C332RF6$,SYSTEM,DESKTOP-C332RF6,Negotiate,5,LogOn,Success
2026-04-21T23:14:46.689Z,DESKTOP-C332RF6$,SYSTEM,DESKTOP-C332RF6,Negotiate,5,LogOn,Success
2026-04-21T23:14:47.735Z,DESKTOP-C332RF6$,SYSTEM,DESKTOP-C332RF6,Negotiate,5,LogOn,Success
2026-04-21T23:14:48.477Z,DESKTOP-C332RF6$,SYSTEM,DESKTOP-C332RF6,Negotiate,5,LogOn,Success
2026-04-21T23:14:49.790Z,DESKTOP-C332RF6$,SYSTEM,DESKTOP-C332RF6,Negotiate,5,LogOn,Success
2026-04-21T23:17:55.280Z,DESKTOP-C332RF6$,SYSTEM,DESKTOP-C332RF6,Negotiate,5,LogOn,Success
2026-04-21T23:18:40.191Z,-,SYSTEM,DESKTOP-C332RF6,-,0,LogOn,Success
2026-04-21T23:18:40.337Z,DESKTOP-C332RF6$,UMFD-0,DESKTOP-C332RF6,Negotiate,2,LogOn,Success
2026-04-21T23:18:40.339Z,DESKTOP-C332RF6$,SYSTEM,DESKTOP-C332RF6,Negotiate,5,LogOn,Success
2026-04-21T23:18:40.357Z,DESKTOP-C332RF6$,LOCAL SERVICE,DESKTOP-C332RF6,Negotiate,5,LogOn,Success
2026-04-21T23:18:40.382Z,DESKTOP-C332RF6$,NETWORK SERVICE,DESKTOP-C332RF6,Negotiate,5,LogOn,Success
2026-04-21T23:18:40.410Z,DESKTOP-C332RF6$,SYSTEM,DESKTOP-C332RF6,Negotiate,5,LogOn,Success
2026-04-21T23:18:40.771Z,DESKTOP-C332RF6$,UMFD-1,DESKTOP-C332RF6,Negotiate,2,LogOn,Success
2026-04-21T23:18:40.827Z,DESKTOP-C332RF6$,DWM-1,DESKTOP-C332RF6,Negotiate,2,LogOn,Success
2026-04-21T23:18:40.827Z,DESKTOP-C332RF6$,DWM-1,DESKTOP-C332RF6,Negotiate,2,LogOn,Success
2026-04-21T23:18:40.860Z,DESKTOP-C332RF6$,SYSTEM,DESKTOP-C332RF6,Negotiate,5,LogOn,Success
2026-04-21T23:18:40.860Z,DESKTOP-C332RF6$,SYSTEM,DESKTOP-C332RF6,Negotiate,5,LogOn,Success
2026-04-21T23:18:40.860Z,DESKTOP-C332RF6$,SYSTEM,DESKTOP-C332RF6,Negotiate,5,LogOn,Success
2026-04-21T23:18:40.860Z,DESKTOP-C332RF6$,SYSTEM,DESKTOP-C332RF6,Negotiate,5,LogOn,Success
2026-04-21T23:18:40.897Z,DESKTOP-C332RF6$,SYSTEM,DESKTOP-C332RF6,Negotiate,5,LogOn,Success
2026-04-21T23:18:40.898Z,DESKTOP-C332RF6$,SYSTEM,DESKTOP-C332RF6,Negotiate,5,LogOn,Success
2026-04-21T23:18:40.921Z,DESKTOP-C332RF6$,SYSTEM,DESKTOP-C332RF6,Negotiate,5,LogOn,Success
2026-04-21T23:18:40.926Z,DESKTOP-C332RF6$,SYSTEM,DESKTOP-C332RF6,Negotiate,5,LogOn,Success
2026-04-21T23:18:40.928Z,DESKTOP-C332RF6$,SYSTEM,DESKTOP-C332RF6,Negotiate,5,LogOn,Success
2026-04-21T23:18:40.933Z,DESKTOP-C332RF6$,SYSTEM,DESKTOP-C332RF6,Negotiate,5,LogOn,Success
2026-04-21T23:18:40.958Z,DESKTOP-C332RF6$,SYSTEM,DESKTOP-C332RF6,Negotiate,5,LogOn,Success
2026-04-21T23:18:40.959Z,DESKTOP-C332RF6$,SYSTEM,DESKTOP-C332RF6,Negotiate,5,LogOn,Success
2026-04-21T23:18:40.959Z,DESKTOP-C332RF6$,SYSTEM,DESKTOP-C332RF6,Negotiate,5,LogOn,Success
2026-04-21T23:18:41.025Z,DESKTOP-C332RF6$,SYSTEM,DESKTOP-C332RF6,Negotiate,5,LogOn,Success
2026-04-21T23:18:41.026Z,DESKTOP-C332RF6$,SYSTEM,DESKTOP-C332RF6,Negotiate,5,LogOn,Success
2026-04-21T23:18:41.086Z,DESKTOP-C332RF6$,SYSTEM,DESKTOP-C332RF6,Negotiate,5,LogOn,Success
2026-04-21T23:18:41.298Z,DESKTOP-C332RF6$,SYSTEM,DESKTOP-C332RF6,Negotiate,5,LogOn,Success
2026-04-21T23:18:41.369Z,DESKTOP-C332RF6$,SYSTEM,DESKTOP-C332RF6,Negotiate,5,LogOn,Success
2026-04-21T23:18:41.391Z,DESKTOP-C332RF6$,SYSTEM,DESKTOP-C332RF6,Negotiate,5,LogOn,Success
2026-04-21T23:18:41.391Z,DESKTOP-C332RF6$,SYSTEM,DESKTOP-C332RF6,Negotiate,5,LogOn,Success
2026-04-21T23:18:41.416Z,DESKTOP-C332RF6$,SYSTEM,DESKTOP-C332RF6,Negotiate,5,LogOn,Success
2026-04-21T23:18:41.431Z,DESKTOP-C332RF6$,SYSTEM,DESKTOP-C332RF6,Negotiate,5,LogOn,Success
2026-04-21T23:18:41.491Z,DESKTOP-C332RF6$,SYSTEM,DESKTOP-C332RF6,Negotiate,5,LogOn,Success
2026-04-21T23:18:41.568Z,DESKTOP-C332RF6$,SYSTEM,DESKTOP-C332RF6,Negotiate,5,LogOn,Success
2026-04-21T23:18:41.578Z,DESKTOP-C332RF6$,SYSTEM,DESKTOP-C332RF6,Negotiate,5,LogOn,Success
2026-04-21T23:18:41.578Z,DESKTOP-C332RF6$,SYSTEM,DESKTOP-C332RF6,Negotiate,5,LogOn,Success
2026-04-21T23:18:41.585Z,DESKTOP-C332RF6$,SYSTEM,DESKTOP-C332RF6,Negotiate,5,LogOn,Success
2026-04-21T23:18:41.634Z,DESKTOP-C332RF6$,SYSTEM,DESKTOP-C332RF6,Negotiate,5,LogOn,Success
2026-04-21T23:18:41.639Z,DESKTOP-C332RF6$,SYSTEM,DESKTOP-C332RF6,Negotiate,5,LogOn,Success
2026-04-21T23:18:41.662Z,DESKTOP-C332RF6$,SYSTEM,DESKTOP-C332RF6,Negotiate,5,LogOn,Success
2026-04-21T23:18:41.792Z,DESKTOP-C332RF6$,SYSTEM,DESKTOP-C332RF6,Negotiate,5,LogOn,Success
2026-04-21T23:18:41.935Z,DESKTOP-C332RF6$,SYSTEM,DESKTOP-C332RF6,Negotiate,5,LogOn,Success
2026-04-21T23:18:41.936Z,DESKTOP-C332RF6$,SYSTEM,DESKTOP-C332RF6,Negotiate,5,LogOn,Success
2026-04-21T23:18:41.938Z,DESKTOP-C332RF6$,SYSTEM,DESKTOP-C332RF6,Negotiate,5,LogOn,Success
2026-04-21T23:18:41.940Z,DESKTOP-C332RF6$,SYSTEM,DESKTOP-C332RF6,Negotiate,5,LogOn,Success
2026-04-21T23:18:41.940Z,DESKTOP-C332RF6$,SYSTEM,DESKTOP-C332RF6,Negotiate,5,LogOn,Success
2026-04-21T23:18:41.941Z,DESKTOP-C332RF6$,SYSTEM,DESKTOP-C332RF6,Negotiate,5,LogOn,Success
2026-04-21T23:18:42.246Z,DESKTOP-C332RF6$,SYSTEM,DESKTOP-C332RF6,Negotiate,5,LogOn,Success
2026-04-21T23:18:42.908Z,DESKTOP-C332RF6$,PC,DESKTOP-C332RF6,Negotiate,2,LogOn,Success
2026-04-21T23:18:42.908Z,DESKTOP-C332RF6$,PC,DESKTOP-C332RF6,Negotiate,2,LogOn,Success
2026-04-21T23:18:43.861Z,DESKTOP-C332RF6$,SYSTEM,DESKTOP-C332RF6,Negotiate,5,LogOn,Success
2026-04-21T23:18:47.307Z,DESKTOP-C332RF6$,SYSTEM,DESKTOP-C332RF6,Negotiate,5,LogOn,Success
2026-04-21T23:18:47.307Z,DESKTOP-C332RF6$,SYSTEM,DESKTOP-C332RF6,Negotiate,5,LogOn,Success
2026-04-21T23:18:47.529Z,DESKTOP-C332RF6$,SYSTEM,DESKTOP-C332RF6,Negotiate,5,LogOn,Success
2026-04-21T23:18:47.608Z,DESKTOP-C332RF6$,SYSTEM,DESKTOP-C332RF6,Negotiate,5,LogOn,Success
2026-04-21T23:18:47.815Z,DESKTOP-C332RF6$,SYSTEM,DESKTOP-C332RF6,Negotiate,5,LogOn,Success
2026-04-21T23:18:47.947Z,DESKTOP-C332RF6$,SYSTEM,DESKTOP-C332RF6,Negotiate,5,LogOn,Success
2026-04-21T23:18:47.947Z,DESKTOP-C332RF6$,SYSTEM,DESKTOP-C332RF6,Negotiate,5,LogOn,Success
2026-04-21T23:18:48.086Z,DESKTOP-C332RF6$,SYSTEM,DESKTOP-C332RF6,Negotiate,5,LogOn,Success
2026-04-21T23:18:50.420Z,DESKTOP-C332RF6$,SYSTEM,DESKTOP-C332RF6,Negotiate,5,LogOn,Success
2026-04-21T23:18:56.763Z,DESKTOP-C332RF6$,SYSTEM,DESKTOP-C332RF6,Negotiate,5,LogOn,Success
2026-04-21T23:19:04.164Z,DESKTOP-C332RF6$,SYSTEM,DESKTOP-C332RF6,Negotiate,5,LogOn,Success
2026-04-21T23:19:08.898Z,DESKTOP-C332RF6$,SYSTEM,DESKTOP-C332RF6,Negotiate,5,LogOn,Success
2026-04-21T23:19:44.249Z,DESKTOP-C332RF6$,SYSTEM,DESKTOP-C332RF6,Negotiate,5,LogOn,Success
2026-04-21T23:19:48.703Z,DESKTOP-C332RF6$,SYSTEM,DESKTOP-C332RF6,Negotiate,5,LogOn,Success
2026-04-21T23:19:48.710Z,DESKTOP-C332RF6$,SYSTEM,DESKTOP-C332RF6,Negotiate,5,LogOn,Success
2026-04-21T23:19:48.711Z,DESKTOP-C332RF6$,SYSTEM,DESKTOP-C332RF6,Negotiate,5,LogOn,Success
2026-04-21T23:19:48.719Z,DESKTOP-C332RF6$,SYSTEM,DESKTOP-C332RF6,Negotiate,5,LogOn,Success
2026-04-21T23:19:48.722Z,DESKTOP-C332RF6$,SYSTEM,DESKTOP-C332RF6,Negotiate,5,LogOn,Success
2026-04-21T23:19:48.725Z,DESKTOP-C332RF6$,SYSTEM,DESKTOP-C332RF6,Negotiate,5,LogOn,Success
2026-04-21T23:19:55.007Z,DESKTOP-C332RF6$,SYSTEM,DESKTOP-C332RF6,Negotiate,5,LogOn,Success
2026-04-21T23:20:00.189Z,DESKTOP-C332RF6$,SYSTEM,DESKTOP-C332RF6,Negotiate,5,LogOn,Success
2026-04-21T23:20:19.740Z,DESKTOP-C332RF6$,SYSTEM,DESKTOP-C332RF6,Negotiate,5,LogOn,Success
2026-04-21T23:20:19.793Z,DESKTOP-C332RF6$,SYSTEM,DESKTOP-C332RF6,Negotiate,5,LogOn,Success
2026-04-21T23:20:34.077Z,DESKTOP-C332RF6$,SYSTEM,DESKTOP-C332RF6,Negotiate,5,LogOn,Success
2026-04-21T23:20:48.279Z,DESKTOP-C332RF6$,SYSTEM,DESKTOP-C332RF6,Negotiate,5,LogOn,Success
2026-04-21T23:20:49.987Z,DESKTOP-C332RF6$,SYSTEM,DESKTOP-C332RF6,Negotiate,5,LogOn,Success
2026-04-21T23:23:52.823Z,DESKTOP-C332RF6$,SYSTEM,DESKTOP-C332RF6,Negotiate,5,LogOn,Success
2026-04-21T23:24:18.847Z,DESKTOP-C332RF6$,SYSTEM,DESKTOP-C332RF6,Negotiate,5,LogOn,Success
2026-04-21T23:26:11.786Z,DESKTOP-C332RF6$,SYSTEM,DESKTOP-C332RF6,Negotiate,5,LogOn,Success
2026-04-21T23:26:12.829Z,DESKTOP-C332RF6$,SYSTEM,DESKTOP-C332RF6,Negotiate,5,LogOn,Success
2026-04-21T23:30:46.703Z,DESKTOP-C332RF6$,SYSTEM,DESKTOP-C332RF6,Negotiate,5,LogOn,Success
2026-04-21T23:32:08.783Z,DESKTOP-C332RF6$,SYSTEM,DESKTOP-C332RF6,Negotiate,5,LogOn,Success
2026-04-21T23:33:52.129Z,DESKTOP-C332RF6$,SYSTEM,DESKTOP-C332RF6,Negotiate,5,LogOn,Success
2026-04-21T23:36:38.980Z,DESKTOP-C332RF6$,SYSTEM,DESKTOP-C332RF6,Negotiate,5,LogOn,Success
2026-04-21T23:37:07.649Z,-,SYSTEM,DESKTOP-C332RF6,-,0,LogOn,Success
2026-04-21T23:37:07.749Z,DESKTOP-C332RF6$,UMFD-0,DESKTOP-C332RF6,Negotiate,2,LogOn,Success
2026-04-21T23:37:07.751Z,DESKTOP-C332RF6$,SYSTEM,DESKTOP-C332RF6,Negotiate,5,LogOn,Success
2026-04-21T23:37:07.769Z,DESKTOP-C332RF6$,LOCAL SERVICE,DESKTOP-C332RF6,Negotiate,5,LogOn,Success
2026-04-21T23:37:07.787Z,DESKTOP-C332RF6$,NETWORK SERVICE,DESKTOP-C332RF6,Negotiate,5,LogOn,Success
2026-04-21T23:37:07.815Z,DESKTOP-C332RF6$,SYSTEM,DESKTOP-C332RF6,Negotiate,5,LogOn,Success
2026-04-21T23:37:08.236Z,DESKTOP-C332RF6$,UMFD-1,DESKTOP-C332RF6,Negotiate,2,LogOn,Success
2026-04-21T23:37:08.288Z,DESKTOP-C332RF6$,DWM-1,DESKTOP-C332RF6,Negotiate,2,LogOn,Success
2026-04-21T23:37:08.288Z,DESKTOP-C332RF6$,DWM-1,DESKTOP-C332RF6,Negotiate,2,LogOn,Success
2026-04-21T23:37:08.318Z,DESKTOP-C332RF6$,SYSTEM,DESKTOP-C332RF6,Negotiate,5,LogOn,Success
2026-04-21T23:37:08.319Z,DESKTOP-C332RF6$,SYSTEM,DESKTOP-C332RF6,Negotiate,5,LogOn,Success
2026-04-21T23:37:08.319Z,DESKTOP-C332RF6$,SYSTEM,DESKTOP-C332RF6,Negotiate,5,LogOn,Success
2026-04-21T23:37:08.319Z,DESKTOP-C332RF6$,SYSTEM,DESKTOP-C332RF6,Negotiate,5,LogOn,Success
2026-04-21T23:37:08.350Z,DESKTOP-C332RF6$,SYSTEM,DESKTOP-C332RF6,Negotiate,5,LogOn,Success
2026-04-21T23:37:08.350Z,DESKTOP-C332RF6$,SYSTEM,DESKTOP-C332RF6,Negotiate,5,LogOn,Success
2026-04-21T23:37:08.351Z,DESKTOP-C332RF6$,SYSTEM,DESKTOP-C332RF6,Negotiate,5,LogOn,Success
2026-04-21T23:37:08.372Z,DESKTOP-C332RF6$,SYSTEM,DESKTOP-C332RF6,Negotiate,5,LogOn,Success
2026-04-21T23:37:08.373Z,DESKTOP-C332RF6$,SYSTEM,DESKTOP-C332RF6,Negotiate,5,LogOn,Success
2026-04-21T23:37:08.377Z,DESKTOP-C332RF6$,SYSTEM,DESKTOP-C332RF6,Negotiate,5,LogOn,Success
2026-04-21T23:37:08.382Z,DESKTOP-C332RF6$,SYSTEM,DESKTOP-C332RF6,Negotiate,5,LogOn,Success
2026-04-21T23:37:08.398Z,DESKTOP-C332RF6$,SYSTEM,DESKTOP-C332RF6,Negotiate,5,LogOn,Success
2026-04-21T23:37:08.409Z,DESKTOP-C332RF6$,SYSTEM,DESKTOP-C332RF6,Negotiate,5,LogOn,Success
2026-04-21T23:37:08.463Z,DESKTOP-C332RF6$,SYSTEM,DESKTOP-C332RF6,Negotiate,5,LogOn,Success
2026-04-21T23:37:08.493Z,DESKTOP-C332RF6$,SYSTEM,DESKTOP-C332RF6,Negotiate,5,LogOn,Success
2026-04-21T23:37:08.798Z,DESKTOP-C332RF6$,SYSTEM,DESKTOP-C332RF6,Negotiate,5,LogOn,Success
2026-04-21T23:37:08.798Z,DESKTOP-C332RF6$,SYSTEM,DESKTOP-C332RF6,Negotiate,5,LogOn,Success
2026-04-21T23:37:08.820Z,DESKTOP-C332RF6$,SYSTEM,DESKTOP-C332RF6,Negotiate,5,LogOn,Success
2026-04-21T23:37:08.836Z,DESKTOP-C332RF6$,SYSTEM,DESKTOP-C332RF6,Negotiate,5,LogOn,Success
2026-04-21T23:37:08.921Z,DESKTOP-C332RF6$,SYSTEM,DESKTOP-C332RF6,Negotiate,5,LogOn,Success
2026-04-21T23:37:08.989Z,DESKTOP-C332RF6$,SYSTEM,DESKTOP-C332RF6,Negotiate,5,LogOn,Success
2026-04-21T23:37:09.007Z,DESKTOP-C332RF6$,SYSTEM,DESKTOP-C332RF6,Negotiate,5,LogOn,Success
2026-04-21T23:37:09.044Z,DESKTOP-C332RF6$,SYSTEM,DESKTOP-C332RF6,Negotiate,5,LogOn,Success
2026-04-21T23:37:09.173Z,DESKTOP-C332RF6$,SYSTEM,DESKTOP-C332RF6,Negotiate,5,LogOn,Success
2026-04-21T23:37:09.191Z,DESKTOP-C332RF6$,SYSTEM,DESKTOP-C332RF6,Negotiate,5,LogOn,Success
2026-04-21T23:37:09.207Z,DESKTOP-C332RF6$,SYSTEM,DESKTOP-C332RF6,Negotiate,5,LogOn,Success
2026-04-21T23:37:09.212Z,DESKTOP-C332RF6$,SYSTEM,DESKTOP-C332RF6,Negotiate,5,LogOn,Success
2026-04-21T23:37:09.325Z,DESKTOP-C332RF6$,SYSTEM,DESKTOP-C332RF6,Negotiate,5,LogOn,Success
2026-04-21T23:37:09.471Z,DESKTOP-C332RF6$,SYSTEM,DESKTOP-C332RF6,Negotiate,5,LogOn,Success
2026-04-21T23:37:09.491Z,DESKTOP-C332RF6$,SYSTEM,DESKTOP-C332RF6,Negotiate,5,LogOn,Success
2026-04-21T23:37:09.495Z,DESKTOP-C332RF6$,SYSTEM,DESKTOP-C332RF6,Negotiate,5,LogOn,Success
2026-04-21T23:37:09.495Z,DESKTOP-C332RF6$,SYSTEM,DESKTOP-C332RF6,Negotiate,5,LogOn,Success
2026-04-21T23:37:09.495Z,DESKTOP-C332RF6$,SYSTEM,DESKTOP-C332RF6,Negotiate,5,LogOn,Success
2026-04-21T23:37:09.497Z,DESKTOP-C332RF6$,SYSTEM,DESKTOP-C332RF6,Negotiate,5,LogOn,Success
2026-04-21T23:37:09.497Z,DESKTOP-C332RF6$,SYSTEM,DESKTOP-C332RF6,Negotiate,5,LogOn,Success
2026-04-21T23:37:09.670Z,DESKTOP-C332RF6$,SYSTEM,DESKTOP-C332RF6,Negotiate,5,LogOn,Success
2026-04-21T23:37:09.782Z,DESKTOP-C332RF6$,SYSTEM,DESKTOP-C332RF6,Negotiate,5,LogOn,Success
2026-04-21T23:37:10.152Z,DESKTOP-C332RF6$,SYSTEM,DESKTOP-C332RF6,Negotiate,5,LogOn,Success
2026-04-21T23:37:10.423Z,DESKTOP-C332RF6$,PC,DESKTOP-C332RF6,Negotiate,2,LogOn,Success
2026-04-21T23:37:10.423Z,DESKTOP-C332RF6$,PC,DESKTOP-C332RF6,Negotiate,2,LogOn,Success
2026-04-21T23:37:11.244Z,DESKTOP-C332RF6$,SYSTEM,DESKTOP-C332RF6,Negotiate,5,LogOn,Success
2026-04-21T23:37:14.640Z,DESKTOP-C332RF6$,SYSTEM,DESKTOP-C332RF6,Negotiate,5,LogOn,Success
2026-04-21T23:37:14.640Z,DESKTOP-C332RF6$,SYSTEM,DESKTOP-C332RF6,Negotiate,5,LogOn,Success
2026-04-21T23:37:14.848Z,DESKTOP-C332RF6$,SYSTEM,DESKTOP-C332RF6,Negotiate,5,LogOn,Success
2026-04-21T23:37:15.012Z,DESKTOP-C332RF6$,SYSTEM,DESKTOP-C332RF6,Negotiate,5,LogOn,Success
2026-04-21T23:37:15.290Z,DESKTOP-C332RF6$,SYSTEM,DESKTOP-C332RF6,Negotiate,5,LogOn,Success
2026-04-21T23:37:15.436Z,DESKTOP-C332RF6$,SYSTEM,DESKTOP-C332RF6,Negotiate,5,LogOn,Success
2026-04-21T23:37:18.213Z,DESKTOP-C332RF6$,SYSTEM,DESKTOP-C332RF6,Negotiate,5,LogOn,Success
2026-04-21T23:37:18.909Z,DESKTOP-C332RF6$,SYSTEM,DESKTOP-C332RF6,Negotiate,5,LogOn,Success
2026-04-21T23:37:23.117Z,DESKTOP-C332RF6$,SYSTEM,DESKTOP-C332RF6,Negotiate,5,LogOn,Success
2026-04-21T23:37:23.548Z,DESKTOP-C332RF6$,SYSTEM,DESKTOP-C332RF6,Negotiate,5,LogOn,Success
2026-04-21T23:37:28.237Z,DESKTOP-C332RF6$,SYSTEM,DESKTOP-C332RF6,Negotiate,5,LogOn,Success
2026-04-21T23:37:33.276Z,DESKTOP-C332RF6$,SYSTEM,DESKTOP-C332RF6,Negotiate,5,LogOn,Success
2026-04-21T23:38:21.252Z,DESKTOP-C332RF6$,SYSTEM,DESKTOP-C332RF6,Negotiate,5,LogOn,Success
2026-04-21T23:38:43.416Z,DESKTOP-C332RF6$,SYSTEM,DESKTOP-C332RF6,Negotiate,5,LogOn,Success
2026-04-21T23:39:01.366Z,DESKTOP-C332RF6$,SYSTEM,DESKTOP-C332RF6,Negotiate,5,LogOn,Success
2026-04-21T23:39:15.547Z,DESKTOP-C332RF6$,SYSTEM,DESKTOP-C332RF6,Negotiate,5,LogOn,Success
2026-04-21T23:39:17.344Z,DESKTOP-C332RF6$,SYSTEM,DESKTOP-C332RF6,Negotiate,5,LogOn,Success
2026-04-21T23:42:33.319Z,DESKTOP-C332RF6$,SYSTEM,DESKTOP-C332RF6,Negotiate,5,LogOn,Success
2026-04-21T23:43:19.469Z,DESKTOP-C332RF6$,SYSTEM,DESKTOP-C332RF6,Negotiate,5,LogOn,Success
2026-04-21T23:44:40.570Z,DESKTOP-C332RF6$,SYSTEM,DESKTOP-C332RF6,Negotiate,5,LogOn,Success
2026-04-21T23:46:10.498Z,DESKTOP-C332RF6$,SYSTEM,DESKTOP-C332RF6,Negotiate,5,LogOn,Success
2026-04-21T23:46:12.397Z,DESKTOP-C332RF6$,SYSTEM,DESKTOP-C332RF6,Negotiate,5,LogOn,Success
2026-04-21T23:50:13.089Z,DESKTOP-C332RF6$,SYSTEM,DESKTOP-C332RF6,Negotiate,5,LogOn,Success
2026-04-21T23:52:19.690Z,DESKTOP-C332RF6$,SYSTEM,DESKTOP-C332RF6,Negotiate,5,LogOn,Success
2026-04-21T23:53:25.229Z,DESKTOP-C332RF6$,SYSTEM,DESKTOP-C332RF6,Negotiate,5,LogOn,Success
2026-04-22T00:06:45.367Z,DESKTOP-C332RF6$,SYSTEM,DESKTOP-C332RF6,Negotiate,5,LogOn,Success
2026-04-22T00:07:19.762Z,DESKTOP-C332RF6$,SYSTEM,DESKTOP-C332RF6,Negotiate,5,LogOn,Success
2026-04-22T00:18:26.383Z,DESKTOP-C332RF6$,SYSTEM,DESKTOP-C332RF6,Negotiate,5,LogOn,Success
2026-04-22T00:24:14.201Z,DESKTOP-C332RF6$,SYSTEM,DESKTOP-C332RF6,Negotiate,5,LogOn,Success
2026-04-22T00:27:55.948Z,DESKTOP-C332RF6$,SYSTEM,DESKTOP-C332RF6,Negotiate,5,LogOn,Success
2026-04-22T00:27:56.403Z,DESKTOP-C332RF6$,SYSTEM,DESKTOP-C332RF6,Negotiate,5,LogOn,Success
2026-04-22T00:37:23.633Z,DESKTOP-C332RF6$,SYSTEM,DESKTOP-C332RF6,Negotiate,5,LogOn,Success
2026-04-22T00:43:03.477Z,DESKTOP-C332RF6$,SYSTEM,DESKTOP-C332RF6,Negotiate,5,LogOn,Success
2026-04-22T00:49:14.276Z,DESKTOP-C332RF6$,SYSTEM,DESKTOP-C332RF6,Negotiate,5,LogOn,Success
2026-04-22T00:49:14.520Z,DESKTOP-C332RF6$,SYSTEM,DESKTOP-C332RF6,Negotiate,5,LogOn,Success
2026-04-22T00:49:15.010Z,DESKTOP-C332RF6$,SYSTEM,DESKTOP-C332RF6,Negotiate,5,LogOn,Success
2026-04-22T00:49:16.257Z,DESKTOP-C332RF6$,SYSTEM,DESKTOP-C332RF6,Negotiate,5,LogOn,Success
2026-04-22T00:49:17.016Z,DESKTOP-C332RF6$,SYSTEM,DESKTOP-C332RF6,Negotiate,5,LogOn,Success
2026-04-22T00:49:18.653Z,DESKTOP-C332RF6$,PC,DESKTOP-C332RF6,Negotiate,2,LogOn,Success
2026-04-22T00:49:18.653Z,DESKTOP-C332RF6$,PC,DESKTOP-C332RF6,Negotiate,2,LogOn,Success
2026-04-22T00:49:18.654Z,,PC,DESKTOP-C332RF6,,2,LogOff,LogOff
2026-04-22T00:49:18.655Z,,PC,DESKTOP-C332RF6,,2,LogOff,LogOff
2026-04-22T00:52:47.077Z,DESKTOP-C332RF6$,SYSTEM,DESKTOP-C332RF6,Negotiate,5,LogOn,Success
2026-04-22T00:57:39.866Z,DESKTOP-C332RF6$,SYSTEM,DESKTOP-C332RF6,Negotiate,5,LogOn,Success
2026-04-22T00:57:54.556Z,DESKTOP-C332RF6$,SYSTEM,DESKTOP-C332RF6,Negotiate,5,LogOn,Success
2026-04-22T01:04:16.428Z,DESKTOP-C332RF6$,SYSTEM,DESKTOP-C332RF6,Negotiate,5,LogOn,Success
2026-04-22T01:10:32.779Z,DESKTOP-C332RF6$,UMFD-2,DESKTOP-C332RF6,Negotiate,2,LogOn,Success
2026-04-22T01:10:32.847Z,DESKTOP-C332RF6$,DWM-2,DESKTOP-C332RF6,Negotiate,2,LogOn,Success
2026-04-22T01:10:32.847Z,DESKTOP-C332RF6$,DWM-2,DESKTOP-C332RF6,Negotiate,2,LogOn,Success
2026-04-22T01:10:32.950Z,DESKTOP-C332RF6$,SYSTEM,DESKTOP-C332RF6,Negotiate,5,LogOn,Success
2026-04-22T01:10:46.005Z,DESKTOP-C332RF6$,SYSTEM,DESKTOP-C332RF6,Negotiate,5,LogOn,Success
2026-04-22T08:17:00.904Z,DESKTOP-C332RF6$,PC,DESKTOP-C332RF6,Negotiate,2,LogOn,Success
2026-04-22T08:17:00.904Z,DESKTOP-C332RF6$,PC,DESKTOP-C332RF6,Negotiate,2,LogOn,Success
2026-04-22T08:17:03.530Z,DESKTOP-C332RF6$,SYSTEM,DESKTOP-C332RF6,Negotiate,5,LogOn,Success
2026-04-22T08:17:04.184Z,DESKTOP-C332RF6$,SYSTEM,DESKTOP-C332RF6,Negotiate,5,LogOn,Success
2026-04-22T08:17:10.537Z,DESKTOP-C332RF6$,SYSTEM,DESKTOP-C332RF6,Negotiate,5,LogOn,Success
2026-04-22T08:17:14.833Z,DESKTOP-C332RF6$,SYSTEM,DESKTOP-C332RF6,Negotiate,5,LogOn,Success
2026-04-22T08:18:30.620Z,DESKTOP-C332RF6$,SYSTEM,DESKTOP-C332RF6,Negotiate,5,LogOn,Success
2026-04-22T08:20:27.188Z,DESKTOP-C332RF6$,SYSTEM,DESKTOP-C332RF6,Negotiate,5,LogOn,Success
2026-04-22T08:22:58.316Z,DESKTOP-C332RF6$,SYSTEM,DESKTOP-C332RF6,Negotiate,5,LogOn,Success
2026-04-22T08:22:58.364Z,DESKTOP-C332RF6$,SYSTEM,DESKTOP-C332RF6,Negotiate,5,LogOn,Success
2026-04-22T08:32:04.870Z,DESKTOP-C332RF6$,SYSTEM,DESKTOP-C332RF6,Negotiate,5,LogOn,Success
2026-04-22T08:33:46.889Z,DESKTOP-C332RF6$,SYSTEM,DESKTOP-C332RF6,Negotiate,5,LogOn,Success
2026-04-22T08:43:19.916Z,DESKTOP-C332RF6$,SYSTEM,DESKTOP-C332RF6,Negotiate,5,LogOn,Success
2026-04-22T08:43:33.902Z,DESKTOP-C332RF6$,SYSTEM,DESKTOP-C332RF6,Negotiate,5,LogOn,Success
2026-04-22T08:44:17.087Z,DESKTOP-C332RF6$,SYSTEM,DESKTOP-C332RF6,Negotiate,5,LogOn,Success
2026-04-22T08:44:59.661Z,DESKTOP-C332RF6$,UMFD-3,DESKTOP-C332RF6,Negotiate,2,LogOn,Success
2026-04-22T08:44:59.690Z,DESKTOP-C332RF6$,DWM-3,DESKTOP-C332RF6,Negotiate,2,LogOn,Success
2026-04-22T08:44:59.690Z,DESKTOP-C332RF6$,DWM-3,DESKTOP-C332RF6,Negotiate,2,LogOn,Success
2026-04-22T08:44:59.760Z,DESKTOP-C332RF6$,SYSTEM,DESKTOP-C332RF6,Negotiate,5,LogOn,Success
2026-04-22T08:45:05.020Z,,UMFD-2,DESKTOP-C332RF6,,2,LogOff,LogOff
2026-04-22T08:45:05.286Z,DESKTOP-C332RF6$,SYSTEM,DESKTOP-C332RF6,Negotiate,5,LogOn,Success
2026-04-22T08:45:06.066Z,DESKTOP-C332RF6$,SYSTEM,DESKTOP-C332RF6,Negotiate,5,LogOn,Success
2026-04-22T09:21:20.591Z,,DWM-2,DESKTOP-C332RF6,,2,LogOff,LogOff
2026-04-22T09:21:20.591Z,,DWM-2,DESKTOP-C332RF6,,2,LogOff,LogOff
2026-04-22T09:21:23.096Z,DESKTOP-C332RF6$,PC,DESKTOP-C332RF6,Negotiate,2,LogOn,Success
2026-04-22T09:21:23.096Z,DESKTOP-C332RF6$,PC,DESKTOP-C332RF6,Negotiate,2,LogOn,Success
2026-04-22T09:21:26.582Z,DESKTOP-C332RF6$,SYSTEM,DESKTOP-C332RF6,Negotiate,5,LogOn,Success
2026-04-22T09:21:34.958Z,DESKTOP-C332RF6$,SYSTEM,DESKTOP-C332RF6,Negotiate,5,LogOn,Success
2026-04-22T09:21:35.909Z,DESKTOP-C332RF6$,SYSTEM,DESKTOP-C332RF6,Negotiate,5,LogOn,Success
2026-04-22T09:23:08.658Z,DESKTOP-C332RF6$,SYSTEM,DESKTOP-C332RF6,Negotiate,5,LogOn,Success
2026-04-22T09:23:08.920Z,DESKTOP-C332RF6$,SYSTEM,DESKTOP-C332RF6,Negotiate,5,LogOn,Success
2026-04-22T09:24:39.867Z,DESKTOP-C332RF6$,SYSTEM,DESKTOP-C332RF6,Negotiate,5,LogOn,Success
2026-04-22T09:29:18.794Z,DESKTOP-C332RF6$,SYSTEM,DESKTOP-C332RF6,Negotiate,5,LogOn,Success
2026-04-22T09:36:27.179Z,DESKTOP-C332RF6$,SYSTEM,DESKTOP-C332RF6,Negotiate,5,LogOn,Success
2026-04-22T09:37:15.998Z,DESKTOP-C332RF6$,SYSTEM,DESKTOP-C332RF6,Negotiate,5,LogOn,Success
2026-04-22T09:49:38.277Z,DESKTOP-C332RF6$,SYSTEM,DESKTOP-C332RF6,Negotiate,5,LogOn,Success
2026-04-22T09:49:51.390Z,DESKTOP-C332RF6$,SYSTEM,DESKTOP-C332RF6,Negotiate,5,LogOn,Success
2026-04-22T09:49:53.301Z,DESKTOP-C332RF6$,SYSTEM,DESKTOP-C332RF6,Negotiate,5,LogOn,Success
2026-04-22T09:50:03.959Z,DESKTOP-C332RF6$,SYSTEM,DESKTOP-C332RF6,Negotiate,5,LogOn,Success
2026-04-22T10:06:27.253Z,DESKTOP-C332RF6$,SYSTEM,DESKTOP-C332RF6,Negotiate,5,LogOn,Success
2026-04-22T10:06:44.493Z,DESKTOP-C332RF6$,SYSTEM,DESKTOP-C332RF6,Negotiate,5,LogOn,Success
2026-04-22T10:09:22.622Z,DESKTOP-C332RF6$,SYSTEM,DESKTOP-C332RF6,Negotiate,5,LogOn,Success
2026-04-22T10:18:41.354Z,DESKTOP-C332RF6$,SYSTEM,DESKTOP-C332RF6,Negotiate,5,LogOn,Success
2026-04-22T10:19:45.905Z,DESKTOP-C332RF6$,SYSTEM,DESKTOP-C332RF6,Negotiate,5,LogOn,Success
2026-04-22T10:21:27.306Z,DESKTOP-C332RF6$,SYSTEM,DESKTOP-C332RF6,Negotiate,5,LogOn,Success
2026-04-22T10:36:27.364Z,DESKTOP-C332RF6$,SYSTEM,DESKTOP-C332RF6,Negotiate,5,LogOn,Success
2026-04-22T10:37:04.788Z,DESKTOP-C332RF6$,SYSTEM,DESKTOP-C332RF6,Negotiate,5,LogOn,Success
2026-04-22T10:38:54.602Z,DESKTOP-C332RF6$,SYSTEM,DESKTOP-C332RF6,Negotiate,5,LogOn,Success
2026-04-22T10:45:06.328Z,DESKTOP-C332RF6$,SYSTEM,DESKTOP-C332RF6,Negotiate,5,LogOn,Success
2026-04-22T10:45:56.941Z,DESKTOP-C332RF6$,SYSTEM,DESKTOP-C332RF6,Negotiate,5,LogOn,Success
2026-04-22T10:45:57.033Z,DESKTOP-C332RF6$,SYSTEM,DESKTOP-C332RF6,Negotiate,5,LogOn,Success
2026-04-22T10:45:57.998Z,DESKTOP-C332RF6$,SYSTEM,DESKTOP-C332RF6,Negotiate,5,LogOn,Success
2026-04-22T10:51:27.412Z,DESKTOP-C332RF6$,SYSTEM,DESKTOP-C332RF6,Negotiate,5,LogOn,Success
2026-04-22T10:52:14.884Z,DESKTOP-C332RF6$,SYSTEM,DESKTOP-C332RF6,Negotiate,5,LogOn,Success
2026-04-22T10:57:46.736Z,DESKTOP-C332RF6$,SYSTEM,DESKTOP-C332RF6,Negotiate,5,LogOn,Success
2026-04-22T10:57:58.861Z,DESKTOP-C332RF6$,SYSTEM,DESKTOP-C332RF6,Negotiate,5,LogOn,Success
2026-04-22T11:06:27.467Z,DESKTOP-C332RF6$,SYSTEM,DESKTOP-C332RF6,Negotiate,5,LogOn,Success
2026-04-22T11:06:44.798Z,DESKTOP-C332RF6$,SYSTEM,DESKTOP-C332RF6,Negotiate,5,LogOn,Success
2026-04-22T11:10:14.875Z,DESKTOP-C332RF6$,SYSTEM,DESKTOP-C332RF6,Negotiate,5,LogOn,Success
2026-04-22T11:12:17.275Z,DESKTOP-C332RF6$,SYSTEM,DESKTOP-C332RF6,Negotiate,5,LogOn,Success
2026-04-22T11:14:26.728Z,DESKTOP-C332RF6$,SYSTEM,DESKTOP-C332RF6,Negotiate,5,LogOn,Success
2026-04-22T11:14:33.878Z,DESKTOP-C332RF6$,SYSTEM,DESKTOP-C332RF6,Negotiate,5,LogOn,Success
2026-04-22T11:15:15.034Z,DESKTOP-C332RF6$,UMFD-4,DESKTOP-C332RF6,Negotiate,2,LogOn,Success
2026-04-22T11:15:15.078Z,DESKTOP-C332RF6$,DWM-4,DESKTOP-C332RF6,Negotiate,2,LogOn,Success
2026-04-22T11:15:15.078Z,DESKTOP-C332RF6$,DWM-4,DESKTOP-C332RF6,Negotiate,2,LogOn,Success
2026-04-22T11:15:15.192Z,DESKTOP-C332RF6$,SYSTEM,DESKTOP-C332RF6,Negotiate,5,LogOn,Success
2026-04-22T11:15:15.449Z,DESKTOP-C332RF6$,SYSTEM,DESKTOP-C332RF6,Negotiate,5,LogOn,Success
2026-04-22T11:15:39.420Z,,UMFD-3,DESKTOP-C332RF6,,2,LogOff,LogOff
2026-04-22T11:15:41.677Z,,DWM-3,DESKTOP-C332RF6,,2,LogOff,LogOff
2026-04-22T11:15:41.677Z,,DWM-3,DESKTOP-C332RF6,,2,LogOff,LogOff
2026-04-22T11:16:38.467Z,DESKTOP-C332RF6$,SYSTEM,DESKTOP-C332RF6,Negotiate,5,LogOn,Success
2026-04-22T11:58:03.191Z,DESKTOP-C332RF6$,SYSTEM,DESKTOP-C332RF6,Negotiate,5,LogOn,Success
2026-04-22T11:58:05.016Z,DESKTOP-C332RF6$,PC,DESKTOP-C332RF6,Negotiate,2,LogOn,Success
2026-04-22T11:58:05.016Z,DESKTOP-C332RF6$,PC,DESKTOP-C332RF6,Negotiate,2,LogOn,Success
2026-04-22T11:58:07.236Z,DESKTOP-C332RF6$,SYSTEM,DESKTOP-C332RF6,Negotiate,5,LogOn,Success
2026-04-22T11:58:08.112Z,DESKTOP-C332RF6$,SYSTEM,DESKTOP-C332RF6,Negotiate,5,LogOn,Success
2026-04-22T11:58:13.600Z,DESKTOP-C332RF6$,SYSTEM,DESKTOP-C332RF6,Negotiate,5,LogOn,Success
2026-04-22T11:58:15.900Z,DESKTOP-C332RF6$,SYSTEM,DESKTOP-C332RF6,Negotiate,5,LogOn,Success
2026-04-22T11:59:49.091Z,DESKTOP-C332RF6$,SYSTEM,DESKTOP-C332RF6,Negotiate,5,LogOn,Success
2026-04-22T12:05:35.399Z,DESKTOP-C332RF6$,SYSTEM,DESKTOP-C332RF6,Negotiate,5,LogOn,Success
2026-04-22T12:12:35.086Z,DESKTOP-C332RF6$,SYSTEM,DESKTOP-C332RF6,Negotiate,5,LogOn,Success
2026-04-22T12:13:08.607Z,DESKTOP-C332RF6$,SYSTEM,DESKTOP-C332RF6,Negotiate,5,LogOn,Success
2026-04-22T12:14:09.642Z,DESKTOP-C332RF6$,SYSTEM,DESKTOP-C332RF6,Negotiate,5,LogOn,Success
2026-04-22T12:17:02.439Z,DESKTOP-C332RF6$,SYSTEM,DESKTOP-C332RF6,Negotiate,5,LogOn,Success
2026-04-22T12:23:13.990Z,DESKTOP-C332RF6$,SYSTEM,DESKTOP-C332RF6,Negotiate,5,LogOn,Success
2026-04-22T12:28:08.666Z,DESKTOP-C332RF6$,SYSTEM,DESKTOP-C332RF6,Negotiate,5,LogOn,Success
2026-04-22T12:29:10.103Z,DESKTOP-C332RF6$,SYSTEM,DESKTOP-C332RF6,Negotiate,5,LogOn,Success
2026-04-22T12:43:25.401Z,DESKTOP-C332RF6$,SYSTEM,DESKTOP-C332RF6,Negotiate,5,LogOn,Success
2026-04-22T12:58:08.732Z,DESKTOP-C332RF6$,SYSTEM,DESKTOP-C332RF6,Negotiate,5,LogOn,Success
2026-04-22T13:01:07.375Z,DESKTOP-C332RF6$,SYSTEM,DESKTOP-C332RF6,Negotiate,5,LogOn,Success
2026-04-22T13:06:44.788Z,DESKTOP-C332RF6$,SYSTEM,DESKTOP-C332RF6,Negotiate,5,LogOn,Success
2026-04-22T13:13:35.359Z,DESKTOP-C332RF6$,SYSTEM,DESKTOP-C332RF6,Negotiate,5,LogOn,Success
2026-04-22T13:28:08.792Z,DESKTOP-C332RF6$,SYSTEM,DESKTOP-C332RF6,Negotiate,5,LogOn,Success
2026-04-22T13:41:29.358Z,DESKTOP-C332RF6$,SYSTEM,DESKTOP-C332RF6,Negotiate,5,LogOn,Success
2026-04-22T13:43:18.850Z,DESKTOP-C332RF6$,SYSTEM,DESKTOP-C332RF6,Negotiate,5,LogOn,Success
2026-04-22T13:49:10.667Z,DESKTOP-C332RF6$,SYSTEM,DESKTOP-C332RF6,Negotiate,5,LogOn,Success
2026-04-22T13:53:29.865Z,DESKTOP-C332RF6$,UMFD-5,DESKTOP-C332RF6,Negotiate,2,LogOn,Success
2026-04-22T13:53:29.900Z,DESKTOP-C332RF6$,DWM-5,DESKTOP-C332RF6,Negotiate,2,LogOn,Success
2026-04-22T13:53:29.900Z,DESKTOP-C332RF6$,DWM-5,DESKTOP-C332RF6,Negotiate,2,LogOn,Success
2026-04-22T13:53:29.915Z,DESKTOP-C332RF6$,SYSTEM,DESKTOP-C332RF6,Negotiate,5,LogOn,Success
2026-04-22T13:53:29.972Z,DESKTOP-C332RF6$,SYSTEM,DESKTOP-C332RF6,Negotiate,5,LogOn,Success
2026-04-22T13:53:35.348Z,,UMFD-4,DESKTOP-C332RF6,,2,LogOff,LogOff
2026-04-22T13:53:36.234Z,DESKTOP-C332RF6$,SYSTEM,DESKTOP-C332RF6,Negotiate,5,LogOn,Success
2026-04-22T14:39:13.524Z,,DWM-4,DESKTOP-C332RF6,,2,LogOff,LogOff
2026-04-22T14:39:13.524Z,,DWM-4,DESKTOP-C332RF6,,2,LogOff,LogOff
2026-04-22T14:39:15.851Z,DESKTOP-C332RF6$,PC,DESKTOP-C332RF6,Negotiate,2,LogOn,Success
2026-04-22T14:39:15.851Z,DESKTOP-C332RF6$,PC,DESKTOP-C332RF6,Negotiate,2,LogOn,Success
2026-04-22T14:39:18.796Z,DESKTOP-C332RF6$,SYSTEM,DESKTOP-C332RF6,Negotiate,5,LogOn,Success
2026-04-22T14:39:19.329Z,DESKTOP-C332RF6$,SYSTEM,DESKTOP-C332RF6,Negotiate,5,LogOn,Success
2026-04-22T14:39:25.511Z,DESKTOP-C332RF6$,SYSTEM,DESKTOP-C332RF6,Negotiate,5,LogOn,Success
2026-04-22T14:39:29.335Z,DESKTOP-C332RF6$,SYSTEM,DESKTOP-C332RF6,Negotiate,5,LogOn,Success
2026-04-22T14:40:21.238Z,DESKTOP-C332RF6$,SYSTEM,DESKTOP-C332RF6,Negotiate,5,LogOn,Success
2026-04-22T14:41:00.996Z,DESKTOP-C332RF6$,SYSTEM,DESKTOP-C332RF6,Negotiate,5,LogOn,Success
2026-04-22T14:41:18.328Z,DESKTOP-C332RF6$,SYSTEM,DESKTOP-C332RF6,Negotiate,5,LogOn,Success
2026-04-22T14:46:05.715Z,DESKTOP-C332RF6$,SYSTEM,DESKTOP-C332RF6,Negotiate,5,LogOn,Success
2026-04-22T14:46:06.416Z,DESKTOP-C332RF6$,SYSTEM,DESKTOP-C332RF6,Negotiate,5,LogOn,Success
2026-04-22T14:46:06.523Z,DESKTOP-C332RF6$,SYSTEM,DESKTOP-C332RF6,Negotiate,5,LogOn,Success
2026-04-22T14:46:07.488Z,DESKTOP-C332RF6$,SYSTEM,DESKTOP-C332RF6,Negotiate,5,LogOn,Success
2026-04-22T14:53:15.635Z,DESKTOP-C332RF6$,SYSTEM,DESKTOP-C332RF6,Negotiate,5,LogOn,Success
2026-04-22T14:53:20.100Z,DESKTOP-C332RF6$,SYSTEM,DESKTOP-C332RF6,Negotiate,5,LogOn,Success
2026-04-22T14:57:58.597Z,DESKTOP-C332RF6$,SYSTEM,DESKTOP-C332RF6,Negotiate,5,LogOn,Success
2026-04-22T14:59:38.695Z,DESKTOP-C332RF6$,SYSTEM,DESKTOP-C332RF6,Negotiate,5,LogOn,Success
2026-04-22T15:00:16.775Z,DESKTOP-C332RF6$,SYSTEM,DESKTOP-C332RF6,Negotiate,5,LogOn,Success
2026-04-22T15:00:17.463Z,DESKTOP-C332RF6$,SYSTEM,DESKTOP-C332RF6,Negotiate,5,LogOn,Success
2026-04-22T15:00:18.422Z,DESKTOP-C332RF6$,SYSTEM,DESKTOP-C332RF6,Negotiate,5,LogOn,Success
2026-04-22T15:01:07.618Z,DESKTOP-C332RF6$,SYSTEM,DESKTOP-C332RF6,Negotiate,5,LogOn,Success
2026-04-22T15:05:53.544Z,DESKTOP-C332RF6$,SYSTEM,DESKTOP-C332RF6,Negotiate,5,LogOn,Success
2026-04-22T15:05:54.143Z,DESKTOP-C332RF6$,SYSTEM,DESKTOP-C332RF6,Negotiate,5,LogOn,Success
2026-04-22T15:09:19.839Z,DESKTOP-C332RF6$,SYSTEM,DESKTOP-C332RF6,Negotiate,5,LogOn,Success
2026-04-22T15:16:06.241Z,DESKTOP-C332RF6$,SYSTEM,DESKTOP-C332RF6,Negotiate,5,LogOn,Success
2026-04-22T15:24:37.854Z,DESKTOP-C332RF6$,SYSTEM,DESKTOP-C332RF6,Negotiate,5,LogOn,Success
2026-04-22T15:31:06.624Z,DESKTOP-C332RF6$,SYSTEM,DESKTOP-C332RF6,Negotiate,5,LogOn,Success
2026-04-22T15:34:02.118Z,DESKTOP-C332RF6$,SYSTEM,DESKTOP-C332RF6,Negotiate,5,LogOn,Success
2026-04-22T15:34:13.500Z,DESKTOP-C332RF6$,UMFD-6,DESKTOP-C332RF6,Negotiate,2,LogOn,Success
2026-04-22T15:34:13.544Z,DESKTOP-C332RF6$,DWM-6,DESKTOP-C332RF6,Negotiate,2,LogOn,Success
2026-04-22T15:34:13.544Z,DESKTOP-C332RF6$,DWM-6,DESKTOP-C332RF6,Negotiate,2,LogOn,Success
2026-04-22T15:34:13.564Z,DESKTOP-C332RF6$,SYSTEM,DESKTOP-C332RF6,Negotiate,5,LogOn,Success
2026-04-22T15:34:13.822Z,DESKTOP-C332RF6$,SYSTEM,DESKTOP-C332RF6,Negotiate,5,LogOn,Success
2026-04-22T15:34:19.124Z,,UMFD-5,DESKTOP-C332RF6,,2,LogOff,LogOff
2026-04-22T15:34:20.372Z,DESKTOP-C332RF6$,SYSTEM,DESKTOP-C332RF6,Negotiate,5,LogOn,Success
2026-04-22T16:00:37.593Z,,DWM-5,DESKTOP-C332RF6,,2,LogOff,LogOff
2026-04-22T16:00:37.593Z,,DWM-5,DESKTOP-C332RF6,,2,LogOff,LogOff
2026-04-22T16:00:39.814Z,DESKTOP-C332RF6$,PC,DESKTOP-C332RF6,Negotiate,2,LogOn,Success
2026-04-22T16:00:39.814Z,DESKTOP-C332RF6$,PC,DESKTOP-C332RF6,Negotiate,2,LogOn,Success
2026-04-22T16:00:41.226Z,DESKTOP-C332RF6$,SYSTEM,DESKTOP-C332RF6,Negotiate,5,LogOn,Success
2026-04-22T16:00:42.966Z,DESKTOP-C332RF6$,SYSTEM,DESKTOP-C332RF6,Negotiate,5,LogOn,Success
2026-04-22T16:00:50.004Z,DESKTOP-C332RF6$,SYSTEM,DESKTOP-C332RF6,Negotiate,5,LogOn,Success
2026-04-22T16:00:53.720Z,DESKTOP-C332RF6$,SYSTEM,DESKTOP-C332RF6,Negotiate,5,LogOn,Success
2026-04-22T16:02:25.073Z,DESKTOP-C332RF6$,SYSTEM,DESKTOP-C332RF6,Negotiate,5,LogOn,Success
2026-04-22T16:14:47.849Z,DESKTOP-C332RF6$,SYSTEM,DESKTOP-C332RF6,Negotiate,5,LogOn,Success
2026-04-22T16:15:44.347Z,DESKTOP-C332RF6$,SYSTEM,DESKTOP-C332RF6,Negotiate,5,LogOn,Success
2026-04-22T16:29:00.439Z,DESKTOP-C332RF6$,SYSTEM,DESKTOP-C332RF6,Negotiate,5,LogOn,Success
2026-04-22T16:30:44.425Z,DESKTOP-C332RF6$,SYSTEM,DESKTOP-C332RF6,Negotiate,5,LogOn,Success
2026-04-22T16:40:37.488Z,DESKTOP-C332RF6$,SYSTEM,DESKTOP-C332RF6,Negotiate,5,LogOn,Success
2026-04-22T16:45:59.004Z,DESKTOP-C332RF6$,SYSTEM,DESKTOP-C332RF6,Negotiate,5,LogOn,Success
2026-04-22T16:46:42.035Z,DESKTOP-C332RF6$,SYSTEM,DESKTOP-C332RF6,Negotiate,5,LogOn,Success
2026-04-22T16:48:12.827Z,DESKTOP-C332RF6$,SYSTEM,DESKTOP-C332RF6,Negotiate,5,LogOn,Success
2026-04-22T16:48:31.773Z,DESKTOP-C332RF6$,SYSTEM,DESKTOP-C332RF6,Negotiate,5,LogOn,Success
2026-04-22T16:48:32.778Z,DESKTOP-C332RF6$,SYSTEM,DESKTOP-C332RF6,Negotiate,5,LogOn,Success
2026-04-22T16:49:07.255Z,DESKTOP-C332RF6$,SYSTEM,DESKTOP-C332RF6,Negotiate,5,LogOn,Success
2026-04-22T16:49:08.070Z,DESKTOP-C332RF6$,SYSTEM,DESKTOP-C332RF6,Negotiate,5,LogOn,Success
2026-04-22T16:50:32.884Z,DESKTOP-C332RF6$,SYSTEM,DESKTOP-C332RF6,Negotiate,5,LogOn,Success
2026-04-22T16:52:16.861Z,DESKTOP-C332RF6$,SYSTEM,DESKTOP-C332RF6,Negotiate,5,LogOn,Success
2026-04-22T16:55:15.897Z,DESKTOP-C332RF6$,OracleOraDB21Home1MTSRecoveryService,DESKTOP-C332RF6,Negotiate,5,LogOn,Success
2026-04-22T16:55:26.771Z,DESKTOP-C332RF6$,OracleOraDB21Home1TNSListener,DESKTOP-C332RF6,Negotiate,5,LogOn,Success
2026-04-22T16:55:57.146Z,DESKTOP-C332RF6$,OracleServiceORCL,DESKTOP-C332RF6,Negotiate,5,LogOn,Success
2026-04-22T16:56:00.410Z,DESKTOP-C332RF6$,OracleVssWriterORCL,DESKTOP-C332RF6,Negotiate,5,LogOn,Success
2026-04-22T17:00:18.360Z,DESKTOP-C332RF6$,SYSTEM,DESKTOP-C332RF6,Negotiate,5,LogOn,Success
2026-04-22T17:00:44.506Z,DESKTOP-C332RF6$,SYSTEM,DESKTOP-C332RF6,Negotiate,5,LogOn,Success
2026-04-22T17:01:08.411Z,DESKTOP-C332RF6$,SYSTEM,DESKTOP-C332RF6,Negotiate,5,LogOn,Success
2026-04-22T17:05:05.005Z,DESKTOP-C332RF6$,SYSTEM,DESKTOP-C332RF6,Negotiate,5,LogOn,Success
2026-04-22T17:12:56.701Z,DESKTOP-C332RF6$,SYSTEM,DESKTOP-C332RF6,Negotiate,5,LogOn,Success
2026-04-22T17:14:40.356Z,DESKTOP-C332RF6$,SYSTEM,DESKTOP-C332RF6,Negotiate,5,LogOn,Success
2026-04-22T17:15:44.580Z,DESKTOP-C332RF6$,SYSTEM,DESKTOP-C332RF6,Negotiate,5,LogOn,Success
2026-04-22T17:19:29.908Z,DESKTOP-C332RF6$,SYSTEM,DESKTOP-C332RF6,Negotiate,5,LogOn,Success
2026-04-22T17:22:28.328Z,DESKTOP-C332RF6$,UMFD-7,DESKTOP-C332RF6,Negotiate,2,LogOn,Success
2026-04-22T17:22:28.374Z,DESKTOP-C332RF6$,DWM-7,DESKTOP-C332RF6,Negotiate,2,LogOn,Success
2026-04-22T17:22:28.374Z,DESKTOP-C332RF6$,DWM-7,DESKTOP-C332RF6,Negotiate,2,LogOn,Success
2026-04-22T17:22:28.480Z,DESKTOP-C332RF6$,SYSTEM,DESKTOP-C332RF6,Negotiate,5,LogOn,Success
2026-04-22T17:22:28.697Z,DESKTOP-C332RF6$,SYSTEM,DESKTOP-C332RF6,Negotiate,5,LogOn,Success
2026-04-22T17:22:33.982Z,,UMFD-6,DESKTOP-C332RF6,,2,LogOff,LogOff
2026-04-22T17:22:35.578Z,,DWM-6,DESKTOP-C332RF6,,2,LogOff,LogOff
2026-04-22T17:22:35.578Z,,DWM-6,DESKTOP-C332RF6,,2,LogOff,LogOff
2026-04-22T17:22:35.939Z,DESKTOP-C332RF6$,SYSTEM,DESKTOP-C332RF6,Negotiate,5,LogOn,Success
2026-04-22T19:34:54.235Z,DESKTOP-C332RF6$,SYSTEM,DESKTOP-C332RF6,Negotiate,5,LogOn,Success
2026-04-22T19:34:55.694Z,DESKTOP-C332RF6$,PC,DESKTOP-C332RF6,Negotiate,2,LogOn,Success
2026-04-22T19:34:55.694Z,DESKTOP-C332RF6$,PC,DESKTOP-C332RF6,Negotiate,2,LogOn,Success
2026-04-22T19:34:59.432Z,DESKTOP-C332RF6$,SYSTEM,DESKTOP-C332RF6,Negotiate,5,LogOn,Success
2026-04-22T19:35:00.585Z,DESKTOP-C332RF6$,SYSTEM,DESKTOP-C332RF6,Negotiate,5,LogOn,Success
2026-04-22T19:35:06.400Z,DESKTOP-C332RF6$,SYSTEM,DESKTOP-C332RF6,Negotiate,5,LogOn,Success
2026-04-22T19:44:57.612Z,DESKTOP-C332RF6$,SYSTEM,DESKTOP-C332RF6,Negotiate,5,LogOn,Success
2026-04-22T19:45:19.015Z,DESKTOP-C332RF6$,SYSTEM,DESKTOP-C332RF6,Negotiate,5,LogOn,Success
2026-04-22T19:47:45.376Z,DESKTOP-C332RF6$,SYSTEM,DESKTOP-C332RF6,Negotiate,5,LogOn,Success
2026-04-22T19:47:45.410Z,DESKTOP-C332RF6$,SYSTEM,DESKTOP-C332RF6,Negotiate,5,LogOn,Success
2026-04-22T19:50:01.278Z,DESKTOP-C332RF6$,SYSTEM,DESKTOP-C332RF6,Negotiate,5,LogOn,Success
2026-04-22T20:06:45.735Z,DESKTOP-C332RF6$,SYSTEM,DESKTOP-C332RF6,Negotiate,5,LogOn,Success
2026-04-22T20:20:01.338Z,DESKTOP-C332RF6$,SYSTEM,DESKTOP-C332RF6,Negotiate,5,LogOn,Success
2026-04-22T20:25:10.814Z,DESKTOP-C332RF6$,SYSTEM,DESKTOP-C332RF6,Negotiate,5,LogOn,Success
2026-04-22T20:50:01.406Z,DESKTOP-C332RF6$,SYSTEM,DESKTOP-C332RF6,Negotiate,5,LogOn,Success
2026-04-22T21:06:45.438Z,DESKTOP-C332RF6$,SYSTEM,DESKTOP-C332RF6,Negotiate,5,LogOn,Success
2026-04-22T21:08:06.924Z,DESKTOP-C332RF6$,SYSTEM,DESKTOP-C332RF6,Negotiate,5,LogOn,Success
2026-04-22T21:08:37.298Z,DESKTOP-C332RF6$,SYSTEM,DESKTOP-C332RF6,Negotiate,5,LogOn,Success
2026-04-22T21:17:39.007Z,DESKTOP-C332RF6$,SYSTEM,DESKTOP-C332RF6,Negotiate,5,LogOn,Success
2026-04-22T21:17:39.091Z,DESKTOP-C332RF6$,SYSTEM,DESKTOP-C332RF6,Negotiate,5,LogOn,Success
2026-04-22T21:17:40.067Z,DESKTOP-C332RF6$,SYSTEM,DESKTOP-C332RF6,Negotiate,5,LogOn,Success
2026-04-22T21:19:33.318Z,DESKTOP-C332RF6$,SYSTEM,DESKTOP-C332RF6,Negotiate,5,LogOn,Success
2026-04-22T21:20:03.335Z,DESKTOP-C332RF6$,SYSTEM,DESKTOP-C332RF6,Negotiate,5,LogOn,Success
2026-04-22T21:21:24.353Z,DESKTOP-C332RF6$,SYSTEM,DESKTOP-C332RF6,Negotiate,5,LogOn,Success
2026-04-22T21:25:45.339Z,DESKTOP-C332RF6$,SYSTEM,DESKTOP-C332RF6,Negotiate,5,LogOn,Success
2026-04-22T21:26:34.726Z,DESKTOP-C332RF6$,SYSTEM,DESKTOP-C332RF6,Negotiate,5,LogOn,Success
2026-04-22T21:34:57.092Z,DESKTOP-C332RF6$,SYSTEM,DESKTOP-C332RF6,Negotiate,5,LogOn,Success
2026-04-22T21:34:57.137Z,DESKTOP-C332RF6$,SYSTEM,DESKTOP-C332RF6,Negotiate,5,LogOn,Success
2026-04-22T21:35:03.394Z,DESKTOP-C332RF6$,SYSTEM,DESKTOP-C332RF6,Negotiate,5,LogOn,Success
2026-04-22T21:40:16.178Z,DESKTOP-C332RF6$,SYSTEM,DESKTOP-C332RF6,Negotiate,5,LogOn,Success
2026-04-22T21:43:39.997Z,DESKTOP-C332RF6$,SYSTEM,DESKTOP-C332RF6,Negotiate,5,LogOn,Success
2026-04-22T21:50:03.455Z,DESKTOP-C332RF6$,SYSTEM,DESKTOP-C332RF6,Negotiate,5,LogOn,Success
2026-04-22T22:06:28.159Z,DESKTOP-C332RF6$,SYSTEM,DESKTOP-C332RF6,Negotiate,5,LogOn,Success
2026-04-22T22:06:35.193Z,DESKTOP-C332RF6$,SYSTEM,DESKTOP-C332RF6,Negotiate,5,LogOn,Success
2026-04-22T22:06:38.050Z,DESKTOP-C332RF6$,SYSTEM,DESKTOP-C332RF6,Negotiate,5,LogOn,Success
2026-04-22T22:06:42.186Z,DESKTOP-C332RF6$,UMFD-8,DESKTOP-C332RF6,Negotiate,2,LogOn,Success
2026-04-22T22:06:42.226Z,DESKTOP-C332RF6$,DWM-8,DESKTOP-C332RF6,Negotiate,2,LogOn,Success
2026-04-22T22:06:42.226Z,DESKTOP-C332RF6$,DWM-8,DESKTOP-C332RF6,Negotiate,2,LogOn,Success
2026-04-22T22:06:42.315Z,DESKTOP-C332RF6$,SYSTEM,DESKTOP-C332RF6,Negotiate,5,LogOn,Success
2026-04-22T22:06:51.282Z,,UMFD-7,DESKTOP-C332RF6,,2,LogOff,LogOff
2026-04-22T22:06:52.600Z,,DWM-7,DESKTOP-C332RF6,,2,LogOff,LogOff
2026-04-22T22:06:52.600Z,,DWM-7,DESKTOP-C332RF6,,2,LogOff,LogOff
2026-04-22T22:06:52.968Z,DESKTOP-C332RF6$,SYSTEM,DESKTOP-C332RF6,Negotiate,5,LogOn,Success
2026-04-23T07:43:10.087Z,DESKTOP-C332RF6$,PC,DESKTOP-C332RF6,Negotiate,2,LogOn,Success
2026-04-23T07:43:10.087Z,DESKTOP-C332RF6$,PC,DESKTOP-C332RF6,Negotiate,2,LogOn,Success
2026-04-23T07:43:12.658Z,DESKTOP-C332RF6$,SYSTEM,DESKTOP-C332RF6,Negotiate,5,LogOn,Success
2026-04-23T07:43:20.397Z,DESKTOP-C332RF6$,SYSTEM,DESKTOP-C332RF6,Negotiate,5,LogOn,Success
2026-04-23T07:43:23.189Z,DESKTOP-C332RF6$,SYSTEM,DESKTOP-C332RF6,Negotiate,5,LogOn,Success
2026-04-23T07:44:55.012Z,DESKTOP-C332RF6$,SYSTEM,DESKTOP-C332RF6,Negotiate,5,LogOn,Success
2026-04-23T07:49:06.643Z,DESKTOP-C332RF6$,SYSTEM,DESKTOP-C332RF6,Negotiate,5,LogOn,Success
2026-04-23T07:49:06.742Z,DESKTOP-C332RF6$,SYSTEM,DESKTOP-C332RF6,Negotiate,5,LogOn,Success
2026-04-23T07:49:07.451Z,DESKTOP-C332RF6$,SYSTEM,DESKTOP-C332RF6,Negotiate,5,LogOn,Success
2026-04-23T07:49:07.513Z,DESKTOP-C332RF6$,SYSTEM,DESKTOP-C332RF6,Negotiate,5,LogOn,Success
2026-04-23T07:50:13.369Z,DESKTOP-C332RF6$,SYSTEM,DESKTOP-C332RF6,Negotiate,5,LogOn,Success
2026-04-23T07:50:15.375Z,DESKTOP-C332RF6$,SYSTEM,DESKTOP-C332RF6,Negotiate,5,LogOn,Success
2026-04-23T07:53:44.419Z,DESKTOP-C332RF6$,SYSTEM,DESKTOP-C332RF6,Negotiate,5,LogOn,Success
2026-04-23T08:00:41.276Z,DESKTOP-C332RF6$,SYSTEM,DESKTOP-C332RF6,Negotiate,5,LogOn,Success
2026-04-23T08:00:43.525Z,DESKTOP-C332RF6$,SYSTEM,DESKTOP-C332RF6,Negotiate,5,LogOn,Success
2026-04-23T08:11:57.060Z,DESKTOP-C332RF6$,SYSTEM,DESKTOP-C332RF6,Negotiate,5,LogOn,Success
2026-04-23T08:11:57.171Z,DESKTOP-C332RF6$,SYSTEM,DESKTOP-C332RF6,Negotiate,5,LogOn,Success
2026-04-23T08:11:58.188Z,DESKTOP-C332RF6$,SYSTEM,DESKTOP-C332RF6,Negotiate,5,LogOn,Success
2026-04-23T08:13:14.811Z,DESKTOP-C332RF6$,SYSTEM,DESKTOP-C332RF6,Negotiate,5,LogOn,Success
2026-04-23T08:16:11.475Z,DESKTOP-C332RF6$,SYSTEM,DESKTOP-C332RF6,Negotiate,5,LogOn,Success
2026-04-23T08:17:06.144Z,DESKTOP-C332RF6$,SYSTEM,DESKTOP-C332RF6,Negotiate,5,LogOn,Success
2026-04-23T08:20:54.583Z,DESKTOP-C332RF6$,SYSTEM,DESKTOP-C332RF6,Negotiate,5,LogOn,Success
2026-04-23T08:23:22.443Z,DESKTOP-C332RF6$,SYSTEM,DESKTOP-C332RF6,Negotiate,5,LogOn,Success
2026-04-23T08:28:31.613Z,DESKTOP-C332RF6$,SYSTEM,DESKTOP-C332RF6,Negotiate,5,LogOn,Success
2026-04-23T08:43:14.889Z,DESKTOP-C332RF6$,SYSTEM,DESKTOP-C332RF6,Negotiate,5,LogOn,Success
2026-04-23T08:43:41.656Z,DESKTOP-C332RF6$,SYSTEM,DESKTOP-C332RF6,Negotiate,5,LogOn,Success
2026-04-23T08:54:56.541Z,DESKTOP-C332RF6$,SYSTEM,DESKTOP-C332RF6,Negotiate,5,LogOn,Success
2026-04-23T08:59:40.754Z,DESKTOP-C332RF6$,SYSTEM,DESKTOP-C332RF6,Negotiate,5,LogOn,Success
2026-04-23T08:59:56.129Z,DESKTOP-C332RF6$,SYSTEM,DESKTOP-C332RF6,Negotiate,5,LogOn,Success
2026-04-23T09:18:12.352Z,DESKTOP-C332RF6$,SYSTEM,DESKTOP-C332RF6,Negotiate,5,LogOn,Success
2026-04-23T09:18:14.432Z,DESKTOP-C332RF6$,SYSTEM,DESKTOP-C332RF6,Negotiate,5,LogOn,Success
2026-04-23T09:18:16.351Z,DESKTOP-C332RF6$,PC,DESKTOP-C332RF6,Negotiate,2,LogOn,Success
2026-04-23T09:18:16.351Z,DESKTOP-C332RF6$,PC,DESKTOP-C332RF6,Negotiate,2,LogOn,Success
2026-04-23T09:18:16.352Z,,PC,DESKTOP-C332RF6,,2,LogOff,LogOff
2026-04-23T09:18:16.352Z,,PC,DESKTOP-C332RF6,,2,LogOff,LogOff
2026-04-23T09:18:53.322Z,DESKTOP-C332RF6$,SYSTEM,DESKTOP-C332RF6,Negotiate,5,LogOn,Success
2026-04-23T09:24:35.434Z,DESKTOP-C332RF6$,SYSTEM,DESKTOP-C332RF6,Negotiate,5,LogOn,Success
2026-04-23T09:24:35.434Z,DESKTOP-C332RF6$,SYSTEM,DESKTOP-C332RF6,Negotiate,5,LogOn,Success
2026-04-23T09:28:27.271Z,DESKTOP-C332RF6$,SYSTEM,DESKTOP-C332RF6,Negotiate,5,LogOn,Success
2026-04-23T09:33:18.111Z,DESKTOP-C332RF6$,SYSTEM,DESKTOP-C332RF6,Negotiate,5,LogOn,Success
2026-04-23T09:38:02.807Z,DESKTOP-C332RF6$,SYSTEM,DESKTOP-C332RF6,Negotiate,5,LogOn,Success
2026-04-23T09:38:05.476Z,DESKTOP-C332RF6$,SYSTEM,DESKTOP-C332RF6,Negotiate,5,LogOn,Success
2026-04-23T09:40:46.236Z,DESKTOP-C332RF6$,SYSTEM,DESKTOP-C332RF6,Negotiate,5,LogOn,Success
2026-04-23T09:45:38.287Z,DESKTOP-C332RF6$,SYSTEM,DESKTOP-C332RF6,Negotiate,5,LogOn,Success
2026-04-23T10:03:18.206Z,DESKTOP-C332RF6$,SYSTEM,DESKTOP-C332RF6,Negotiate,5,LogOn,Success
2026-04-23T10:06:45.132Z,DESKTOP-C332RF6$,SYSTEM,DESKTOP-C332RF6,Negotiate,5,LogOn,Success
2026-04-23T10:08:49.321Z,DESKTOP-C332RF6$,SYSTEM,DESKTOP-C332RF6,Negotiate,5,LogOn,Success
2026-04-23T10:08:49.911Z,DESKTOP-C332RF6$,SYSTEM,DESKTOP-C332RF6,Negotiate,5,LogOn,Success
2026-04-23T10:18:18.282Z,DESKTOP-C332RF6$,SYSTEM,DESKTOP-C332RF6,Negotiate,5,LogOn,Success
2026-04-23T10:27:26.640Z,DESKTOP-C332RF6$,SYSTEM,DESKTOP-C332RF6,Negotiate,5,LogOn,Success
2026-04-23T10:43:52.929Z,DESKTOP-C332RF6$,SYSTEM,DESKTOP-C332RF6,Negotiate,5,LogOn,Success
2026-04-23T10:51:31.449Z,DESKTOP-C332RF6$,SYSTEM,DESKTOP-C332RF6,Negotiate,5,LogOn,Success
2026-04-23T10:51:32.041Z,DESKTOP-C332RF6$,SYSTEM,DESKTOP-C332RF6,Negotiate,5,LogOn,Success
2026-04-23T10:53:24.214Z,DESKTOP-C332RF6$,SYSTEM,DESKTOP-C332RF6,Negotiate,5,LogOn,Success
2026-04-23T10:59:20.717Z,DESKTOP-C332RF6$,SYSTEM,DESKTOP-C332RF6,Negotiate,5,LogOn,Success
2026-04-23T11:02:20.325Z,DESKTOP-C332RF6$,SYSTEM,DESKTOP-C332RF6,Negotiate,5,LogOn,Success
2026-04-23T11:17:02.424Z,DESKTOP-C332RF6$,SYSTEM,DESKTOP-C332RF6,Negotiate,5,LogOn,Success
2026-04-23T11:17:03.971Z,DESKTOP-C332RF6$,SYSTEM,DESKTOP-C332RF6,Negotiate,5,LogOn,Success
2026-04-23T11:25:29.549Z,DESKTOP-C332RF6$,SYSTEM,DESKTOP-C332RF6,Negotiate,5,LogOn,Success
2026-04-23T11:33:35.161Z,DESKTOP-C332RF6$,SYSTEM,DESKTOP-C332RF6,Negotiate,5,LogOn,Success
2026-04-23T11:43:19.216Z,DESKTOP-C332RF6$,SYSTEM,DESKTOP-C332RF6,Negotiate,5,LogOn,Success
2026-04-23T11:43:50.883Z,DESKTOP-C332RF6$,SYSTEM,DESKTOP-C332RF6,Negotiate,5,LogOn,Success
2026-04-23T11:52:03.451Z,DESKTOP-C332RF6$,SYSTEM,DESKTOP-C332RF6,Negotiate,5,LogOn,Success
2026-04-23T11:59:41.497Z,DESKTOP-C332RF6$,SYSTEM,DESKTOP-C332RF6,Negotiate,5,LogOn,Success
2026-04-23T12:06:45.399Z,DESKTOP-C332RF6$,SYSTEM,DESKTOP-C332RF6,Negotiate,5,LogOn,Success
2026-04-23T12:07:03.500Z,DESKTOP-C332RF6$,SYSTEM,DESKTOP-C332RF6,Negotiate,5,LogOn,Success
2026-04-23T12:15:32.821Z,DESKTOP-C332RF6$,SYSTEM,DESKTOP-C332RF6,Negotiate,5,LogOn,Success
2026-04-23T12:35:09.787Z,DESKTOP-C332RF6$,SYSTEM,DESKTOP-C332RF6,Negotiate,5,LogOn,Success
2026-04-23T13:10:12.793Z,DESKTOP-C332RF6$,SYSTEM,DESKTOP-C332RF6,Negotiate,5,LogOn,Success
2026-04-23T13:10:14.688Z,DESKTOP-C332RF6$,SYSTEM,DESKTOP-C332RF6,Negotiate,5,LogOn,Success
2026-04-23T13:10:28.297Z,DESKTOP-C332RF6$,SYSTEM,DESKTOP-C332RF6,Negotiate,5,LogOn,Success
2026-04-23T13:20:57.557Z,DESKTOP-C332RF6$,SYSTEM,DESKTOP-C332RF6,Negotiate,5,LogOn,Success
2026-04-23T20:01:18.410Z,DESKTOP-C332RF6$,SYSTEM,DESKTOP-C332RF6,Negotiate,5,LogOn,Success
2026-04-23T20:01:19.478Z,DESKTOP-C332RF6$,SYSTEM,DESKTOP-C332RF6,Negotiate,5,LogOn,Success
2026-04-23T20:01:19.765Z,DESKTOP-C332RF6$,SYSTEM,DESKTOP-C332RF6,Negotiate,5,LogOn,Success
2026-04-23T20:01:20.537Z,DESKTOP-C332RF6$,PC,DESKTOP-C332RF6,Negotiate,2,LogOn,Success
2026-04-23T20:01:20.537Z,DESKTOP-C332RF6$,PC,DESKTOP-C332RF6,Negotiate,2,LogOn,Success
2026-04-23T20:01:20.539Z,,PC,DESKTOP-C332RF6,,2,LogOff,LogOff
2026-04-23T20:01:20.539Z,,PC,DESKTOP-C332RF6,,2,LogOff,LogOff
2026-04-23T20:01:38.652Z,DESKTOP-C332RF6$,SYSTEM,DESKTOP-C332RF6,Negotiate,5,LogOn,Success
2026-04-23T20:03:04.139Z,DESKTOP-C332RF6$,SYSTEM,DESKTOP-C332RF6,Negotiate,5,LogOn,Success
2026-04-23T20:06:46.525Z,DESKTOP-C332RF6$,SYSTEM,DESKTOP-C332RF6,Negotiate,5,LogOn,Success
2026-04-23T20:06:56.519Z,DESKTOP-C332RF6$,SYSTEM,DESKTOP-C332RF6,Negotiate,5,LogOn,Success
2026-04-23T20:08:09.110Z,DESKTOP-C332RF6$,SYSTEM,DESKTOP-C332RF6,Negotiate,5,LogOn,Success
2026-04-23T20:16:20.207Z,DESKTOP-C332RF6$,SYSTEM,DESKTOP-C332RF6,Negotiate,5,LogOn,Success
2026-04-23T20:17:16.803Z,DESKTOP-C332RF6$,SYSTEM,DESKTOP-C332RF6,Negotiate,5,LogOn,Success
2026-04-23T20:22:47.499Z,DESKTOP-C332RF6$,SYSTEM,DESKTOP-C332RF6,Negotiate,5,LogOn,Success
2026-04-23T20:23:14.086Z,DESKTOP-C332RF6$,SYSTEM,DESKTOP-C332RF6,Negotiate,5,LogOn,Success
2026-04-23T20:23:14.674Z,DESKTOP-C332RF6$,SYSTEM,DESKTOP-C332RF6,Negotiate,5,LogOn,Success
2026-04-23T20:23:14.893Z,DESKTOP-C332RF6$,SYSTEM,DESKTOP-C332RF6,Negotiate,5,LogOn,Success
2026-04-23T20:23:40.254Z,DESKTOP-C332RF6$,SYSTEM,DESKTOP-C332RF6,Negotiate,5,LogOn,Success
2026-04-23T20:24:30.650Z,DESKTOP-C332RF6$,SYSTEM,DESKTOP-C332RF6,Negotiate,5,LogOn,Success
2026-04-23T20:24:30.655Z,DESKTOP-C332RF6$,SYSTEM,DESKTOP-C332RF6,Negotiate,5,LogOn,Success
2026-04-23T20:28:27.716Z,DESKTOP-C332RF6$,SYSTEM,DESKTOP-C332RF6,Negotiate,5,LogOn,Success
2026-04-23T20:31:20.262Z,DESKTOP-C332RF6$,SYSTEM,DESKTOP-C332RF6,Negotiate,5,LogOn,Success
2026-04-23T20:43:06.942Z,DESKTOP-C332RF6$,SYSTEM,DESKTOP-C332RF6,Negotiate,5,LogOn,Success
2026-04-23T20:44:10.437Z,DESKTOP-C332RF6$,SYSTEM,DESKTOP-C332RF6,Negotiate,5,LogOn,Success
2026-04-23T20:44:15.338Z,DESKTOP-C332RF6$,SYSTEM,DESKTOP-C332RF6,Negotiate,5,LogOn,Success
2026-04-23T20:44:17.365Z,DESKTOP-C332RF6$,SYSTEM,DESKTOP-C332RF6,Negotiate,5,LogOn,Success
2026-04-23T20:48:15.103Z,DESKTOP-C332RF6$,SYSTEM,DESKTOP-C332RF6,Negotiate,5,LogOn,Success
2026-04-23T20:49:44.207Z,DESKTOP-C332RF6$,SYSTEM,DESKTOP-C332RF6,Negotiate,5,LogOn,Success
2026-04-23T20:50:00.876Z,DESKTOP-C332RF6$,SYSTEM,DESKTOP-C332RF6,Negotiate,5,LogOn,Success
2026-04-23T20:50:01.425Z,DESKTOP-C332RF6$,SYSTEM,DESKTOP-C332RF6,Negotiate,5,LogOn,Success
2026-04-23T20:50:05.683Z,DESKTOP-C332RF6$,SYSTEM,DESKTOP-C332RF6,Negotiate,5,LogOn,Success
2026-04-23T20:50:05.887Z,DESKTOP-C332RF6$,SYSTEM,DESKTOP-C332RF6,Negotiate,5,LogOn,Success
2026-04-23T20:50:09.545Z,DESKTOP-C332RF6$,SYSTEM,DESKTOP-C332RF6,Negotiate,5,LogOn,Success
2026-04-23T20:50:14.016Z,DESKTOP-C332RF6$,SYSTEM,DESKTOP-C332RF6,Negotiate,5,LogOn,Success
2026-04-23T20:50:30.242Z,DESKTOP-C332RF6$,SYSTEM,DESKTOP-C332RF6,Negotiate,5,LogOn,Success
2026-04-23T20:59:41.522Z,DESKTOP-C332RF6$,SYSTEM,DESKTOP-C332RF6,Negotiate,5,LogOn,Success
2026-04-23T20:59:43.512Z,DESKTOP-C332RF6$,SYSTEM,DESKTOP-C332RF6,Negotiate,5,LogOn,Success
2026-04-23T21:06:45.858Z,DESKTOP-C332RF6$,SYSTEM,DESKTOP-C332RF6,Negotiate,5,LogOn,Success
2026-04-23T21:16:20.335Z,DESKTOP-C332RF6$,SYSTEM,DESKTOP-C332RF6,Negotiate,5,LogOn,Success
2026-04-23T21:30:55.237Z,DESKTOP-C332RF6$,SYSTEM,DESKTOP-C332RF6,Negotiate,5,LogOn,Success
2026-04-23T21:35:31.442Z,DESKTOP-C332RF6$,SYSTEM,DESKTOP-C332RF6,Negotiate,5,LogOn,Success
2026-04-23T21:40:31.740Z,DESKTOP-C332RF6$,SYSTEM,DESKTOP-C332RF6,Negotiate,5,LogOn,Success
2026-04-23T21:46:20.403Z,DESKTOP-C332RF6$,SYSTEM,DESKTOP-C332RF6,Negotiate,5,LogOn,Success
2026-04-23T22:00:01.533Z,DESKTOP-C332RF6$,SYSTEM,DESKTOP-C332RF6,Negotiate,5,LogOn,Success
2026-04-23T22:06:45.732Z,DESKTOP-C332RF6$,SYSTEM,DESKTOP-C332RF6,Negotiate,5,LogOn,Success
2026-04-23T22:16:20.470Z,DESKTOP-C332RF6$,SYSTEM,DESKTOP-C332RF6,Negotiate,5,LogOn,Success
2026-04-23T22:29:28.832Z,DESKTOP-C332RF6$,SYSTEM,DESKTOP-C332RF6,Negotiate,5,LogOn,Success
2026-04-23T22:30:03.524Z,DESKTOP-C332RF6$,SYSTEM,DESKTOP-C332RF6,Negotiate,5,LogOn,Success
2026-04-23T22:31:19.280Z,DESKTOP-C332RF6$,SYSTEM,DESKTOP-C332RF6,Negotiate,5,LogOn,Success
2026-04-23T22:32:11.607Z,DESKTOP-C332RF6$,SYSTEM,DESKTOP-C332RF6,Negotiate,5,LogOn,Success
2026-04-23T22:32:11.707Z,DESKTOP-C332RF6$,SYSTEM,DESKTOP-C332RF6,Negotiate,5,LogOn,Success
2026-04-23T22:32:12.675Z,DESKTOP-C332RF6$,SYSTEM,DESKTOP-C332RF6,Negotiate,5,LogOn,Success
2026-04-23T22:32:37.502Z,DESKTOP-C332RF6$,SYSTEM,DESKTOP-C332RF6,Negotiate,5,LogOn,Success
2026-04-23T22:34:04.645Z,DESKTOP-C332RF6$,SYSTEM,DESKTOP-C332RF6,Negotiate,5,LogOn,Success
2026-04-23T22:44:30.332Z,DESKTOP-C332RF6$,SYSTEM,DESKTOP-C332RF6,Negotiate,5,LogOn,Success
2026-04-23T22:44:54.418Z,DESKTOP-C332RF6$,SYSTEM,DESKTOP-C332RF6,Negotiate,5,LogOn,Success
2026-04-23T22:46:20.526Z,DESKTOP-C332RF6$,SYSTEM,DESKTOP-C332RF6,Negotiate,5,LogOn,Success
2026-04-23T22:47:42.237Z,DESKTOP-C332RF6$,SYSTEM,DESKTOP-C332RF6,Negotiate,5,LogOn,Success
2026-04-23T22:49:10.894Z,DESKTOP-C332RF6$,SYSTEM,DESKTOP-C332RF6,Negotiate,5,LogOn,Success
2026-04-23T22:50:58.124Z,DESKTOP-C332RF6$,SYSTEM,DESKTOP-C332RF6,Negotiate,5,LogOn,Success
2026-04-23T22:50:58.205Z,DESKTOP-C332RF6$,SYSTEM,DESKTOP-C332RF6,Negotiate,5,LogOn,Success
2026-04-23T22:56:46.949Z,DESKTOP-C332RF6$,SYSTEM,DESKTOP-C332RF6,Negotiate,5,LogOn,Success
2026-04-23T22:59:41.512Z,DESKTOP-C332RF6$,SYSTEM,DESKTOP-C332RF6,Negotiate,5,LogOn,Success
2026-04-23T23:04:53.634Z,DESKTOP-C332RF6$,SYSTEM,DESKTOP-C332RF6,Negotiate,5,LogOn,Success
2026-04-23T23:06:45.442Z,DESKTOP-C332RF6$,SYSTEM,DESKTOP-C332RF6,Negotiate,5,LogOn,Success
2026-04-23T23:10:49.651Z,DESKTOP-C332RF6$,SYSTEM,DESKTOP-C332RF6,Negotiate,5,LogOn,Success
2026-04-23T23:15:02.482Z,DESKTOP-C332RF6$,SYSTEM,DESKTOP-C332RF6,Negotiate,5,LogOn,Success
2026-04-23T23:30:21.108Z,DESKTOP-C332RF6$,SYSTEM,DESKTOP-C332RF6,Negotiate,5,LogOn,Success
2026-04-23T23:30:25.908Z,DESKTOP-C332RF6$,SYSTEM,DESKTOP-C332RF6,Negotiate,5,LogOn,Success
2026-04-23T23:30:27.652Z,DESKTOP-C332RF6$,SYSTEM,DESKTOP-C332RF6,Negotiate,5,LogOn,Success
2026-04-23T23:39:53.918Z,DESKTOP-C332RF6$,SYSTEM,DESKTOP-C332RF6,Negotiate,5,LogOn,Success
2026-04-23T23:45:35.163Z,DESKTOP-C332RF6$,SYSTEM,DESKTOP-C332RF6,Negotiate,5,LogOn,Success
2026-04-23T23:45:36.299Z,DESKTOP-C332RF6$,SYSTEM,DESKTOP-C332RF6,Negotiate,5,LogOn,Success
2026-04-24T00:01:20.627Z,DESKTOP-C332RF6$,SYSTEM,DESKTOP-C332RF6,Negotiate,5,LogOn,Success
2026-04-24T00:06:45.385Z,DESKTOP-C332RF6$,SYSTEM,DESKTOP-C332RF6,Negotiate,5,LogOn,Success
2026-04-24T00:30:44.209Z,DESKTOP-C332RF6$,SYSTEM,DESKTOP-C332RF6,Negotiate,5,LogOn,Success
2026-04-24T00:30:45.083Z,DESKTOP-C332RF6$,SYSTEM,DESKTOP-C332RF6,Negotiate,5,LogOn,Success
2026-04-24T00:38:50.805Z,DESKTOP-C332RF6$,SYSTEM,DESKTOP-C332RF6,Negotiate,5,LogOn,Success
2026-04-24T00:45:55.305Z,DESKTOP-C332RF6$,SYSTEM,DESKTOP-C332RF6,Negotiate,5,LogOn,Success
2026-04-24T00:45:56.849Z,DESKTOP-C332RF6$,SYSTEM,DESKTOP-C332RF6,Negotiate,5,LogOn,Success
2026-04-24T00:47:39.093Z,DESKTOP-C332RF6$,SYSTEM,DESKTOP-C332RF6,Negotiate,5,LogOn,Success
2026-04-24T00:47:44.806Z,DESKTOP-C332RF6$,SYSTEM,DESKTOP-C332RF6,Negotiate,5,LogOn,Success
2026-04-24T01:01:19.686Z,DESKTOP-C332RF6$,SYSTEM,DESKTOP-C332RF6,Negotiate,5,LogOn,Success
2026-04-24T01:01:20.728Z,DESKTOP-C332RF6$,SYSTEM,DESKTOP-C332RF6,Negotiate,5,LogOn,Success
2026-04-24T01:06:45.418Z,DESKTOP-C332RF6$,SYSTEM,DESKTOP-C332RF6,Negotiate,5,LogOn,Success
2026-04-24T01:31:20.809Z,DESKTOP-C332RF6$,SYSTEM,DESKTOP-C332RF6,Negotiate,5,LogOn,Success
2026-04-24T01:46:43.278Z,DESKTOP-C332RF6$,SYSTEM,DESKTOP-C332RF6,Negotiate,5,LogOn,Success
2026-04-24T01:51:31.271Z,DESKTOP-C332RF6$,SYSTEM,DESKTOP-C332RF6,Negotiate,5,LogOn,Success
2026-04-24T02:01:20.864Z,DESKTOP-C332RF6$,SYSTEM,DESKTOP-C332RF6,Negotiate,5,LogOn,Success
2026-04-24T02:01:42.852Z,DESKTOP-C332RF6$,SYSTEM,DESKTOP-C332RF6,Negotiate,5,LogOn,Success
2026-04-24T02:06:45.399Z,DESKTOP-C332RF6$,SYSTEM,DESKTOP-C332RF6,Negotiate,5,LogOn,Success
2026-04-24T02:08:59.518Z,DESKTOP-C332RF6$,SYSTEM,DESKTOP-C332RF6,Negotiate,5,LogOn,Success
2026-04-24T02:18:08.880Z,DESKTOP-C332RF6$,SYSTEM,DESKTOP-C332RF6,Negotiate,5,LogOn,Success
2026-04-24T02:30:55.373Z,DESKTOP-C332RF6$,SYSTEM,DESKTOP-C332RF6,Negotiate,5,LogOn,Success
2026-04-24T02:30:56.773Z,DESKTOP-C332RF6$,SYSTEM,DESKTOP-C332RF6,Negotiate,5,LogOn,Success
2026-04-24T02:45:55.361Z,DESKTOP-C332RF6$,SYSTEM,DESKTOP-C332RF6,Negotiate,5,LogOn,Success
2026-04-24T02:45:56.852Z,DESKTOP-C332RF6$,SYSTEM,DESKTOP-C332RF6,Negotiate,5,LogOn,Success
2026-04-24T02:52:14.103Z,DESKTOP-C332RF6$,SYSTEM,DESKTOP-C332RF6,Negotiate,5,LogOn,Success
2026-04-24T02:54:27.476Z,DESKTOP-C332RF6$,SYSTEM,DESKTOP-C332RF6,Negotiate,5,LogOn,Success
2026-04-24T02:58:51.654Z,DESKTOP-C332RF6$,SYSTEM,DESKTOP-C332RF6,Negotiate,5,LogOn,Success
2026-04-24T03:01:20.939Z,DESKTOP-C332RF6$,SYSTEM,DESKTOP-C332RF6,Negotiate,5,LogOn,Success
2026-04-24T03:06:45.518Z,DESKTOP-C332RF6$,SYSTEM,DESKTOP-C332RF6,Negotiate,5,LogOn,Success
2026-04-24T03:25:22.506Z,DESKTOP-C332RF6$,SYSTEM,DESKTOP-C332RF6,Negotiate,5,LogOn,Success
2026-04-24T03:31:21.015Z,DESKTOP-C332RF6$,SYSTEM,DESKTOP-C332RF6,Negotiate,5,LogOn,Success
2026-04-24T03:37:50.001Z,DESKTOP-C332RF6$,SYSTEM,DESKTOP-C332RF6,Negotiate,5,LogOn,Success
2026-04-24T03:37:50.063Z,DESKTOP-C332RF6$,SYSTEM,DESKTOP-C332RF6,Negotiate,5,LogOn,Success
2026-04-24T03:39:42.100Z,DESKTOP-C332RF6$,SYSTEM,DESKTOP-C332RF6,Negotiate,5,LogOn,Success
2026-04-24T03:45:55.399Z,DESKTOP-C332RF6$,SYSTEM,DESKTOP-C332RF6,Negotiate,5,LogOn,Success
2026-04-24T04:03:25.422Z,DESKTOP-C332RF6$,SYSTEM,DESKTOP-C332RF6,Negotiate,5,LogOn,Success
2026-04-24T04:09:40.718Z,DESKTOP-C332RF6$,SYSTEM,DESKTOP-C332RF6,Negotiate,5,LogOn,Success
2026-04-24T04:24:20.615Z,DESKTOP-C332RF6$,SYSTEM,DESKTOP-C332RF6,Negotiate,5,LogOn,Success
2026-04-24T05:09:46.774Z,DESKTOP-C332RF6$,SYSTEM,DESKTOP-C332RF6,Negotiate,5,LogOn,Success
2026-04-24T06:09:50.626Z,DESKTOP-C332RF6$,SYSTEM,DESKTOP-C332RF6,Negotiate,5,LogOn,Success
2026-04-24T06:24:25.891Z,DESKTOP-C332RF6$,SYSTEM,DESKTOP-C332RF6,Negotiate,5,LogOn,Success
2026-04-24T06:24:26.065Z,DESKTOP-C332RF6$,SYSTEM,DESKTOP-C332RF6,Negotiate,5,LogOn,Success
2026-04-24T07:10:27.383Z,DESKTOP-C332RF6$,SYSTEM,DESKTOP-C332RF6,Negotiate,5,LogOn,Success
2026-04-24T07:35:32.702Z,DESKTOP-C332RF6$,SYSTEM,DESKTOP-C332RF6,Negotiate,5,LogOn,Success
2026-04-24T07:35:32.951Z,DESKTOP-C332RF6$,SYSTEM,DESKTOP-C332RF6,Negotiate,5,LogOn,Success
2026-04-24T07:35:33.505Z,DESKTOP-C332RF6$,SYSTEM,DESKTOP-C332RF6,Negotiate,5,LogOn,Success
2026-04-24T07:35:33.592Z,DESKTOP-C332RF6$,SYSTEM,DESKTOP-C332RF6,Negotiate,5,LogOn,Success
2026-04-24T07:35:34.292Z,DESKTOP-C332RF6$,SYSTEM,DESKTOP-C332RF6,Negotiate,5,LogOn,Success
2026-04-24T07:35:34.570Z,DESKTOP-C332RF6$,SYSTEM,DESKTOP-C332RF6,Negotiate,5,LogOn,Success
2026-04-24T07:35:36.912Z,DESKTOP-C332RF6$,SYSTEM,DESKTOP-C332RF6,Negotiate,5,LogOn,Success
2026-04-24T07:35:40.167Z,DESKTOP-C332RF6$,PC,DESKTOP-C332RF6,Negotiate,2,LogOn,Success
2026-04-24T07:35:40.167Z,DESKTOP-C332RF6$,PC,DESKTOP-C332RF6,Negotiate,2,LogOn,Success
2026-04-24T07:35:40.168Z,,PC,DESKTOP-C332RF6,,2,LogOff,LogOff
2026-04-24T07:35:40.168Z,,PC,DESKTOP-C332RF6,,2,LogOff,LogOff
2026-04-24T07:49:10.110Z,DESKTOP-C332RF6$,SYSTEM,DESKTOP-C332RF6,Negotiate,5,LogOn,Success
2026-04-24T07:49:10.178Z,DESKTOP-C332RF6$,SYSTEM,DESKTOP-C332RF6,Negotiate,5,LogOn,Success
2026-04-24T07:50:34.430Z,DESKTOP-C332RF6$,SYSTEM,DESKTOP-C332RF6,Negotiate,5,LogOn,Success
2026-04-24T08:06:45.395Z,DESKTOP-C332RF6$,SYSTEM,DESKTOP-C332RF6,Negotiate,5,LogOn,Success
2026-04-24T08:09:40.881Z,DESKTOP-C332RF6$,SYSTEM,DESKTOP-C332RF6,Negotiate,5,LogOn,Success
2026-04-24T08:09:41.094Z,DESKTOP-C332RF6$,SYSTEM,DESKTOP-C332RF6,Negotiate,5,LogOn,Success
2026-04-24T08:15:37.051Z,DESKTOP-C332RF6$,SYSTEM,DESKTOP-C332RF6,Negotiate,5,LogOn,Success
2026-04-24T08:20:34.512Z,DESKTOP-C332RF6$,SYSTEM,DESKTOP-C332RF6,Negotiate,5,LogOn,Success
2026-04-24T08:24:41.308Z,DESKTOP-C332RF6$,SYSTEM,DESKTOP-C332RF6,Negotiate,5,LogOn,Success
2026-04-24T08:30:43.075Z,DESKTOP-C332RF6$,SYSTEM,DESKTOP-C332RF6,Negotiate,5,LogOn,Success
2026-04-24T08:38:18.227Z,DESKTOP-C332RF6$,SYSTEM,DESKTOP-C332RF6,Negotiate,5,LogOn,Success
2026-04-24T08:38:30.580Z,DESKTOP-C332RF6$,SYSTEM,DESKTOP-C332RF6,Negotiate,5,LogOn,Success
2026-04-24T08:50:34.576Z,DESKTOP-C332RF6$,SYSTEM,DESKTOP-C332RF6,Negotiate,5,LogOn,Success
2026-04-24T08:58:43.092Z,DESKTOP-C332RF6$,SYSTEM,DESKTOP-C332RF6,Negotiate,5,LogOn,Success
2026-04-24T09:00:24.652Z,DESKTOP-C332RF6$,SYSTEM,DESKTOP-C332RF6,Negotiate,5,LogOn,Success
2026-04-24T09:03:41.881Z,DESKTOP-C332RF6$,SYSTEM,DESKTOP-C332RF6,Negotiate,5,LogOn,Success
2026-04-24T09:03:44.589Z,DESKTOP-C332RF6$,SYSTEM,DESKTOP-C332RF6,Negotiate,5,LogOn,Success
2026-04-24T09:04:35.658Z,DESKTOP-C332RF6$,SYSTEM,DESKTOP-C332RF6,Negotiate,5,LogOn,Success
2026-04-24T09:05:34.642Z,DESKTOP-C332RF6$,SYSTEM,DESKTOP-C332RF6,Negotiate,5,LogOn,Success
2026-04-24T09:09:29.551Z,DESKTOP-C332RF6$,SYSTEM,DESKTOP-C332RF6,Negotiate,5,LogOn,Success
2026-04-24T09:15:56.026Z,DESKTOP-C332RF6$,SYSTEM,DESKTOP-C332RF6,Negotiate,5,LogOn,Success
2026-04-24T09:15:56.912Z,DESKTOP-C332RF6$,SYSTEM,DESKTOP-C332RF6,Negotiate,5,LogOn,Success
2026-04-24T09:18:08.977Z,DESKTOP-C332RF6$,SYSTEM,DESKTOP-C332RF6,Negotiate,5,LogOn,Success
2026-04-24T09:18:48.731Z,DESKTOP-C332RF6$,SYSTEM,DESKTOP-C332RF6,Negotiate,5,LogOn,Success
2026-04-24T09:28:54.112Z,DESKTOP-C332RF6$,SYSTEM,DESKTOP-C332RF6,Negotiate,5,LogOn,Success
2026-04-24T09:30:57.088Z,DESKTOP-C332RF6$,SYSTEM,DESKTOP-C332RF6,Negotiate,5,LogOn,Success
2026-04-24T09:41:09.451Z,DESKTOP-C332RF6$,SYSTEM,DESKTOP-C332RF6,Negotiate,5,LogOn,Success
2026-04-24T09:45:56.041Z,DESKTOP-C332RF6$,SYSTEM,DESKTOP-C332RF6,Negotiate,5,LogOn,Success
2026-04-24T09:45:57.167Z,DESKTOP-C332RF6$,SYSTEM,DESKTOP-C332RF6,Negotiate,5,LogOn,Success
2026-04-24T10:00:11.626Z,DESKTOP-C332RF6$,SYSTEM,DESKTOP-C332RF6,Negotiate,5,LogOn,Success
2026-04-24T10:05:34.729Z,DESKTOP-C332RF6$,SYSTEM,DESKTOP-C332RF6,Negotiate,5,LogOn,Success
2026-04-24T10:06:45.511Z,DESKTOP-C332RF6$,SYSTEM,DESKTOP-C332RF6,Negotiate,5,LogOn,Success
2026-04-24T10:34:24.052Z,DESKTOP-C332RF6$,SYSTEM,DESKTOP-C332RF6,Negotiate,5,LogOn,Success
2026-04-24T10:34:38.567Z,DESKTOP-C332RF6$,SYSTEM,DESKTOP-C332RF6,Negotiate,5,LogOn,Success
2026-04-24T10:35:34.795Z,DESKTOP-C332RF6$,SYSTEM,DESKTOP-C332RF6,Negotiate,5,LogOn,Success
2026-04-24T10:40:09.849Z,DESKTOP-C332RF6$,SYSTEM,DESKTOP-C332RF6,Negotiate,5,LogOn,Success
2026-04-24T10:57:43.765Z,DESKTOP-C332RF6$,SYSTEM,DESKTOP-C332RF6,Negotiate,5,LogOn,Success
2026-04-24T10:59:41.507Z,DESKTOP-C332RF6$,SYSTEM,DESKTOP-C332RF6,Negotiate,5,LogOn,Success
2026-04-24T10:59:42.700Z,DESKTOP-C332RF6$,SYSTEM,DESKTOP-C332RF6,Negotiate,5,LogOn,Success
2026-04-24T11:06:50.539Z,DESKTOP-C332RF6$,SYSTEM,DESKTOP-C332RF6,Negotiate,5,LogOn,Success
2026-04-24T11:15:11.984Z,DESKTOP-C332RF6$,SYSTEM,DESKTOP-C332RF6,Negotiate,5,LogOn,Success
2026-04-24T11:15:57.170Z,DESKTOP-C332RF6$,SYSTEM,DESKTOP-C332RF6,Negotiate,5,LogOn,Success
2026-04-24T11:30:56.102Z,DESKTOP-C332RF6$,SYSTEM,DESKTOP-C332RF6,Negotiate,5,LogOn,Success
2026-04-24T11:30:57.238Z,DESKTOP-C332RF6$,SYSTEM,DESKTOP-C332RF6,Negotiate,5,LogOn,Success
2026-04-24T11:34:15.827Z,DESKTOP-C332RF6$,SYSTEM,DESKTOP-C332RF6,Negotiate,5,LogOn,Success
2026-04-24T11:34:57.670Z,DESKTOP-C332RF6$,SYSTEM,DESKTOP-C332RF6,Negotiate,5,LogOn,Success
2026-04-24T11:34:58.297Z,DESKTOP-C332RF6$,SYSTEM,DESKTOP-C332RF6,Negotiate,5,LogOn,Success
2026-04-24T11:34:58.341Z,DESKTOP-C332RF6$,SYSTEM,DESKTOP-C332RF6,Negotiate,5,LogOn,Success
2026-04-24T11:40:37.240Z,DESKTOP-C332RF6$,SYSTEM,DESKTOP-C332RF6,Negotiate,5,LogOn,Success
2026-04-24T11:45:56.094Z,DESKTOP-C332RF6$,SYSTEM,DESKTOP-C332RF6,Negotiate,5,LogOn,Success
2026-04-24T11:45:57.588Z,DESKTOP-C332RF6$,SYSTEM,DESKTOP-C332RF6,Negotiate,5,LogOn,Success
2026-04-24T12:03:44.437Z,DESKTOP-C332RF6$,SYSTEM,DESKTOP-C332RF6,Negotiate,5,LogOn,Success
2026-04-24T12:10:28.167Z,DESKTOP-C332RF6$,SYSTEM,DESKTOP-C332RF6,Negotiate,5,LogOn,Success
2026-04-24T12:48:41.159Z,DESKTOP-C332RF6$,SYSTEM,DESKTOP-C332RF6,Negotiate,5,LogOn,Success
2026-04-24T13:10:28.434Z,DESKTOP-C332RF6$,SYSTEM,DESKTOP-C332RF6,Negotiate,5,LogOn,Success
2026-04-24T13:13:51.478Z,DESKTOP-C332RF6$,SYSTEM,DESKTOP-C332RF6,Negotiate,5,LogOn,Success
2026-04-24T13:13:51.902Z,DESKTOP-C332RF6$,SYSTEM,DESKTOP-C332RF6,Negotiate,5,LogOn,Success
2026-04-24T13:13:53.121Z,DESKTOP-C332RF6$,SYSTEM,DESKTOP-C332RF6,Negotiate,5,LogOn,Success
2026-04-24T13:13:53.349Z,DESKTOP-C332RF6$,SYSTEM,DESKTOP-C332RF6,Negotiate,5,LogOn,Success
2026-04-24T13:13:53.480Z,DESKTOP-C332RF6$,SYSTEM,DESKTOP-C332RF6,Negotiate,5,LogOn,Success
2026-04-24T13:13:53.560Z,DESKTOP-C332RF6$,SYSTEM,DESKTOP-C332RF6,Negotiate,5,LogOn,Success
2026-04-24T13:13:54.135Z,DESKTOP-C332RF6$,SYSTEM,DESKTOP-C332RF6,Negotiate,5,LogOn,Success
2026-04-24T13:14:09.288Z,DESKTOP-C332RF6$,PC,DESKTOP-C332RF6,Negotiate,2,LogOn,Success
2026-04-24T13:14:09.288Z,DESKTOP-C332RF6$,PC,DESKTOP-C332RF6,Negotiate,2,LogOn,Success
2026-04-24T13:14:09.289Z,,PC,DESKTOP-C332RF6,,2,LogOff,LogOff
2026-04-24T13:14:09.289Z,,PC,DESKTOP-C332RF6,,2,LogOff,LogOff
2026-04-24T13:14:19.864Z,DESKTOP-C332RF6$,SYSTEM,DESKTOP-C332RF6,Negotiate,5,LogOn,Success
2026-04-24T13:14:19.864Z,DESKTOP-C332RF6$,SYSTEM,DESKTOP-C332RF6,Negotiate,5,LogOn,Success
2026-04-24T13:25:09.158Z,DESKTOP-C332RF6$,SYSTEM,DESKTOP-C332RF6,Negotiate,5,LogOn,Success
2026-04-24T13:25:39.330Z,DESKTOP-C332RF6$,SYSTEM,DESKTOP-C332RF6,Negotiate,5,LogOn,Success
2026-04-24T13:28:54.788Z,DESKTOP-C332RF6$,SYSTEM,DESKTOP-C332RF6,Negotiate,5,LogOn,Success
2026-04-24T13:32:07.468Z,DESKTOP-C332RF6$,SYSTEM,DESKTOP-C332RF6,Negotiate,5,LogOn,Success
2026-04-24T13:36:38.233Z,DESKTOP-C332RF6$,SYSTEM,DESKTOP-C332RF6,Negotiate,5,LogOn,Success
2026-04-24T13:44:28.023Z,DESKTOP-C332RF6$,SYSTEM,DESKTOP-C332RF6,Negotiate,5,LogOn,Success
2026-04-24T13:48:12.520Z,DESKTOP-C332RF6$,SYSTEM,DESKTOP-C332RF6,Negotiate,5,LogOn,Success
2026-04-24T13:50:47.758Z,DESKTOP-C332RF6$,SYSTEM,DESKTOP-C332RF6,Negotiate,5,LogOn,Success
2026-04-24T13:50:51.104Z,DESKTOP-C332RF6$,SYSTEM,DESKTOP-C332RF6,Negotiate,5,LogOn,Success
2026-04-24T13:50:52.060Z,DESKTOP-C332RF6$,SYSTEM,DESKTOP-C332RF6,Negotiate,5,LogOn,Success
2026-04-24T13:56:57.346Z,DESKTOP-C332RF6$,SYSTEM,DESKTOP-C332RF6,Negotiate,5,LogOn,Success
2026-04-24T13:58:54.847Z,DESKTOP-C332RF6$,SYSTEM,DESKTOP-C332RF6,Negotiate,5,LogOn,Success
2026-04-24T13:59:41.521Z,DESKTOP-C332RF6$,SYSTEM,DESKTOP-C332RF6,Negotiate,5,LogOn,Success
2026-04-24T14:01:29.738Z,DESKTOP-C332RF6$,SYSTEM,DESKTOP-C332RF6,Negotiate,5,LogOn,Success
2026-04-24T14:06:45.178Z,DESKTOP-C332RF6$,SYSTEM,DESKTOP-C332RF6,Negotiate,5,LogOn,Success
2026-04-24T14:06:45.300Z,DESKTOP-C332RF6$,SYSTEM,DESKTOP-C332RF6,Negotiate,5,LogOn,Success
2026-04-24T14:13:54.910Z,DESKTOP-C332RF6$,SYSTEM,DESKTOP-C332RF6,Negotiate,5,LogOn,Success
2026-04-24T14:28:44.343Z,DESKTOP-C332RF6$,SYSTEM,DESKTOP-C332RF6,Negotiate,5,LogOn,Success
2026-04-24T14:30:56.235Z,DESKTOP-C332RF6$,SYSTEM,DESKTOP-C332RF6,Negotiate,5,LogOn,Success
2026-04-24T14:40:10.033Z,DESKTOP-C332RF6$,SYSTEM,DESKTOP-C332RF6,Negotiate,5,LogOn,Success
2026-04-24T14:40:29.394Z,DESKTOP-C332RF6$,SYSTEM,DESKTOP-C332RF6,Negotiate,5,LogOn,Success
2026-04-24T14:40:30.167Z,DESKTOP-C332RF6$,SYSTEM,DESKTOP-C332RF6,Negotiate,5,LogOn,Success
2026-04-24T14:40:31.129Z,DESKTOP-C332RF6$,SYSTEM,DESKTOP-C332RF6,Negotiate,5,LogOn,Success
2026-04-24T14:43:54.968Z,DESKTOP-C332RF6$,SYSTEM,DESKTOP-C332RF6,Negotiate,5,LogOn,Success
2026-04-24T14:59:23.216Z,DESKTOP-C332RF6$,SYSTEM,DESKTOP-C332RF6,Negotiate,5,LogOn,Success
2026-04-24T14:59:51.590Z,DESKTOP-C332RF6$,SYSTEM,DESKTOP-C332RF6,Negotiate,5,LogOn,Success
2026-04-24T15:06:45.440Z,DESKTOP-C332RF6$,SYSTEM,DESKTOP-C332RF6,Negotiate,5,LogOn,Success
2026-04-24T15:13:55.035Z,DESKTOP-C332RF6$,SYSTEM,DESKTOP-C332RF6,Negotiate,5,LogOn,Success
2026-04-24T15:26:19.310Z,DESKTOP-C332RF6$,SYSTEM,DESKTOP-C332RF6,Negotiate,5,LogOn,Success
2026-04-24T15:28:20.285Z,DESKTOP-C332RF6$,SYSTEM,DESKTOP-C332RF6,Negotiate,5,LogOn,Success
2026-04-24T15:34:09.164Z,DESKTOP-C332RF6$,SYSTEM,DESKTOP-C332RF6,Negotiate,5,LogOn,Success
2026-04-24T15:43:55.108Z,DESKTOP-C332RF6$,SYSTEM,DESKTOP-C332RF6,Negotiate,5,LogOn,Success
2026-04-24T16:00:50.127Z,DESKTOP-C332RF6$,SYSTEM,DESKTOP-C332RF6,Negotiate,5,LogOn,Success
2026-04-24T16:10:45.245Z,DESKTOP-C332RF6$,SYSTEM,DESKTOP-C332RF6,Negotiate,5,LogOn,Success
2026-04-24T16:12:23.339Z,DESKTOP-C332RF6$,SYSTEM,DESKTOP-C332RF6,Negotiate,5,LogOn,Success
2026-04-24T16:12:23.493Z,DESKTOP-C332RF6$,SYSTEM,DESKTOP-C332RF6,Negotiate,5,LogOn,Success
2026-04-24T16:12:23.999Z,DESKTOP-C332RF6$,SYSTEM,DESKTOP-C332RF6,Negotiate,5,LogOn,Success
2026-04-24T16:12:24.974Z,DESKTOP-C332RF6$,SYSTEM,DESKTOP-C332RF6,Negotiate,5,LogOn,Success
2026-04-24T16:12:25.465Z,DESKTOP-C332RF6$,SYSTEM,DESKTOP-C332RF6,Negotiate,5,LogOn,Success
2026-04-24T16:12:31.515Z,DESKTOP-C332RF6$,PC,DESKTOP-C332RF6,Negotiate,2,LogOn,Success
2026-04-24T16:12:31.515Z,DESKTOP-C332RF6$,PC,DESKTOP-C332RF6,Negotiate,2,LogOn,Success
2026-04-24T16:12:31.516Z,,PC,DESKTOP-C332RF6,,2,LogOff,LogOff
2026-04-24T16:12:31.516Z,,PC,DESKTOP-C332RF6,,2,LogOff,LogOff
2026-04-24T16:12:55.821Z,DESKTOP-C332RF6$,SYSTEM,DESKTOP-C332RF6,Negotiate,5,LogOn,Success
2026-04-24T16:27:28.817Z,DESKTOP-C332RF6$,SYSTEM,DESKTOP-C332RF6,Negotiate,5,LogOn,Success
2026-04-24T16:29:39.561Z,DESKTOP-C332RF6$,SYSTEM,DESKTOP-C332RF6,Negotiate,5,LogOn,Success
2026-04-24T16:36:43.096Z,DESKTOP-C332RF6$,SYSTEM,DESKTOP-C332RF6,Negotiate,5,LogOn,Success
2026-04-24T16:36:59.431Z,DESKTOP-C332RF6$,SYSTEM,DESKTOP-C332RF6,Negotiate,5,LogOn,Success
2026-04-24T16:37:25.431Z,DESKTOP-C332RF6$,SYSTEM,DESKTOP-C332RF6,Negotiate,5,LogOn,Success
2026-04-24T16:42:28.873Z,DESKTOP-C332RF6$,SYSTEM,DESKTOP-C332RF6,Negotiate,5,LogOn,Success
2026-04-24T16:55:57.183Z,DESKTOP-C332RF6$,SYSTEM,DESKTOP-C332RF6,Negotiate,5,LogOn,Success
2026-04-24T16:55:57.307Z,DESKTOP-C332RF6$,SYSTEM,DESKTOP-C332RF6,Negotiate,5,LogOn,Success
2026-04-24T17:12:28.946Z,DESKTOP-C332RF6$,SYSTEM,DESKTOP-C332RF6,Negotiate,5,LogOn,Success
2026-04-24T17:18:24.958Z,DESKTOP-C332RF6$,SYSTEM,DESKTOP-C332RF6,Negotiate,5,LogOn,Success
2026-04-24T17:21:32.468Z,DESKTOP-C332RF6$,SYSTEM,DESKTOP-C332RF6,Negotiate,5,LogOn,Success
2026-04-24T17:21:33.342Z,DESKTOP-C332RF6$,SYSTEM,DESKTOP-C332RF6,Negotiate,5,LogOn,Success
2026-04-24T17:30:56.339Z,DESKTOP-C332RF6$,SYSTEM,DESKTOP-C332RF6,Negotiate,5,LogOn,Success
2026-04-24T17:31:38.796Z,DESKTOP-C332RF6$,SYSTEM,DESKTOP-C332RF6,Negotiate,5,LogOn,Success
2026-04-24T17:41:51.022Z,DESKTOP-C332RF6$,SYSTEM,DESKTOP-C332RF6,Negotiate,5,LogOn,Success
2026-04-24T17:42:29.010Z,DESKTOP-C332RF6$,SYSTEM,DESKTOP-C332RF6,Negotiate,5,LogOn,Success
2026-04-24T17:42:32.895Z,DESKTOP-C332RF6$,SYSTEM,DESKTOP-C332RF6,Negotiate,5,LogOn,Success
2026-04-24T17:42:37.655Z,DESKTOP-C332RF6$,SYSTEM,DESKTOP-C332RF6,Negotiate,5,LogOn,Success
2026-04-24T17:44:18.619Z,DESKTOP-C332RF6$,SYSTEM,DESKTOP-C332RF6,Negotiate,5,LogOn,Success
2026-04-24T17:59:41.519Z,DESKTOP-C332RF6$,SYSTEM,DESKTOP-C332RF6,Negotiate,5,LogOn,Success
2026-04-24T18:01:36.125Z,DESKTOP-C332RF6$,SYSTEM,DESKTOP-C332RF6,Negotiate,5,LogOn,Success
2026-04-24T18:12:29.067Z,DESKTOP-C332RF6$,SYSTEM,DESKTOP-C332RF6,Negotiate,5,LogOn,Success
2026-04-24T18:22:44.490Z,DESKTOP-C332RF6$,SYSTEM,DESKTOP-C332RF6,Negotiate,5,LogOn,Success
2026-04-24T18:22:44.793Z,DESKTOP-C332RF6$,SYSTEM,DESKTOP-C332RF6,Negotiate,5,LogOn,Success
2026-04-24T18:41:27.823Z,DESKTOP-C332RF6$,SYSTEM,DESKTOP-C332RF6,Negotiate,5,LogOn,Success
2026-04-24T18:41:34.332Z,DESKTOP-C332RF6$,SYSTEM,DESKTOP-C332RF6,Negotiate,5,LogOn,Success
2026-04-24T18:41:37.137Z,DESKTOP-C332RF6$,SYSTEM,DESKTOP-C332RF6,Negotiate,5,LogOn,Success
2026-04-24T18:46:26.644Z,DESKTOP-C332RF6$,SYSTEM,DESKTOP-C332RF6,Negotiate,5,LogOn,Success
2026-04-24T18:57:27.232Z,DESKTOP-C332RF6$,SYSTEM,DESKTOP-C332RF6,Negotiate,5,LogOn,Success
2026-04-24T18:57:29.155Z,DESKTOP-C332RF6$,SYSTEM,DESKTOP-C332RF6,Negotiate,5,LogOn,Success
2026-04-24T18:59:41.520Z,DESKTOP-C332RF6$,SYSTEM,DESKTOP-C332RF6,Negotiate,5,LogOn,Success
2026-04-24T19:06:45.437Z,DESKTOP-C332RF6$,SYSTEM,DESKTOP-C332RF6,Negotiate,5,LogOn,Success
2026-04-24T19:08:35.284Z,DESKTOP-C332RF6$,SYSTEM,DESKTOP-C332RF6,Negotiate,5,LogOn,Success
2026-04-24T19:11:29.272Z,DESKTOP-C332RF6$,SYSTEM,DESKTOP-C332RF6,Negotiate,5,LogOn,Success
2026-04-24T19:12:29.218Z,DESKTOP-C332RF6$,SYSTEM,DESKTOP-C332RF6,Negotiate,5,LogOn,Success
2026-04-24T19:14:48.191Z,DESKTOP-C332RF6$,SYSTEM,DESKTOP-C332RF6,Negotiate,5,LogOn,Success
2026-04-24T19:17:36.709Z,DESKTOP-C332RF6$,SYSTEM,DESKTOP-C332RF6,Negotiate,5,LogOn,Success
2026-04-24T19:21:05.260Z,DESKTOP-C332RF6$,SYSTEM,DESKTOP-C332RF6,Negotiate,5,LogOn,Success
2026-04-24T19:22:01.979Z,DESKTOP-C332RF6$,SYSTEM,DESKTOP-C332RF6,Negotiate,5,LogOn,Success
2026-04-24T19:25:27.826Z,DESKTOP-C332RF6$,SYSTEM,DESKTOP-C332RF6,Negotiate,5,LogOn,Success
2026-04-24T19:27:29.276Z,DESKTOP-C332RF6$,SYSTEM,DESKTOP-C332RF6,Negotiate,5,LogOn,Success
2026-04-24T19:45:45.421Z,DESKTOP-C332RF6$,SYSTEM,DESKTOP-C332RF6,Negotiate,5,LogOn,Success
2026-04-24T19:53:03.877Z,DESKTOP-C332RF6$,SYSTEM,DESKTOP-C332RF6,Negotiate,5,LogOn,Success
2026-04-24T19:53:05.997Z,DESKTOP-C332RF6$,SYSTEM,DESKTOP-C332RF6,Negotiate,5,LogOn,Success
2026-04-24T19:53:06.194Z,DESKTOP-C332RF6$,SYSTEM,DESKTOP-C332RF6,Negotiate,5,LogOn,Success
2026-04-24T19:57:29.341Z,DESKTOP-C332RF6$,SYSTEM,DESKTOP-C332RF6,Negotiate,5,LogOn,Success
2026-04-24T20:03:57.298Z,DESKTOP-C332RF6$,SYSTEM,DESKTOP-C332RF6,Negotiate,5,LogOn,Success
2026-04-24T20:12:29.405Z,DESKTOP-C332RF6$,SYSTEM,DESKTOP-C332RF6,Negotiate,5,LogOn,Success
2026-04-24T20:27:29.479Z,DESKTOP-C332RF6$,SYSTEM,DESKTOP-C332RF6,Negotiate,5,LogOn,Success
2026-04-24T20:28:17.695Z,DESKTOP-C332RF6$,SYSTEM,DESKTOP-C332RF6,Negotiate,5,LogOn,Success
2026-04-24T20:28:24.230Z,DESKTOP-C332RF6$,SYSTEM,DESKTOP-C332RF6,Negotiate,5,LogOn,Success
2026-04-24T20:28:48.357Z,DESKTOP-C332RF6$,SYSTEM,DESKTOP-C332RF6,Negotiate,5,LogOn,Success
2026-04-24T20:33:54.134Z,DESKTOP-C332RF6$,SYSTEM,DESKTOP-C332RF6,Negotiate,5,LogOn,Success
2026-04-24T20:33:54.700Z,DESKTOP-C332RF6$,SYSTEM,DESKTOP-C332RF6,Negotiate,5,LogOn,Success
2026-04-24T20:33:55.145Z,DESKTOP-C332RF6$,SYSTEM,DESKTOP-C332RF6,Negotiate,5,LogOn,Success
2026-04-24T20:42:29.531Z,DESKTOP-C332RF6$,SYSTEM,DESKTOP-C332RF6,Negotiate,5,LogOn,Success
2026-04-24T21:00:42.035Z,DESKTOP-C332RF6$,SYSTEM,DESKTOP-C332RF6,Negotiate,5,LogOn,Success
2026-04-24T21:00:47.930Z,DESKTOP-C332RF6$,SYSTEM,DESKTOP-C332RF6,Negotiate,5,LogOn,Success
2026-04-24T21:02:02.034Z,DESKTOP-C332RF6$,SYSTEM,DESKTOP-C332RF6,Negotiate,5,LogOn,Success
2026-04-24T21:02:02.138Z,DESKTOP-C332RF6$,SYSTEM,DESKTOP-C332RF6,Negotiate,5,LogOn,Success
2026-04-24T21:02:03.103Z,DESKTOP-C332RF6$,SYSTEM,DESKTOP-C332RF6,Negotiate,5,LogOn,Success
2026-04-24T21:11:04.131Z,DESKTOP-C332RF6$,SYSTEM,DESKTOP-C332RF6,Negotiate,5,LogOn,Success
2026-04-24T21:15:06.369Z,DESKTOP-C332RF6$,SYSTEM,DESKTOP-C332RF6,Negotiate,5,LogOn,Success
2026-04-24T21:27:29.610Z,DESKTOP-C332RF6$,SYSTEM,DESKTOP-C332RF6,Negotiate,5,LogOn,Success
2026-04-24T21:30:13.957Z,DESKTOP-C332RF6$,SYSTEM,DESKTOP-C332RF6,Negotiate,5,LogOn,Success
2026-04-24T21:38:24.617Z,DESKTOP-C332RF6$,SYSTEM,DESKTOP-C332RF6,Negotiate,5,LogOn,Success
2026-04-24T21:38:31.100Z,DESKTOP-C332RF6$,SYSTEM,DESKTOP-C332RF6,Negotiate,5,LogOn,Success
2026-04-24T21:38:31.193Z,DESKTOP-C332RF6$,SYSTEM,DESKTOP-C332RF6,Negotiate,5,LogOn,Success
2026-04-24T21:49:50.422Z,DESKTOP-C332RF6$,SYSTEM,DESKTOP-C332RF6,Negotiate,5,LogOn,Success
2026-04-24T21:50:07.035Z,DESKTOP-C332RF6$,SYSTEM,DESKTOP-C332RF6,Negotiate,5,LogOn,Success
2026-04-24T22:00:41.256Z,DESKTOP-C332RF6$,SYSTEM,DESKTOP-C332RF6,Negotiate,5,LogOn,Success
2026-04-24T22:00:42.515Z,DESKTOP-C332RF6$,SYSTEM,DESKTOP-C332RF6,Negotiate,5,LogOn,Success
2026-04-24T22:06:45.411Z,DESKTOP-C332RF6$,SYSTEM,DESKTOP-C332RF6,Negotiate,5,LogOn,Success
2026-04-24T22:12:29.693Z,DESKTOP-C332RF6$,SYSTEM,DESKTOP-C332RF6,Negotiate,5,LogOn,Success
2026-04-24T22:21:29.861Z,DESKTOP-C332RF6$,SYSTEM,DESKTOP-C332RF6,Negotiate,5,LogOn,Success
2026-04-24T22:36:32.527Z,DESKTOP-C332RF6$,SYSTEM,DESKTOP-C332RF6,Negotiate,5,LogOn,Success
2026-04-24T22:40:51.324Z,DESKTOP-C332RF6$,SYSTEM,DESKTOP-C332RF6,Negotiate,5,LogOn,Success
2026-04-24T22:40:51.679Z,DESKTOP-C332RF6$,SYSTEM,DESKTOP-C332RF6,Negotiate,5,LogOn,Success
2026-04-24T22:41:21.955Z,DESKTOP-C332RF6$,PC,DESKTOP-C332RF6,Negotiate,2,LogOn,Success
2026-04-24T22:41:21.955Z,DESKTOP-C332RF6$,PC,DESKTOP-C332RF6,Negotiate,2,LogOn,Success
2026-04-24T22:41:21.956Z,,PC,DESKTOP-C332RF6,,2,LogOff,LogOff
2026-04-24T22:41:21.956Z,,PC,DESKTOP-C332RF6,,2,LogOff,LogOff
2026-04-24T22:41:21.981Z,DESKTOP-C332RF6$,SYSTEM,DESKTOP-C332RF6,Negotiate,5,LogOn,Success
2026-04-24T22:47:34.200Z,DESKTOP-C332RF6$,SYSTEM,DESKTOP-C332RF6,Negotiate,5,LogOn,Success
2026-04-24T22:48:03.808Z,DESKTOP-C332RF6$,SYSTEM,DESKTOP-C332RF6,Negotiate,5,LogOn,Success
2026-04-24T22:55:42.786Z,DESKTOP-C332RF6$,SYSTEM,DESKTOP-C332RF6,Negotiate,5,LogOn,Success
2026-04-24T22:55:53.019Z,DESKTOP-C332RF6$,SYSTEM,DESKTOP-C332RF6,Negotiate,5,LogOn,Success
2026-04-24T22:56:22.971Z,DESKTOP-C332RF6$,SYSTEM,DESKTOP-C332RF6,Negotiate,5,LogOn,Success
2026-04-24T22:56:35.920Z,DESKTOP-C332RF6$,SYSTEM,DESKTOP-C332RF6,Negotiate,5,LogOn,Success
2026-04-24T22:56:38.278Z,DESKTOP-C332RF6$,SYSTEM,DESKTOP-C332RF6,Negotiate,5,LogOn,Success
2026-04-24T23:05:40.049Z,DESKTOP-C332RF6$,SYSTEM,DESKTOP-C332RF6,Negotiate,5,LogOn,Success
2026-04-24T23:22:37.709Z,DESKTOP-C332RF6$,SYSTEM,DESKTOP-C332RF6,Negotiate,5,LogOn,Success
2026-04-24T23:34:38.820Z,DESKTOP-C332RF6$,SYSTEM,DESKTOP-C332RF6,Negotiate,5,LogOn,Success
2026-04-24T23:34:40.414Z,DESKTOP-C332RF6$,SYSTEM,DESKTOP-C332RF6,Negotiate,5,LogOn,Success
2026-04-24T23:34:40.743Z,DESKTOP-C332RF6$,SYSTEM,DESKTOP-C332RF6,Negotiate,5,LogOn,Success
2026-04-24T23:34:41.116Z,DESKTOP-C332RF6$,SYSTEM,DESKTOP-C332RF6,Negotiate,5,LogOn,Success
2026-04-24T23:34:47.314Z,DESKTOP-C332RF6$,PC,DESKTOP-C332RF6,Negotiate,2,LogOn,Success
2026-04-24T23:34:47.314Z,DESKTOP-C332RF6$,PC,DESKTOP-C332RF6,Negotiate,2,LogOn,Success
2026-04-24T23:34:47.314Z,,PC,DESKTOP-C332RF6,,2,LogOff,LogOff
2026-04-24T23:34:47.315Z,,PC,DESKTOP-C332RF6,,2,LogOff,LogOff
2026-04-24T23:49:40.854Z,DESKTOP-C332RF6$,SYSTEM,DESKTOP-C332RF6,Negotiate,5,LogOn,Success
2026-04-25T00:00:41.236Z,DESKTOP-C332RF6$,SYSTEM,DESKTOP-C332RF6,Negotiate,5,LogOn,Success
2026-04-25T00:06:45.666Z,DESKTOP-C332RF6$,SYSTEM,DESKTOP-C332RF6,Negotiate,5,LogOn,Success
2026-04-25T00:15:57.970Z,DESKTOP-C332RF6$,SYSTEM,DESKTOP-C332RF6,Negotiate,5,LogOn,Success
2026-04-25T00:17:02.178Z,DESKTOP-C332RF6$,SYSTEM,DESKTOP-C332RF6,Negotiate,5,LogOn,Success
2026-04-25T00:34:40.930Z,DESKTOP-C332RF6$,SYSTEM,DESKTOP-C332RF6,Negotiate,5,LogOn,Success
2026-04-25T00:45:56.592Z,DESKTOP-C332RF6$,SYSTEM,DESKTOP-C332RF6,Negotiate,5,LogOn,Success
2026-04-25T00:49:52.763Z,DESKTOP-C332RF6$,SYSTEM,DESKTOP-C332RF6,Negotiate,5,LogOn,Success
2026-04-25T00:51:53.218Z,DESKTOP-C332RF6$,SYSTEM,DESKTOP-C332RF6,Negotiate,5,LogOn,Success
2026-04-25T01:04:40.991Z,DESKTOP-C332RF6$,SYSTEM,DESKTOP-C332RF6,Negotiate,5,LogOn,Success
2026-04-25T01:06:45.698Z,DESKTOP-C332RF6$,SYSTEM,DESKTOP-C332RF6,Negotiate,5,LogOn,Success
2026-04-25T01:19:58.782Z,DESKTOP-C332RF6$,SYSTEM,DESKTOP-C332RF6,Negotiate,5,LogOn,Success
2026-04-25T01:30:56.603Z,DESKTOP-C332RF6$,SYSTEM,DESKTOP-C332RF6,Negotiate,5,LogOn,Success
2026-04-25T01:30:58.136Z,DESKTOP-C332RF6$,SYSTEM,DESKTOP-C332RF6,Negotiate,5,LogOn,Success
2026-04-25T01:32:52.901Z,DESKTOP-C332RF6$,SYSTEM,DESKTOP-C332RF6,Negotiate,5,LogOn,Success
2026-04-25T01:45:56.618Z,DESKTOP-C332RF6$,SYSTEM,DESKTOP-C332RF6,Negotiate,5,LogOn,Success
2026-04-25T01:45:58.198Z,DESKTOP-C332RF6$,SYSTEM,DESKTOP-C332RF6,Negotiate,5,LogOn,Success
2026-04-25T01:52:40.626Z,DESKTOP-C332RF6$,SYSTEM,DESKTOP-C332RF6,Negotiate,5,LogOn,Success
2026-04-25T02:04:41.062Z,DESKTOP-C332RF6$,SYSTEM,DESKTOP-C332RF6,Negotiate,5,LogOn,Success
2026-04-25T02:06:45.476Z,DESKTOP-C332RF6$,SYSTEM,DESKTOP-C332RF6,Negotiate,5,LogOn,Success
2026-04-25T02:06:52.227Z,DESKTOP-C332RF6$,SYSTEM,DESKTOP-C332RF6,Negotiate,5,LogOn,Success
2026-04-25T02:11:21.734Z,DESKTOP-C332RF6$,SYSTEM,DESKTOP-C332RF6,Negotiate,5,LogOn,Success
2026-04-25T02:30:58.418Z,DESKTOP-C332RF6$,SYSTEM,DESKTOP-C332RF6,Negotiate,5,LogOn,Success
2026-04-25T02:30:59.228Z,DESKTOP-C332RF6$,SYSTEM,DESKTOP-C332RF6,Negotiate,5,LogOn,Success
2026-04-25T02:44:51.155Z,DESKTOP-C332RF6$,SYSTEM,DESKTOP-C332RF6,Negotiate,5,LogOn,Success
2026-04-25T02:49:41.138Z,DESKTOP-C332RF6$,SYSTEM,DESKTOP-C332RF6,Negotiate,5,LogOn,Success
2026-04-25T02:53:53.824Z,DESKTOP-C332RF6$,SYSTEM,DESKTOP-C332RF6,Negotiate,5,LogOn,Success
2026-04-25T02:58:17.874Z,DESKTOP-C332RF6$,SYSTEM,DESKTOP-C332RF6,Negotiate,5,LogOn,Success
2026-04-25T02:58:18.018Z,DESKTOP-C332RF6$,SYSTEM,DESKTOP-C332RF6,Negotiate,5,LogOn,Success
2026-04-25T03:04:56.281Z,DESKTOP-C332RF6$,SYSTEM,DESKTOP-C332RF6,Negotiate,5,LogOn,Success
2026-04-25T03:19:41.200Z,DESKTOP-C332RF6$,SYSTEM,DESKTOP-C332RF6,Negotiate,5,LogOn,Success
2026-04-25T03:27:37.962Z,DESKTOP-C332RF6$,SYSTEM,DESKTOP-C332RF6,Negotiate,5,LogOn,Success
2026-04-25T03:28:53.468Z,DESKTOP-C332RF6$,SYSTEM,DESKTOP-C332RF6,Negotiate,5,LogOn,Success
2026-04-25T03:28:53.515Z,DESKTOP-C332RF6$,SYSTEM,DESKTOP-C332RF6,Negotiate,5,LogOn,Success
2026-04-25T03:49:41.281Z,DESKTOP-C332RF6$,SYSTEM,DESKTOP-C332RF6,Negotiate,5,LogOn,Success
2026-04-25T04:02:26.546Z,DESKTOP-C332RF6$,SYSTEM,DESKTOP-C332RF6,Negotiate,5,LogOn,Success
2026-04-25T04:05:40.165Z,DESKTOP-C332RF6$,SYSTEM,DESKTOP-C332RF6,Negotiate,5,LogOn,Success
2026-04-25T04:13:45.586Z,DESKTOP-C332RF6$,SYSTEM,DESKTOP-C332RF6,Negotiate,5,LogOn,Success
2026-04-25T04:19:41.340Z,DESKTOP-C332RF6$,SYSTEM,DESKTOP-C332RF6,Negotiate,5,LogOn,Success
2026-04-25T04:23:56.572Z,DESKTOP-C332RF6$,SYSTEM,DESKTOP-C332RF6,Negotiate,5,LogOn,Success
2026-04-25T04:29:03.005Z,DESKTOP-C332RF6$,SYSTEM,DESKTOP-C332RF6,Negotiate,5,LogOn,Success
2026-04-25T04:30:56.703Z,DESKTOP-C332RF6$,SYSTEM,DESKTOP-C332RF6,Negotiate,5,LogOn,Success
2026-04-25T04:33:03.368Z,DESKTOP-C332RF6$,SYSTEM,DESKTOP-C332RF6,Negotiate,5,LogOn,Success
2026-04-25T04:33:03.886Z,DESKTOP-C332RF6$,SYSTEM,DESKTOP-C332RF6,Negotiate,5,LogOn,Success
2026-04-25T04:33:35.562Z,DESKTOP-C332RF6$,SYSTEM,DESKTOP-C332RF6,Negotiate,5,LogOn,Success
2026-04-25T04:33:35.701Z,PC,CodexSandboxOffline,DESKTOP-C332RF6,Negotiate,2,LogOn,Success
2026-04-25T04:33:36.714Z,,CodexSandboxOffline,DESKTOP-C332RF6,,2,LogOff,LogOff
2026-04-25T04:33:42.071Z,PC,CodexSandboxOffline,DESKTOP-C332RF6,Negotiate,2,LogOn,Success
2026-04-25T04:33:42.257Z,PC,CodexSandboxOffline,DESKTOP-C332RF6,Negotiate,2,LogOn,Success
2026-04-25T04:33:42.491Z,,CodexSandboxOffline,DESKTOP-C332RF6,,2,LogOff,LogOff
2026-04-25T04:33:43.357Z,,CodexSandboxOffline,DESKTOP-C332RF6,,2,LogOff,LogOff
2026-04-25T04:33:49.854Z,PC,CodexSandboxOffline,DESKTOP-C332RF6,Negotiate,2,LogOn,Success
2026-04-25T04:33:49.886Z,PC,CodexSandboxOffline,DESKTOP-C332RF6,Negotiate,2,LogOn,Success
2026-04-25T04:33:49.986Z,PC,CodexSandboxOffline,DESKTOP-C332RF6,Negotiate,2,LogOn,Success
2026-04-25T04:33:50.332Z,,CodexSandboxOffline,DESKTOP-C332RF6,,2,LogOff,LogOff
2026-04-25T04:33:50.340Z,,CodexSandboxOffline,DESKTOP-C332RF6,,2,LogOff,LogOff
2026-04-25T04:33:50.520Z,,CodexSandboxOffline,DESKTOP-C332RF6,,2,LogOff,LogOff
2026-04-25T04:33:57.609Z,PC,CodexSandboxOffline,DESKTOP-C332RF6,Negotiate,2,LogOn,Success
2026-04-25T04:33:57.640Z,PC,CodexSandboxOffline,DESKTOP-C332RF6,Negotiate,2,LogOn,Success
2026-04-25T04:33:57.773Z,PC,CodexSandboxOffline,DESKTOP-C332RF6,Negotiate,2,LogOn,Success
2026-04-25T04:33:58.054Z,,CodexSandboxOffline,DESKTOP-C332RF6,,2,LogOff,LogOff
2026-04-25T04:33:58.064Z,,CodexSandboxOffline,DESKTOP-C332RF6,,2,LogOff,LogOff
2026-04-25T04:33:58.253Z,,CodexSandboxOffline,DESKTOP-C332RF6,,2,LogOff,LogOff
2026-04-25T04:34:12.020Z,PC,CodexSandboxOffline,DESKTOP-C332RF6,Negotiate,2,LogOn,Success
2026-04-25T04:34:12.051Z,PC,CodexSandboxOffline,DESKTOP-C332RF6,Negotiate,2,LogOn,Success
2026-04-25T04:34:12.068Z,PC,CodexSandboxOffline,DESKTOP-C332RF6,Negotiate,2,LogOn,Success
2026-04-25T04:34:12.512Z,,CodexSandboxOffline,DESKTOP-C332RF6,,2,LogOff,LogOff
2026-04-25T04:34:12.580Z,,CodexSandboxOffline,DESKTOP-C332RF6,,2,LogOff,LogOff
2026-04-25T04:34:12.592Z,,CodexSandboxOffline,DESKTOP-C332RF6,,2,LogOff,LogOff
2026-04-25T04:34:19.200Z,PC,CodexSandboxOffline,DESKTOP-C332RF6,Negotiate,2,LogOn,Success
2026-04-25T04:34:19.345Z,PC,CodexSandboxOffline,DESKTOP-C332RF6,Negotiate,2,LogOn,Success
2026-04-25T04:34:19.361Z,PC,CodexSandboxOffline,DESKTOP-C332RF6,Negotiate,2,LogOn,Success
2026-04-25T04:34:19.605Z,,CodexSandboxOffline,DESKTOP-C332RF6,,2,LogOff,LogOff
2026-04-25T04:34:19.755Z,,CodexSandboxOffline,DESKTOP-C332RF6,,2,LogOff,LogOff
2026-04-25T04:34:19.829Z,,CodexSandboxOffline,DESKTOP-C332RF6,,2,LogOff,LogOff
2026-04-25T04:34:27.997Z,PC,CodexSandboxOffline,DESKTOP-C332RF6,Negotiate,2,LogOn,Success
2026-04-25T04:34:28.169Z,PC,CodexSandboxOffline,DESKTOP-C332RF6,Negotiate,2,LogOn,Success
2026-04-25T04:34:28.189Z,PC,CodexSandboxOffline,DESKTOP-C332RF6,Negotiate,2,LogOn,Success
2026-04-25T04:34:28.490Z,,CodexSandboxOffline,DESKTOP-C332RF6,,2,LogOff,LogOff
2026-04-25T04:34:28.646Z,,CodexSandboxOffline,DESKTOP-C332RF6,,2,LogOff,LogOff
2026-04-25T04:34:28.678Z,,CodexSandboxOffline,DESKTOP-C332RF6,,2,LogOff,LogOff
2026-04-25T04:34:43.005Z,PC,CodexSandboxOffline,DESKTOP-C332RF6,Negotiate,2,LogOn,Success
2026-04-25T04:34:43.043Z,PC,CodexSandboxOffline,DESKTOP-C332RF6,Negotiate,2,LogOn,Success
2026-04-25T04:34:43.432Z,,CodexSandboxOffline,DESKTOP-C332RF6,,2,LogOff,LogOff
2026-04-25T04:34:43.510Z,,CodexSandboxOffline,DESKTOP-C332RF6,,2,LogOff,LogOff
2026-04-25T04:37:22.252Z,PC,CodexSandboxOffline,DESKTOP-C332RF6,Negotiate,2,LogOn,Success
2026-04-25T04:37:22.639Z,,CodexSandboxOffline,DESKTOP-C332RF6,,2,LogOff,LogOff
2026-04-25T04:37:36.894Z,PC,CodexSandboxOffline,DESKTOP-C332RF6,Negotiate,2,LogOn,Success
2026-04-25T04:37:37.054Z,PC,CodexSandboxOffline,DESKTOP-C332RF6,Negotiate,2,LogOn,Success
2026-04-25T04:37:37.079Z,PC,CodexSandboxOffline,DESKTOP-C332RF6,Negotiate,2,LogOn,Success
2026-04-25T04:37:37.098Z,PC,CodexSandboxOffline,DESKTOP-C332RF6,Negotiate,2,LogOn,Success
2026-04-25T04:37:37.498Z,,CodexSandboxOffline,DESKTOP-C332RF6,,2,LogOff,LogOff
2026-04-25T04:37:37.499Z,,CodexSandboxOffline,DESKTOP-C332RF6,,2,LogOff,LogOff
2026-04-25T04:37:37.543Z,,CodexSandboxOffline,DESKTOP-C332RF6,,2,LogOff,LogOff
2026-04-25T04:37:37.566Z,,CodexSandboxOffline,DESKTOP-C332RF6,,2,LogOff,LogOff
2026-04-25T04:37:48.289Z,PC,CodexSandboxOffline,DESKTOP-C332RF6,Negotiate,2,LogOn,Success
2026-04-25T04:37:48.352Z,PC,CodexSandboxOffline,DESKTOP-C332RF6,Negotiate,2,LogOn,Success
2026-04-25T04:37:48.486Z,PC,CodexSandboxOffline,DESKTOP-C332RF6,Negotiate,2,LogOn,Success
2026-04-25T04:37:48.511Z,PC,CodexSandboxOffline,DESKTOP-C332RF6,Negotiate,2,LogOn,Success
2026-04-25T04:37:48.835Z,,CodexSandboxOffline,DESKTOP-C332RF6,,2,LogOff,LogOff
2026-04-25T04:37:48.930Z,,CodexSandboxOffline,DESKTOP-C332RF6,,2,LogOff,LogOff
2026-04-25T04:37:48.934Z,,CodexSandboxOffline,DESKTOP-C332RF6,,2,LogOff,LogOff
2026-04-25T04:37:48.949Z,,CodexSandboxOffline,DESKTOP-C332RF6,,2,LogOff,LogOff
2026-04-25T04:38:01.402Z,PC,CodexSandboxOffline,DESKTOP-C332RF6,Negotiate,2,LogOn,Success
2026-04-25T04:38:01.628Z,PC,CodexSandboxOffline,DESKTOP-C332RF6,Negotiate,2,LogOn,Success
2026-04-25T04:38:01.653Z,PC,CodexSandboxOffline,DESKTOP-C332RF6,Negotiate,2,LogOn,Success
2026-04-25T04:38:01.671Z,PC,CodexSandboxOffline,DESKTOP-C332RF6,Negotiate,2,LogOn,Success
2026-04-25T04:38:01.868Z,,CodexSandboxOffline,DESKTOP-C332RF6,,2,LogOff,LogOff
2026-04-25T04:38:02.039Z,,CodexSandboxOffline,DESKTOP-C332RF6,,2,LogOff,LogOff
2026-04-25T04:38:02.057Z,,CodexSandboxOffline,DESKTOP-C332RF6,,2,LogOff,LogOff
2026-04-25T04:38:02.122Z,,CodexSandboxOffline,DESKTOP-C332RF6,,2,LogOff,LogOff
2026-04-25T04:38:10.314Z,PC,CodexSandboxOffline,DESKTOP-C332RF6,Negotiate,2,LogOn,Success
2026-04-25T04:38:10.489Z,PC,CodexSandboxOffline,DESKTOP-C332RF6,Negotiate,2,LogOn,Success
2026-04-25T04:38:10.507Z,PC,CodexSandboxOffline,DESKTOP-C332RF6,Negotiate,2,LogOn,Success
2026-04-25T04:38:10.733Z,,CodexSandboxOffline,DESKTOP-C332RF6,,2,LogOff,LogOff
2026-04-25T04:38:10.870Z,,CodexSandboxOffline,DESKTOP-C332RF6,,2,LogOff,LogOff
2026-04-25T04:38:10.910Z,,CodexSandboxOffline,DESKTOP-C332RF6,,2,LogOff,LogOff
2026-04-25T04:38:19.260Z,PC,CodexSandboxOffline,DESKTOP-C332RF6,Negotiate,2,LogOn,Success
2026-04-25T04:38:19.291Z,PC,CodexSandboxOffline,DESKTOP-C332RF6,Negotiate,2,LogOn,Success
2026-04-25T04:38:19.306Z,PC,CodexSandboxOffline,DESKTOP-C332RF6,Negotiate,2,LogOn,Success
2026-04-25T04:38:19.663Z,,CodexSandboxOffline,DESKTOP-C332RF6,,2,LogOff,LogOff
2026-04-25T04:38:19.682Z,,CodexSandboxOffline,DESKTOP-C332RF6,,2,LogOff,LogOff
2026-04-25T04:38:19.698Z,,CodexSandboxOffline,DESKTOP-C332RF6,,2,LogOff,LogOff
2026-04-25T04:38:32.583Z,PC,CodexSandboxOffline,DESKTOP-C332RF6,Negotiate,2,LogOn,Success
2026-04-25T04:38:32.758Z,PC,CodexSandboxOffline,DESKTOP-C332RF6,Negotiate,2,LogOn,Success
2026-04-25T04:38:32.776Z,PC,CodexSandboxOffline,DESKTOP-C332RF6,Negotiate,2,LogOn,Success
2026-04-25T04:38:33.009Z,,CodexSandboxOffline,DESKTOP-C332RF6,,2,LogOff,LogOff
2026-04-25T04:38:33.134Z,,CodexSandboxOffline,DESKTOP-C332RF6,,2,LogOff,LogOff
2026-04-25T04:38:33.154Z,,CodexSandboxOffline,DESKTOP-C332RF6,,2,LogOff,LogOff
2026-04-25T04:38:42.297Z,PC,CodexSandboxOffline,DESKTOP-C332RF6,Negotiate,2,LogOn,Success
2026-04-25T04:38:42.417Z,PC,CodexSandboxOffline,DESKTOP-C332RF6,Negotiate,2,LogOn,Success
2026-04-25T04:38:42.434Z,PC,CodexSandboxOffline,DESKTOP-C332RF6,Negotiate,2,LogOn,Success
2026-04-25T04:38:42.693Z,,CodexSandboxOffline,DESKTOP-C332RF6,,2,LogOff,LogOff
2026-04-25T04:38:42.776Z,,CodexSandboxOffline,DESKTOP-C332RF6,,2,LogOff,LogOff
2026-04-25T04:38:42.780Z,,CodexSandboxOffline,DESKTOP-C332RF6,,2,LogOff,LogOff
2026-04-25T04:39:01.280Z,PC,CodexSandboxOffline,DESKTOP-C332RF6,Negotiate,2,LogOn,Success
2026-04-25T04:39:01.423Z,PC,CodexSandboxOffline,DESKTOP-C332RF6,Negotiate,2,LogOn,Success
2026-04-25T04:39:02.229Z,,CodexSandboxOffline,DESKTOP-C332RF6,,2,LogOff,LogOff
2026-04-25T04:39:03.900Z,,CodexSandboxOffline,DESKTOP-C332RF6,,2,LogOff,LogOff
2026-04-25T04:39:37.227Z,PC,CodexSandboxOffline,DESKTOP-C332RF6,Negotiate,2,LogOn,Success
2026-04-25T04:39:37.568Z,,CodexSandboxOffline,DESKTOP-C332RF6,,2,LogOff,LogOff
2026-04-25T04:39:45.695Z,PC,CodexSandboxOffline,DESKTOP-C332RF6,Negotiate,2,LogOn,Success
2026-04-25T04:39:45.726Z,PC,CodexSandboxOffline,DESKTOP-C332RF6,Negotiate,2,LogOn,Success
2026-04-25T04:39:46.109Z,,CodexSandboxOffline,DESKTOP-C332RF6,,2,LogOff,LogOff
2026-04-25T04:39:46.123Z,,CodexSandboxOffline,DESKTOP-C332RF6,,2,LogOff,LogOff
2026-04-25T04:40:00.859Z,PC,CodexSandboxOffline,DESKTOP-C332RF6,Negotiate,2,LogOn,Success
2026-04-25T04:40:00.889Z,PC,CodexSandboxOffline,DESKTOP-C332RF6,Negotiate,2,LogOn,Success
2026-04-25T04:40:01.246Z,,CodexSandboxOffline,DESKTOP-C332RF6,,2,LogOff,LogOff
2026-04-25T04:40:01.265Z,,CodexSandboxOffline,DESKTOP-C332RF6,,2,LogOff,LogOff
2026-04-25T04:40:13.651Z,PC,CodexSandboxOffline,DESKTOP-C332RF6,Negotiate,2,LogOn,Success
2026-04-25T04:40:13.680Z,PC,CodexSandboxOffline,DESKTOP-C332RF6,Negotiate,2,LogOn,Success
2026-04-25T04:40:14.040Z,,CodexSandboxOffline,DESKTOP-C332RF6,,2,LogOff,LogOff
2026-04-25T04:40:14.796Z,PC,CodexSandboxOffline,DESKTOP-C332RF6,Negotiate,2,LogOn,Success
2026-04-25T04:40:16.647Z,,CodexSandboxOffline,DESKTOP-C332RF6,,2,LogOff,LogOff
2026-04-25T04:40:44.873Z,,CodexSandboxOffline,DESKTOP-C332RF6,,2,LogOff,LogOff
2026-04-25T04:40:53.902Z,PC,CodexSandboxOffline,DESKTOP-C332RF6,Negotiate,2,LogOn,Success
2026-04-25T04:40:54.072Z,PC,CodexSandboxOffline,DESKTOP-C332RF6,Negotiate,2,LogOn,Success
2026-04-25T04:40:54.091Z,PC,CodexSandboxOffline,DESKTOP-C332RF6,Negotiate,2,LogOn,Success
2026-04-25T04:40:54.311Z,,CodexSandboxOffline,DESKTOP-C332RF6,,2,LogOff,LogOff
2026-04-25T04:40:54.460Z,,CodexSandboxOffline,DESKTOP-C332RF6,,2,LogOff,LogOff
2026-04-25T04:40:54.471Z,,CodexSandboxOffline,DESKTOP-C332RF6,,2,LogOff,LogOff
2026-04-25T04:41:02.487Z,PC,CodexSandboxOffline,DESKTOP-C332RF6,Negotiate,2,LogOn,Success
2026-04-25T04:41:02.522Z,PC,CodexSandboxOffline,DESKTOP-C332RF6,Negotiate,2,LogOn,Success
2026-04-25T04:41:02.870Z,,CodexSandboxOffline,DESKTOP-C332RF6,,2,LogOff,LogOff
2026-04-25T04:41:02.881Z,,CodexSandboxOffline,DESKTOP-C332RF6,,2,LogOff,LogOff
2026-04-25T04:42:23.644Z,DESKTOP-C332RF6$,SYSTEM,DESKTOP-C332RF6,Negotiate,5,LogOn,Success
2026-04-25T04:42:24.788Z,DESKTOP-C332RF6$,SYSTEM,DESKTOP-C332RF6,Negotiate,5,LogOn,Success
2026-04-25T04:42:24.936Z,DESKTOP-C332RF6$,SYSTEM,DESKTOP-C332RF6,Negotiate,5,LogOn,Success
2026-04-25T04:44:22.585Z,DESKTOP-C332RF6$,SYSTEM,DESKTOP-C332RF6,Negotiate,5,LogOn,Success
2026-04-25T04:44:22.774Z,DESKTOP-C332RF6$,SYSTEM,DESKTOP-C332RF6,Negotiate,5,LogOn,Success
2026-04-25T04:45:34.207Z,DESKTOP-C332RF6$,SYSTEM,DESKTOP-C332RF6,Negotiate,5,LogOn,Success
2026-04-25T04:49:41.403Z,DESKTOP-C332RF6$,SYSTEM,DESKTOP-C332RF6,Negotiate,5,LogOn,Success
2026-04-25T04:58:38.833Z,DESKTOP-C332RF6$,SYSTEM,DESKTOP-C332RF6,Negotiate,5,LogOn,Success
2026-04-25T05:00:41.254Z,DESKTOP-C332RF6$,SYSTEM,DESKTOP-C332RF6,Negotiate,5,LogOn,Success
2026-04-25T05:06:45.535Z,DESKTOP-C332RF6$,SYSTEM,DESKTOP-C332RF6,Negotiate,5,LogOn,Success
2026-04-25T05:15:57.845Z,DESKTOP-C332RF6$,SYSTEM,DESKTOP-C332RF6,Negotiate,5,LogOn,Success
2026-04-25T05:16:09.206Z,DESKTOP-C332RF6$,SYSTEM,DESKTOP-C332RF6,Negotiate,5,LogOn,Success
2026-04-25T05:17:25.811Z,DESKTOP-C332RF6$,SYSTEM,DESKTOP-C332RF6,Negotiate,5,LogOn,Success
2026-04-25T05:18:02.473Z,DESKTOP-C332RF6$,SYSTEM,DESKTOP-C332RF6,Negotiate,5,LogOn,Success
2026-04-25T05:18:02.821Z,DESKTOP-C332RF6$,SYSTEM,DESKTOP-C332RF6,Negotiate,5,LogOn,Success
2026-04-25T05:34:03.585Z,DESKTOP-C332RF6$,SYSTEM,DESKTOP-C332RF6,Negotiate,5,LogOn,Success
2026-04-25T05:34:04.849Z,DESKTOP-C332RF6$,SYSTEM,DESKTOP-C332RF6,Negotiate,5,LogOn,Success
2026-04-25T05:39:44.080Z,PC,CodexSandboxOffline,DESKTOP-C332RF6,Negotiate,2,LogOn,Success
2026-04-25T05:39:44.112Z,PC,CodexSandboxOffline,DESKTOP-C332RF6,Negotiate,2,LogOn,Success
2026-04-25T05:39:44.246Z,PC,CodexSandboxOffline,DESKTOP-C332RF6,Negotiate,2,LogOn,Success
2026-04-25T05:39:44.484Z,,CodexSandboxOffline,DESKTOP-C332RF6,,2,LogOff,LogOff
2026-04-25T05:39:44.490Z,,CodexSandboxOffline,DESKTOP-C332RF6,,2,LogOff,LogOff
2026-04-25T05:39:44.614Z,,CodexSandboxOffline,DESKTOP-C332RF6,,2,LogOff,LogOff
2026-04-25T05:39:59.457Z,PC,CodexSandboxOffline,DESKTOP-C332RF6,Negotiate,2,LogOn,Success
2026-04-25T05:39:59.623Z,PC,CodexSandboxOffline,DESKTOP-C332RF6,Negotiate,2,LogOn,Success
2026-04-25T05:39:59.828Z,,CodexSandboxOffline,DESKTOP-C332RF6,,2,LogOff,LogOff
2026-04-25T05:39:59.973Z,,CodexSandboxOffline,DESKTOP-C332RF6,,2,LogOff,LogOff
2026-04-25T05:40:18.484Z,PC,CodexSandboxOffline,DESKTOP-C332RF6,Negotiate,2,LogOn,Success
2026-04-25T05:40:18.514Z,PC,CodexSandboxOffline,DESKTOP-C332RF6,Negotiate,2,LogOn,Success
2026-04-25T05:40:18.654Z,PC,CodexSandboxOffline,DESKTOP-C332RF6,Negotiate,2,LogOn,Success
2026-04-25T05:40:18.884Z,,CodexSandboxOffline,DESKTOP-C332RF6,,2,LogOff,LogOff
2026-04-25T05:40:18.888Z,,CodexSandboxOffline,DESKTOP-C332RF6,,2,LogOff,LogOff
2026-04-25T05:40:19.028Z,,CodexSandboxOffline,DESKTOP-C332RF6,,2,LogOff,LogOff
2026-04-25T05:42:49.490Z,PC,CodexSandboxOffline,DESKTOP-C332RF6,Negotiate,2,LogOn,Success
2026-04-25T05:42:49.521Z,PC,CodexSandboxOffline,DESKTOP-C332RF6,Negotiate,2,LogOn,Success
2026-04-25T05:42:49.535Z,PC,CodexSandboxOffline,DESKTOP-C332RF6,Negotiate,2,LogOn,Success
2026-04-25T05:42:49.883Z,,CodexSandboxOffline,DESKTOP-C332RF6,,2,LogOff,LogOff
2026-04-25T05:42:49.898Z,,CodexSandboxOffline,DESKTOP-C332RF6,,2,LogOff,LogOff
2026-04-25T05:42:49.925Z,,CodexSandboxOffline,DESKTOP-C332RF6,,2,LogOff,LogOff
2026-04-25T05:43:01.676Z,PC,CodexSandboxOffline,DESKTOP-C332RF6,Negotiate,2,LogOn,Success
2026-04-25T05:43:01.854Z,PC,CodexSandboxOffline,DESKTOP-C332RF6,Negotiate,2,LogOn,Success
2026-04-25T05:43:01.873Z,PC,CodexSandboxOffline,DESKTOP-C332RF6,Negotiate,2,LogOn,Success
2026-04-25T05:43:02.222Z,,CodexSandboxOffline,DESKTOP-C332RF6,,2,LogOff,LogOff
2026-04-25T05:43:02.229Z,,CodexSandboxOffline,DESKTOP-C332RF6,,2,LogOff,LogOff
2026-04-25T05:43:02.250Z,,CodexSandboxOffline,DESKTOP-C332RF6,,2,LogOff,LogOff
2026-04-25T05:44:19.076Z,DESKTOP-C332RF6$,SYSTEM,DESKTOP-C332RF6,Negotiate,5,LogOn,Success
2026-04-25T05:46:15.216Z,PC,CodexSandboxOffline,DESKTOP-C332RF6,Negotiate,2,LogOn,Success
2026-04-25T05:46:15.363Z,PC,CodexSandboxOffline,DESKTOP-C332RF6,Negotiate,2,LogOn,Success
2026-04-25T05:46:15.380Z,PC,CodexSandboxOffline,DESKTOP-C332RF6,Negotiate,2,LogOn,Success
2026-04-25T05:46:15.643Z,,CodexSandboxOffline,DESKTOP-C332RF6,,2,LogOff,LogOff
2026-04-25T05:46:15.733Z,,CodexSandboxOffline,DESKTOP-C332RF6,,2,LogOff,LogOff
2026-04-25T05:46:15.746Z,,CodexSandboxOffline,DESKTOP-C332RF6,,2,LogOff,LogOff
2026-04-25T05:46:28.127Z,PC,CodexSandboxOffline,DESKTOP-C332RF6,Negotiate,2,LogOn,Success
2026-04-25T05:46:28.166Z,PC,CodexSandboxOffline,DESKTOP-C332RF6,Negotiate,2,LogOn,Success
2026-04-25T05:46:28.279Z,PC,CodexSandboxOffline,DESKTOP-C332RF6,Negotiate,2,LogOn,Success
2026-04-25T05:46:28.594Z,,CodexSandboxOffline,DESKTOP-C332RF6,,2,LogOff,LogOff
2026-04-25T05:46:28.603Z,,CodexSandboxOffline,DESKTOP-C332RF6,,2,LogOff,LogOff
2026-04-25T05:46:28.723Z,,CodexSandboxOffline,DESKTOP-C332RF6,,2,LogOff,LogOff
2026-04-25T05:47:09.323Z,PC,CodexSandboxOffline,DESKTOP-C332RF6,Negotiate,2,LogOn,Success
2026-04-25T05:47:09.482Z,PC,CodexSandboxOffline,DESKTOP-C332RF6,Negotiate,2,LogOn,Success
2026-04-25T05:47:09.500Z,PC,CodexSandboxOffline,DESKTOP-C332RF6,Negotiate,2,LogOn,Success
2026-04-25T05:47:09.835Z,,CodexSandboxOffline,DESKTOP-C332RF6,,2,LogOff,LogOff
2026-04-25T05:47:10.160Z,,CodexSandboxOffline,DESKTOP-C332RF6,,2,LogOff,LogOff
2026-04-25T05:47:10.164Z,,CodexSandboxOffline,DESKTOP-C332RF6,,2,LogOff,LogOff
2026-04-25T05:47:18.332Z,PC,CodexSandboxOffline,DESKTOP-C332RF6,Negotiate,2,LogOn,Success
2026-04-25T05:47:18.368Z,PC,CodexSandboxOffline,DESKTOP-C332RF6,Negotiate,2,LogOn,Success
2026-04-25T05:47:18.500Z,PC,CodexSandboxOffline,DESKTOP-C332RF6,Negotiate,2,LogOn,Success
2026-04-25T05:47:18.721Z,,CodexSandboxOffline,DESKTOP-C332RF6,,2,LogOff,LogOff
2026-04-25T05:47:18.746Z,,CodexSandboxOffline,DESKTOP-C332RF6,,2,LogOff,LogOff
2026-04-25T05:47:18.870Z,,CodexSandboxOffline,DESKTOP-C332RF6,,2,LogOff,LogOff
2026-04-25T06:00:41.236Z,DESKTOP-C332RF6$,SYSTEM,DESKTOP-C332RF6,Negotiate,5,LogOn,Success
2026-04-25T06:00:42.198Z,DESKTOP-C332RF6$,SYSTEM,DESKTOP-C332RF6,Negotiate,5,LogOn,Success
2026-04-25T06:02:23.435Z,DESKTOP-C332RF6$,SYSTEM,DESKTOP-C332RF6,Negotiate,5,LogOn,Success
2026-04-25T06:03:02.459Z,DESKTOP-C332RF6$,SYSTEM,DESKTOP-C332RF6,Negotiate,5,LogOn,Success
2026-04-25T06:03:18.446Z,DESKTOP-C332RF6$,SYSTEM,DESKTOP-C332RF6,Negotiate,5,LogOn,Success
2026-04-25T06:15:57.086Z,DESKTOP-C332RF6$,SYSTEM,DESKTOP-C332RF6,Negotiate,5,LogOn,Success
2026-04-25T06:30:55.959Z,DESKTOP-C332RF6$,SYSTEM,DESKTOP-C332RF6,Negotiate,5,LogOn,Success
2026-04-25T06:30:57.222Z,DESKTOP-C332RF6$,SYSTEM,DESKTOP-C332RF6,Negotiate,5,LogOn,Success
2026-04-25T06:32:47.914Z,DESKTOP-C332RF6$,SYSTEM,DESKTOP-C332RF6,Negotiate,5,LogOn,Success
2026-04-25T06:34:57.940Z,DESKTOP-C332RF6$,SYSTEM,DESKTOP-C332RF6,Negotiate,5,LogOn,Success
2026-04-25T06:38:25.485Z,DESKTOP-C332RF6$,SYSTEM,DESKTOP-C332RF6,Negotiate,5,LogOn,Success
2026-04-25T06:45:56.018Z,DESKTOP-C332RF6$,SYSTEM,DESKTOP-C332RF6,Negotiate,5,LogOn,Success
2026-04-25T06:45:57.287Z,DESKTOP-C332RF6$,SYSTEM,DESKTOP-C332RF6,Negotiate,5,LogOn,Success
2026-04-25T06:46:33.662Z,DESKTOP-C332RF6$,SYSTEM,DESKTOP-C332RF6,Negotiate,5,LogOn,Success
2026-04-25T06:48:02.478Z,DESKTOP-C332RF6$,SYSTEM,DESKTOP-C332RF6,Negotiate,5,LogOn,Success
2026-04-25T06:48:02.762Z,DESKTOP-C332RF6$,SYSTEM,DESKTOP-C332RF6,Negotiate,5,LogOn,Success
2026-04-25T07:01:01.056Z,DESKTOP-C332RF6$,SYSTEM,DESKTOP-C332RF6,Negotiate,5,LogOn,Success
2026-04-25T07:01:01.156Z,DESKTOP-C332RF6$,SYSTEM,DESKTOP-C332RF6,Negotiate,5,LogOn,Success
2026-04-25T07:04:41.523Z,DESKTOP-C332RF6$,SYSTEM,DESKTOP-C332RF6,Negotiate,5,LogOn,Success
2026-04-25T07:06:27.774Z,DESKTOP-C332RF6$,SYSTEM,DESKTOP-C332RF6,Negotiate,5,LogOn,Success
2026-04-25T07:06:45.891Z,DESKTOP-C332RF6$,SYSTEM,DESKTOP-C332RF6,Negotiate,5,LogOn,Success
2026-04-25T07:11:44.807Z,DESKTOP-C332RF6$,SYSTEM,DESKTOP-C332RF6,Negotiate,5,LogOn,Success
2026-04-25T07:30:56.137Z,DESKTOP-C332RF6$,SYSTEM,DESKTOP-C332RF6,Negotiate,5,LogOn,Success
2026-04-25T07:30:57.167Z,DESKTOP-C332RF6$,SYSTEM,DESKTOP-C332RF6,Negotiate,5,LogOn,Success
2026-04-25T07:33:02.406Z,DESKTOP-C332RF6$,SYSTEM,DESKTOP-C332RF6,Negotiate,5,LogOn,Success
2026-04-25T07:33:02.738Z,DESKTOP-C332RF6$,SYSTEM,DESKTOP-C332RF6,Negotiate,5,LogOn,Success
2026-04-25T07:34:15.987Z,DESKTOP-C332RF6$,SYSTEM,DESKTOP-C332RF6,Negotiate,5,LogOn,Success
2026-04-25T07:39:13.380Z,DESKTOP-C332RF6$,SYSTEM,DESKTOP-C332RF6,Negotiate,5,LogOn,Success
2026-04-25T07:48:21.432Z,DESKTOP-C332RF6$,SYSTEM,DESKTOP-C332RF6,Negotiate,5,LogOn,Success
2026-04-25T07:49:11.625Z,DESKTOP-C332RF6$,SYSTEM,DESKTOP-C332RF6,Negotiate,5,LogOn,Success
2026-04-25T07:49:12.033Z,DESKTOP-C332RF6$,SYSTEM,DESKTOP-C332RF6,Negotiate,5,LogOn,Success
2026-04-25T07:49:41.611Z,DESKTOP-C332RF6$,SYSTEM,DESKTOP-C332RF6,Negotiate,5,LogOn,Success
2026-04-25T07:53:27.338Z,DESKTOP-C332RF6$,SYSTEM,DESKTOP-C332RF6,Negotiate,5,LogOn,Success
2026-04-25T07:57:19.511Z,DESKTOP-C332RF6$,SYSTEM,DESKTOP-C332RF6,Negotiate,5,LogOn,Success
2026-04-25T08:01:26.553Z,DESKTOP-C332RF6$,SYSTEM,DESKTOP-C332RF6,Negotiate,5,LogOn,Success
2026-04-25T08:03:02.548Z,DESKTOP-C332RF6$,SYSTEM,DESKTOP-C332RF6,Negotiate,5,LogOn,Success
2026-04-25T08:03:02.855Z,DESKTOP-C332RF6$,SYSTEM,DESKTOP-C332RF6,Negotiate,5,LogOn,Success
2026-04-25T08:19:41.718Z,DESKTOP-C332RF6$,SYSTEM,DESKTOP-C332RF6,Negotiate,5,LogOn,Success
2026-04-25T08:22:09.507Z,DESKTOP-C332RF6$,SYSTEM,DESKTOP-C332RF6,Negotiate,5,LogOn,Success
2026-04-25T08:28:26.481Z,DESKTOP-C332RF6$,SYSTEM,DESKTOP-C332RF6,Negotiate,5,LogOn,Success
2026-04-25T08:29:15.684Z,DESKTOP-C332RF6$,SYSTEM,DESKTOP-C332RF6,Negotiate,5,LogOn,Success
2026-04-25T08:40:45.086Z,DESKTOP-C332RF6$,SYSTEM,DESKTOP-C332RF6,Negotiate,5,LogOn,Success
2026-04-25T08:41:17.123Z,DESKTOP-C332RF6$,SYSTEM,DESKTOP-C332RF6,Negotiate,5,LogOn,Success
2026-04-25T08:44:04.059Z,DESKTOP-C332RF6$,SYSTEM,DESKTOP-C332RF6,Negotiate,5,LogOn,Success
2026-04-25T08:45:39.257Z,PC,CodexSandboxOffline,DESKTOP-C332RF6,Negotiate,2,LogOn,Success
2026-04-25T08:45:39.398Z,PC,CodexSandboxOffline,DESKTOP-C332RF6,Negotiate,2,LogOn,Success
2026-04-25T08:45:39.425Z,PC,CodexSandboxOffline,DESKTOP-C332RF6,Negotiate,2,LogOn,Success
2026-04-25T08:45:40.016Z,,CodexSandboxOffline,DESKTOP-C332RF6,,2,LogOff,LogOff
2026-04-25T08:45:40.155Z,,CodexSandboxOffline,DESKTOP-C332RF6,,2,LogOff,LogOff
2026-04-25T08:45:40.190Z,,CodexSandboxOffline,DESKTOP-C332RF6,,2,LogOff,LogOff
2026-04-25T08:45:52.244Z,PC,CodexSandboxOffline,DESKTOP-C332RF6,Negotiate,2,LogOn,Success
2026-04-25T08:45:52.419Z,PC,CodexSandboxOffline,DESKTOP-C332RF6,Negotiate,2,LogOn,Success
2026-04-25T08:45:52.444Z,PC,CodexSandboxOffline,DESKTOP-C332RF6,Negotiate,2,LogOn,Success
2026-04-25T08:45:52.465Z,PC,CodexSandboxOffline,DESKTOP-C332RF6,Negotiate,2,LogOn,Success
2026-04-25T08:45:52.868Z,,CodexSandboxOffline,DESKTOP-C332RF6,,2,LogOff,LogOff
2026-04-25T08:45:52.969Z,,CodexSandboxOffline,DESKTOP-C332RF6,,2,LogOff,LogOff
2026-04-25T08:45:52.991Z,,CodexSandboxOffline,DESKTOP-C332RF6,,2,LogOff,LogOff
2026-04-25T08:45:53.032Z,,CodexSandboxOffline,DESKTOP-C332RF6,,2,LogOff,LogOff
2026-04-25T08:46:02.673Z,PC,CodexSandboxOffline,DESKTOP-C332RF6,Negotiate,2,LogOn,Success
2026-04-25T08:46:02.716Z,PC,CodexSandboxOffline,DESKTOP-C332RF6,Negotiate,2,LogOn,Success
2026-04-25T08:46:02.847Z,PC,CodexSandboxOffline,DESKTOP-C332RF6,Negotiate,2,LogOn,Success
2026-04-25T08:46:03.184Z,,CodexSandboxOffline,DESKTOP-C332RF6,,2,LogOff,LogOff
2026-04-25T08:46:03.212Z,,CodexSandboxOffline,DESKTOP-C332RF6,,2,LogOff,LogOff
2026-04-25T08:46:03.409Z,,CodexSandboxOffline,DESKTOP-C332RF6,,2,LogOff,LogOff
2026-04-25T08:47:06.937Z,PC,CodexSandboxOffline,DESKTOP-C332RF6,Negotiate,2,LogOn,Success
2026-04-25T08:47:06.975Z,PC,CodexSandboxOffline,DESKTOP-C332RF6,Negotiate,2,LogOn,Success
2026-04-25T08:47:07.366Z,,CodexSandboxOffline,DESKTOP-C332RF6,,2,LogOff,LogOff
2026-04-25T08:47:07.390Z,,CodexSandboxOffline,DESKTOP-C332RF6,,2,LogOff,LogOff
2026-04-25T08:48:02.427Z,DESKTOP-C332RF6$,SYSTEM,DESKTOP-C332RF6,Negotiate,5,LogOn,Success
2026-04-25T08:48:03.327Z,DESKTOP-C332RF6$,SYSTEM,DESKTOP-C332RF6,Negotiate,5,LogOn,Success
2026-04-25T08:52:11.749Z,PC,CodexSandboxOffline,DESKTOP-C332RF6,Negotiate,2,LogOn,Success
2026-04-25T08:52:11.789Z,PC,CodexSandboxOffline,DESKTOP-C332RF6,Negotiate,2,LogOn,Success
2026-04-25T08:52:11.901Z,PC,CodexSandboxOffline,DESKTOP-C332RF6,Negotiate,2,LogOn,Success
2026-04-25T08:52:12.137Z,,CodexSandboxOffline,DESKTOP-C332RF6,,2,LogOff,LogOff
2026-04-25T08:52:12.172Z,,CodexSandboxOffline,DESKTOP-C332RF6,,2,LogOff,LogOff
2026-04-25T08:52:12.290Z,,CodexSandboxOffline,DESKTOP-C332RF6,,2,LogOff,LogOff
2026-04-25T08:53:41.504Z,PC,CodexSandboxOffline,DESKTOP-C332RF6,Negotiate,2,LogOn,Success
2026-04-25T08:53:42.737Z,PC,CodexSandboxOffline,DESKTOP-C332RF6,Negotiate,2,LogOn,Success
2026-04-25T08:53:42.756Z,PC,CodexSandboxOffline,DESKTOP-C332RF6,Negotiate,2,LogOn,Success
2026-04-25T08:53:43.378Z,,CodexSandboxOffline,DESKTOP-C332RF6,,2,LogOff,LogOff
2026-04-25T08:53:43.397Z,,CodexSandboxOffline,DESKTOP-C332RF6,,2,LogOff,LogOff
2026-04-25T08:53:43.772Z,,CodexSandboxOffline,DESKTOP-C332RF6,,2,LogOff,LogOff
2026-04-25T08:59:01.955Z,PC,CodexSandboxOffline,DESKTOP-C332RF6,Negotiate,2,LogOn,Success
2026-04-25T08:59:01.989Z,PC,CodexSandboxOffline,DESKTOP-C332RF6,Negotiate,2,LogOn,Success
2026-04-25T08:59:02.102Z,PC,CodexSandboxOffline,DESKTOP-C332RF6,Negotiate,2,LogOn,Success
2026-04-25T08:59:02.122Z,PC,CodexSandboxOffline,DESKTOP-C332RF6,Negotiate,2,LogOn,Success
2026-04-25T08:59:02.484Z,,CodexSandboxOffline,DESKTOP-C332RF6,,2,LogOff,LogOff
2026-04-25T08:59:02.590Z,,CodexSandboxOffline,DESKTOP-C332RF6,,2,LogOff,LogOff
2026-04-25T08:59:02.615Z,,CodexSandboxOffline,DESKTOP-C332RF6,,2,LogOff,LogOff
2026-04-25T08:59:02.619Z,,CodexSandboxOffline,DESKTOP-C332RF6,,2,LogOff,LogOff
2026-04-25T08:59:14.165Z,PC,CodexSandboxOffline,DESKTOP-C332RF6,Negotiate,2,LogOn,Success
2026-04-25T08:59:14.334Z,PC,CodexSandboxOffline,DESKTOP-C332RF6,Negotiate,2,LogOn,Success
2026-04-25T08:59:14.352Z,PC,CodexSandboxOffline,DESKTOP-C332RF6,Negotiate,2,LogOn,Success
2026-04-25T08:59:14.544Z,,CodexSandboxOffline,DESKTOP-C332RF6,,2,LogOff,LogOff
2026-04-25T08:59:14.697Z,,CodexSandboxOffline,DESKTOP-C332RF6,,2,LogOff,LogOff
2026-04-25T08:59:14.737Z,,CodexSandboxOffline,DESKTOP-C332RF6,,2,LogOff,LogOff
2026-04-25T09:00:30.202Z,PC,CodexSandboxOffline,DESKTOP-C332RF6,Negotiate,2,LogOn,Success
2026-04-25T09:00:30.241Z,PC,CodexSandboxOffline,DESKTOP-C332RF6,Negotiate,2,LogOn,Success
2026-04-25T09:00:30.378Z,PC,CodexSandboxOffline,DESKTOP-C332RF6,Negotiate,2,LogOn,Success
2026-04-25T09:00:30.400Z,PC,CodexSandboxOffline,DESKTOP-C332RF6,Negotiate,2,LogOn,Success
2026-04-25T09:00:30.636Z,,CodexSandboxOffline,DESKTOP-C332RF6,,2,LogOff,LogOff
2026-04-25T09:00:30.661Z,,CodexSandboxOffline,DESKTOP-C332RF6,,2,LogOff,LogOff
2026-04-25T09:00:30.784Z,,CodexSandboxOffline,DESKTOP-C332RF6,,2,LogOff,LogOff
2026-04-25T09:00:30.788Z,,CodexSandboxOffline,DESKTOP-C332RF6,,2,LogOff,LogOff
2026-04-25T09:02:04.737Z,PC,CodexSandboxOffline,DESKTOP-C332RF6,Negotiate,2,LogOn,Success
2026-04-25T09:02:04.776Z,PC,CodexSandboxOffline,DESKTOP-C332RF6,Negotiate,2,LogOn,Success
2026-04-25T09:02:04.901Z,PC,CodexSandboxOffline,DESKTOP-C332RF6,Negotiate,2,LogOn,Success
2026-04-25T09:02:05.135Z,,CodexSandboxOffline,DESKTOP-C332RF6,,2,LogOff,LogOff
2026-04-25T09:02:05.269Z,,CodexSandboxOffline,DESKTOP-C332RF6,,2,LogOff,LogOff
2026-04-25T09:02:05.273Z,,CodexSandboxOffline,DESKTOP-C332RF6,,2,LogOff,LogOff
2026-04-25T09:02:33.403Z,PC,CodexSandboxOffline,DESKTOP-C332RF6,Negotiate,2,LogOn,Success
2026-04-25T09:02:33.551Z,PC,CodexSandboxOffline,DESKTOP-C332RF6,Negotiate,2,LogOn,Success
2026-04-25T09:02:33.571Z,PC,CodexSandboxOffline,DESKTOP-C332RF6,Negotiate,2,LogOn,Success
2026-04-25T09:02:33.928Z,,CodexSandboxOffline,DESKTOP-C332RF6,,2,LogOff,LogOff
2026-04-25T09:02:33.949Z,,CodexSandboxOffline,DESKTOP-C332RF6,,2,LogOff,LogOff
2026-04-25T09:02:33.953Z,,CodexSandboxOffline,DESKTOP-C332RF6,,2,LogOff,LogOff
2026-04-25T09:04:41.790Z,DESKTOP-C332RF6$,SYSTEM,DESKTOP-C332RF6,Negotiate,5,LogOn,Success
2026-04-25T09:06:45.976Z,DESKTOP-C332RF6$,SYSTEM,DESKTOP-C332RF6,Negotiate,5,LogOn,Success
2026-04-25T09:09:32.620Z,DESKTOP-C332RF6$,SYSTEM,DESKTOP-C332RF6,Negotiate,5,LogOn,Success
2026-04-25T09:18:02.493Z,DESKTOP-C332RF6$,SYSTEM,DESKTOP-C332RF6,Negotiate,5,LogOn,Success
2026-04-25T09:18:02.764Z,DESKTOP-C332RF6$,SYSTEM,DESKTOP-C332RF6,Negotiate,5,LogOn,Success
2026-04-25T09:24:42.130Z,DESKTOP-C332RF6$,SYSTEM,DESKTOP-C332RF6,Negotiate,5,LogOn,Success
2026-04-25T09:26:11.587Z,DESKTOP-C332RF6$,SYSTEM,DESKTOP-C332RF6,Negotiate,5,LogOn,Success
2026-04-25T09:29:09.171Z,DESKTOP-C332RF6$,SYSTEM,DESKTOP-C332RF6,Negotiate,5,LogOn,Success
2026-04-25T09:34:00.332Z,DESKTOP-C332RF6$,SYSTEM,DESKTOP-C332RF6,Negotiate,5,LogOn,Success
2026-04-25T09:44:16.436Z,DESKTOP-C332RF6$,SYSTEM,DESKTOP-C332RF6,Negotiate,5,LogOn,Success
2026-04-25T09:44:17.387Z,DESKTOP-C332RF6$,SYSTEM,DESKTOP-C332RF6,Negotiate,5,LogOn,Success
2026-04-25T09:46:13.731Z,DESKTOP-C332RF6$,SYSTEM,DESKTOP-C332RF6,Negotiate,5,LogOn,Success
2026-04-25T09:48:03.573Z,DESKTOP-C332RF6$,SYSTEM,DESKTOP-C332RF6,Negotiate,5,LogOn,Success
2026-04-25T09:48:03.838Z,DESKTOP-C332RF6$,SYSTEM,DESKTOP-C332RF6,Negotiate,5,LogOn,Success
2026-04-25T09:56:03.706Z,DESKTOP-C332RF6$,SYSTEM,DESKTOP-C332RF6,Negotiate,5,LogOn,Success
2026-04-25T09:59:26.487Z,DESKTOP-C332RF6$,SYSTEM,DESKTOP-C332RF6,Negotiate,5,LogOn,Success
2026-04-25T09:59:27.620Z,DESKTOP-C332RF6$,SYSTEM,DESKTOP-C332RF6,Negotiate,5,LogOn,Success
2026-04-25T10:06:44.915Z,DESKTOP-C332RF6$,SYSTEM,DESKTOP-C332RF6,Negotiate,5,LogOn,Success
2026-04-25T10:14:37.489Z,DESKTOP-C332RF6$,SYSTEM,DESKTOP-C332RF6,Negotiate,5,LogOn,Success
2026-04-25T10:33:02.463Z,DESKTOP-C332RF6$,SYSTEM,DESKTOP-C332RF6,Negotiate,5,LogOn,Success
2026-04-25T10:33:02.524Z,DESKTOP-C332RF6$,SYSTEM,DESKTOP-C332RF6,Negotiate,5,LogOn,Success
2026-04-25T10:33:02.789Z,DESKTOP-C332RF6$,SYSTEM,DESKTOP-C332RF6,Negotiate,5,LogOn,Success
2026-04-25T10:34:41.884Z,DESKTOP-C332RF6$,SYSTEM,DESKTOP-C332RF6,Negotiate,5,LogOn,Success
2026-04-25T10:49:41.942Z,DESKTOP-C332RF6$,SYSTEM,DESKTOP-C332RF6,Negotiate,5,LogOn,Success
2026-04-25T10:57:43.042Z,DESKTOP-C332RF6$,SYSTEM,DESKTOP-C332RF6,Negotiate,5,LogOn,Success
2026-04-25T11:02:20.151Z,DESKTOP-C332RF6$,SYSTEM,DESKTOP-C332RF6,Negotiate,5,LogOn,Success
2026-04-25T11:03:02.480Z,DESKTOP-C332RF6$,SYSTEM,DESKTOP-C332RF6,Negotiate,5,LogOn,Success
2026-04-25T11:03:02.742Z,DESKTOP-C332RF6$,SYSTEM,DESKTOP-C332RF6,Negotiate,5,LogOn,Success
2026-04-25T11:06:44.727Z,DESKTOP-C332RF6$,SYSTEM,DESKTOP-C332RF6,Negotiate,5,LogOn,Success
2026-04-25T11:15:16.693Z,DESKTOP-C332RF6$,SYSTEM,DESKTOP-C332RF6,Negotiate,5,LogOn,Success
2026-04-25T11:19:42.011Z,DESKTOP-C332RF6$,SYSTEM,DESKTOP-C332RF6,Negotiate,5,LogOn,Success
2026-04-25T11:26:23.758Z,DESKTOP-C332RF6$,SYSTEM,DESKTOP-C332RF6,Negotiate,5,LogOn,Success
2026-04-25T11:31:35.704Z,DESKTOP-C332RF6$,SYSTEM,DESKTOP-C332RF6,Negotiate,5,LogOn,Success
2026-04-25T11:33:02.514Z,DESKTOP-C332RF6$,SYSTEM,DESKTOP-C332RF6,Negotiate,5,LogOn,Success
2026-04-25T11:33:02.575Z,DESKTOP-C332RF6$,SYSTEM,DESKTOP-C332RF6,Negotiate,5,LogOn,Success
2026-04-25T11:33:02.858Z,DESKTOP-C332RF6$,SYSTEM,DESKTOP-C332RF6,Negotiate,5,LogOn,Success
2026-04-25T11:34:42.067Z,DESKTOP-C332RF6$,SYSTEM,DESKTOP-C332RF6,Negotiate,5,LogOn,Success
2026-04-25T11:47:54.167Z,DESKTOP-C332RF6$,SYSTEM,DESKTOP-C332RF6,Negotiate,5,LogOn,Success
2026-04-25T11:47:55.314Z,DESKTOP-C332RF6$,SYSTEM,DESKTOP-C332RF6,Negotiate,5,LogOn,Success
2026-04-25T12:03:02.526Z,DESKTOP-C332RF6$,SYSTEM,DESKTOP-C332RF6,Negotiate,5,LogOn,Success
2026-04-25T12:03:02.588Z,DESKTOP-C332RF6$,SYSTEM,DESKTOP-C332RF6,Negotiate,5,LogOn,Success
2026-04-25T12:03:02.866Z,DESKTOP-C332RF6$,SYSTEM,DESKTOP-C332RF6,Negotiate,5,LogOn,Success
2026-04-25T12:04:42.140Z,DESKTOP-C332RF6$,SYSTEM,DESKTOP-C332RF6,Negotiate,5,LogOn,Success
2026-04-25T12:33:02.543Z,DESKTOP-C332RF6$,SYSTEM,DESKTOP-C332RF6,Negotiate,5,LogOn,Success
2026-04-25T12:33:02.606Z,DESKTOP-C332RF6$,SYSTEM,DESKTOP-C332RF6,Negotiate,5,LogOn,Success
2026-04-25T12:33:03.000Z,DESKTOP-C332RF6$,SYSTEM,DESKTOP-C332RF6,Negotiate,5,LogOn,Success
2026-04-25T12:49:42.231Z,DESKTOP-C332RF6$,SYSTEM,DESKTOP-C332RF6,Negotiate,5,LogOn,Success
2026-04-25T12:53:24.448Z,DESKTOP-C332RF6$,SYSTEM,DESKTOP-C332RF6,Negotiate,5,LogOn,Success
2026-04-25T12:53:24.490Z,DESKTOP-C332RF6$,SYSTEM,DESKTOP-C332RF6,Negotiate,5,LogOn,Success
2026-04-25T13:06:45.412Z,DESKTOP-C332RF6$,SYSTEM,DESKTOP-C332RF6,Negotiate,5,LogOn,Success
2026-04-25T13:26:25.572Z,DESKTOP-C332RF6$,SYSTEM,DESKTOP-C332RF6,Negotiate,5,LogOn,Success
2026-04-25T13:34:42.315Z,DESKTOP-C332RF6$,SYSTEM,DESKTOP-C332RF6,Negotiate,5,LogOn,Success
2026-04-25T13:38:40.262Z,DESKTOP-C332RF6$,SYSTEM,DESKTOP-C332RF6,Negotiate,5,LogOn,Success
2026-04-25T13:38:58.811Z,DESKTOP-C332RF6$,SYSTEM,DESKTOP-C332RF6,Negotiate,5,LogOn,Success
2026-04-25T13:51:02.756Z,DESKTOP-C332RF6$,SYSTEM,DESKTOP-C332RF6,Negotiate,5,LogOn,Success
2026-04-25T13:56:27.283Z,DESKTOP-C332RF6$,SYSTEM,DESKTOP-C332RF6,Negotiate,5,LogOn,Success
2026-04-25T14:00:38.289Z,DESKTOP-C332RF6$,SYSTEM,DESKTOP-C332RF6,Negotiate,5,LogOn,Success
2026-04-25T14:04:12.343Z,DESKTOP-C332RF6$,SYSTEM,DESKTOP-C332RF6,Negotiate,5,LogOn,Success
2026-04-25T14:15:44.188Z,DESKTOP-C332RF6$,SYSTEM,DESKTOP-C332RF6,Negotiate,5,LogOn,Success
2026-04-25T14:26:28.284Z,DESKTOP-C332RF6$,SYSTEM,DESKTOP-C332RF6,Negotiate,5,LogOn,Success
2026-04-25T14:30:44.275Z,DESKTOP-C332RF6$,SYSTEM,DESKTOP-C332RF6,Negotiate,5,LogOn,Success
2026-04-25T14:34:41.514Z,DESKTOP-C332RF6$,SYSTEM,DESKTOP-C332RF6,Negotiate,5,LogOn,Success
2026-04-25T14:37:38.901Z,DESKTOP-C332RF6$,SYSTEM,DESKTOP-C332RF6,Negotiate,5,LogOn,Success
2026-04-25T14:39:51.750Z,DESKTOP-C332RF6$,SYSTEM,DESKTOP-C332RF6,Negotiate,5,LogOn,Success
2026-04-25T14:40:26.848Z,DESKTOP-C332RF6$,SYSTEM,DESKTOP-C332RF6,Negotiate,5,LogOn,Success
2026-04-25T14:45:44.348Z,DESKTOP-C332RF6$,SYSTEM,DESKTOP-C332RF6,Negotiate,5,LogOn,Success
2026-04-25T14:47:15.645Z,DESKTOP-C332RF6$,SYSTEM,DESKTOP-C332RF6,Negotiate,5,LogOn,Success
2026-04-25T14:47:17.314Z,DESKTOP-C332RF6$,SYSTEM,DESKTOP-C332RF6,Negotiate,5,LogOn,Success
2026-04-25T14:56:41.692Z,DESKTOP-C332RF6$,SYSTEM,DESKTOP-C332RF6,Negotiate,5,LogOn,Success
2026-04-25T15:04:42.444Z,DESKTOP-C332RF6$,SYSTEM,DESKTOP-C332RF6,Negotiate,5,LogOn,Success
2026-04-25T15:06:45.695Z,DESKTOP-C332RF6$,SYSTEM,DESKTOP-C332RF6,Negotiate,5,LogOn,Success
2026-04-25T15:12:39.662Z,DESKTOP-C332RF6$,SYSTEM,DESKTOP-C332RF6,Negotiate,5,LogOn,Success
2026-04-25T15:19:05.769Z,DESKTOP-C332RF6$,SYSTEM,DESKTOP-C332RF6,Negotiate,5,LogOn,Success
2026-04-25T15:19:05.959Z,DESKTOP-C332RF6$,SYSTEM,DESKTOP-C332RF6,Negotiate,5,LogOn,Success
2026-04-25T15:19:42.514Z,DESKTOP-C332RF6$,SYSTEM,DESKTOP-C332RF6,Negotiate,5,LogOn,Success
2026-04-25T15:21:12.792Z,DESKTOP-C332RF6$,SYSTEM,DESKTOP-C332RF6,Negotiate,5,LogOn,Success
2026-04-25T15:21:12.792Z,DESKTOP-C332RF6$,SYSTEM,DESKTOP-C332RF6,Negotiate,5,LogOn,Success
2026-04-25T15:26:19.305Z,DESKTOP-C332RF6$,SYSTEM,DESKTOP-C332RF6,Negotiate,5,LogOn,Success
2026-04-25T15:31:03.536Z,DESKTOP-C332RF6$,SYSTEM,DESKTOP-C332RF6,Negotiate,5,LogOn,Success
2026-04-25T15:31:05.811Z,DESKTOP-C332RF6$,SYSTEM,DESKTOP-C332RF6,Negotiate,5,LogOn,Success
2026-04-25T15:48:37.020Z,DESKTOP-C332RF6$,SYSTEM,DESKTOP-C332RF6,Negotiate,5,LogOn,Success
2026-04-25T15:48:37.268Z,DESKTOP-C332RF6$,SYSTEM,DESKTOP-C332RF6,Negotiate,5,LogOn,Success
2026-04-25T15:49:42.592Z,DESKTOP-C332RF6$,SYSTEM,DESKTOP-C332RF6,Negotiate,5,LogOn,Success
2026-04-25T15:58:52.617Z,DESKTOP-C332RF6$,SYSTEM,DESKTOP-C332RF6,Negotiate,5,LogOn,Success
2026-04-25T15:59:36.279Z,DESKTOP-C332RF6$,SYSTEM,DESKTOP-C332RF6,Negotiate,5,LogOn,Success
2026-04-25T16:06:45.728Z,DESKTOP-C332RF6$,SYSTEM,DESKTOP-C332RF6,Negotiate,5,LogOn,Success
2026-04-25T16:16:57.834Z,DESKTOP-C332RF6$,SYSTEM,DESKTOP-C332RF6,Negotiate,5,LogOn,Success
2026-04-25T16:17:43.901Z,DESKTOP-C332RF6$,SYSTEM,DESKTOP-C332RF6,Negotiate,5,LogOn,Success
2026-04-25T16:40:49.934Z,DESKTOP-C332RF6$,SYSTEM,DESKTOP-C332RF6,Negotiate,5,LogOn,Success
2026-04-25T16:40:49.950Z,DESKTOP-C332RF6$,SYSTEM,DESKTOP-C332RF6,Negotiate,5,LogOn,Success
2026-04-25T16:40:54.545Z,DESKTOP-C332RF6$,SYSTEM,DESKTOP-C332RF6,Negotiate,5,LogOn,Success
2026-04-25T16:40:54.545Z,DESKTOP-C332RF6$,SYSTEM,DESKTOP-C332RF6,Negotiate,5,LogOn,Success
2026-04-25T16:40:58.062Z,DESKTOP-C332RF6$,PC,DESKTOP-C332RF6,Negotiate,2,LogOn,Success
2026-04-25T16:40:58.062Z,DESKTOP-C332RF6$,PC,DESKTOP-C332RF6,Negotiate,2,LogOn,Success
2026-04-25T16:40:58.063Z,,PC,DESKTOP-C332RF6,,2,LogOff,LogOff
2026-04-25T16:40:58.063Z,,PC,DESKTOP-C332RF6,,2,LogOff,LogOff
2026-04-25T16:50:12.790Z,DESKTOP-C332RF6$,SYSTEM,DESKTOP-C332RF6,Negotiate,5,LogOn,Success
2026-04-25T16:50:13.457Z,DESKTOP-C332RF6$,SYSTEM,DESKTOP-C332RF6,Negotiate,5,LogOn,Success
2026-04-25T16:55:51.861Z,DESKTOP-C332RF6$,SYSTEM,DESKTOP-C332RF6,Negotiate,5,LogOn,Success
2026-04-25T16:57:43.035Z,DESKTOP-C332RF6$,SYSTEM,DESKTOP-C332RF6,Negotiate,5,LogOn,Success
2026-04-25T16:57:43.706Z,DESKTOP-C332RF6$,SYSTEM,DESKTOP-C332RF6,Negotiate,5,LogOn,Success
2026-04-25T17:10:51.926Z,DESKTOP-C332RF6$,SYSTEM,DESKTOP-C332RF6,Negotiate,5,LogOn,Success
2026-04-25T17:14:34.147Z,DESKTOP-C332RF6$,SYSTEM,DESKTOP-C332RF6,Negotiate,5,LogOn,Success
2026-04-25T17:15:35.820Z,DESKTOP-C332RF6$,SYSTEM,DESKTOP-C332RF6,Negotiate,5,LogOn,Success
2026-04-25T17:15:36.504Z,DESKTOP-C332RF6$,SYSTEM,DESKTOP-C332RF6,Negotiate,5,LogOn,Success
2026-04-25T17:15:48.977Z,DESKTOP-C332RF6$,UMFD-9,DESKTOP-C332RF6,Negotiate,2,LogOn,Success
2026-04-25T17:15:49.058Z,DESKTOP-C332RF6$,DWM-9,DESKTOP-C332RF6,Negotiate,2,LogOn,Success
2026-04-25T17:15:49.058Z,DESKTOP-C332RF6$,DWM-9,DESKTOP-C332RF6,Negotiate,2,LogOn,Success
2026-04-25T17:15:49.397Z,DESKTOP-C332RF6$,SYSTEM,DESKTOP-C332RF6,Negotiate,5,LogOn,Success
2026-04-25T17:15:54.556Z,,UMFD-8,DESKTOP-C332RF6,,2,LogOff,LogOff
2026-04-25T17:15:56.952Z,,DWM-8,DESKTOP-C332RF6,,2,LogOff,LogOff
2026-04-25T17:15:56.952Z,,DWM-8,DESKTOP-C332RF6,,2,LogOff,LogOff
2026-04-25T17:15:57.335Z,DESKTOP-C332RF6$,SYSTEM,DESKTOP-C332RF6,Negotiate,5,LogOn,Success
2026-04-26T10:58:50.637Z,DESKTOP-C332RF6$,SYSTEM,DESKTOP-C332RF6,Negotiate,5,LogOn,Success
2026-04-26T10:58:53.460Z,DESKTOP-C332RF6$,PC,DESKTOP-C332RF6,Negotiate,2,LogOn,Success
2026-04-26T10:58:53.460Z,DESKTOP-C332RF6$,PC,DESKTOP-C332RF6,Negotiate,2,LogOn,Success
2026-04-26T10:58:57.754Z,DESKTOP-C332RF6$,SYSTEM,DESKTOP-C332RF6,Negotiate,5,LogOn,Success
2026-04-26T10:59:04.425Z,DESKTOP-C332RF6$,SYSTEM,DESKTOP-C332RF6,Negotiate,5,LogOn,Success
2026-04-26T10:59:15.966Z,DESKTOP-C332RF6$,SYSTEM,DESKTOP-C332RF6,Negotiate,5,LogOn,Success
2026-04-26T11:00:45.902Z,DESKTOP-C332RF6$,SYSTEM,DESKTOP-C332RF6,Negotiate,5,LogOn,Success
2026-04-26T11:04:03.425Z,DESKTOP-C332RF6$,SYSTEM,DESKTOP-C332RF6,Negotiate,5,LogOn,Success
2026-04-26T11:04:13.959Z,DESKTOP-C332RF6$,SYSTEM,DESKTOP-C332RF6,Negotiate,5,LogOn,Success
2026-04-26T11:04:48.607Z,DESKTOP-C332RF6$,SYSTEM,DESKTOP-C332RF6,Negotiate,5,LogOn,Success
2026-04-26T11:04:49.318Z,DESKTOP-C332RF6$,SYSTEM,DESKTOP-C332RF6,Negotiate,5,LogOn,Success
2026-04-26T11:04:49.363Z,DESKTOP-C332RF6$,SYSTEM,DESKTOP-C332RF6,Negotiate,5,LogOn,Success
2026-04-26T11:08:13.404Z,DESKTOP-C332RF6$,SYSTEM,DESKTOP-C332RF6,Negotiate,5,LogOn,Success
2026-04-26T11:13:58.939Z,DESKTOP-C332RF6$,SYSTEM,DESKTOP-C332RF6,Negotiate,5,LogOn,Success
2026-04-26T11:14:12.305Z,DESKTOP-C332RF6$,SYSTEM,DESKTOP-C332RF6,Negotiate,5,LogOn,Success
2026-04-26T11:17:02.432Z,DESKTOP-C332RF6$,SYSTEM,DESKTOP-C332RF6,Negotiate,5,LogOn,Success
2026-04-26T11:24:55.836Z,DESKTOP-C332RF6$,SYSTEM,DESKTOP-C332RF6,Negotiate,5,LogOn,Success
2026-04-26T11:28:29.931Z,DESKTOP-C332RF6$,SYSTEM,DESKTOP-C332RF6,Negotiate,5,LogOn,Success
2026-04-26T11:29:59.790Z,DESKTOP-C332RF6$,SYSTEM,DESKTOP-C332RF6,Negotiate,5,LogOn,Success
2026-04-26T11:44:06.244Z,DESKTOP-C332RF6$,SYSTEM,DESKTOP-C332RF6,Negotiate,5,LogOn,Success
2026-04-26T11:45:11.158Z,DESKTOP-C332RF6$,SYSTEM,DESKTOP-C332RF6,Negotiate,5,LogOn,Success
2026-04-26T11:46:26.998Z,DESKTOP-C332RF6$,SYSTEM,DESKTOP-C332RF6,Negotiate,5,LogOn,Success
2026-04-26T11:59:20.241Z,DESKTOP-C332RF6$,SYSTEM,DESKTOP-C332RF6,Negotiate,5,LogOn,Success
2026-04-26T12:14:06.325Z,DESKTOP-C332RF6$,SYSTEM,DESKTOP-C332RF6,Negotiate,5,LogOn,Success
2026-04-26T12:26:44.229Z,DESKTOP-C332RF6$,SYSTEM,DESKTOP-C332RF6,Negotiate,5,LogOn,Success
2026-04-26T13:05:11.499Z,DESKTOP-C332RF6$,SYSTEM,DESKTOP-C332RF6,Negotiate,5,LogOn,Success
2026-04-26T13:05:12.238Z,DESKTOP-C332RF6$,SYSTEM,DESKTOP-C332RF6,Negotiate,5,LogOn,Success
2026-04-26T13:05:19.639Z,DESKTOP-C332RF6$,SYSTEM,DESKTOP-C332RF6,Negotiate,5,LogOn,Success
2026-04-26T13:19:39.912Z,DESKTOP-C332RF6$,SYSTEM,DESKTOP-C332RF6,Negotiate,5,LogOn,Success
2026-04-26T13:19:40.034Z,DESKTOP-C332RF6$,SYSTEM,DESKTOP-C332RF6,Negotiate,5,LogOn,Success
2026-04-26T13:19:40.819Z,DESKTOP-C332RF6$,PC,DESKTOP-C332RF6,Negotiate,2,LogOn,Success
2026-04-26T13:19:40.819Z,DESKTOP-C332RF6$,PC,DESKTOP-C332RF6,Negotiate,2,LogOn,Success
2026-04-26T13:19:40.819Z,,PC,DESKTOP-C332RF6,,2,LogOff,LogOff
2026-04-26T13:19:40.821Z,,PC,DESKTOP-C332RF6,,2,LogOff,LogOff
2026-04-26T13:20:31.234Z,DESKTOP-C332RF6$,SYSTEM,DESKTOP-C332RF6,Negotiate,5,LogOn,Success
2026-04-26T13:21:16.386Z,DESKTOP-C332RF6$,SYSTEM,DESKTOP-C332RF6,Negotiate,5,LogOn,Success
2026-04-26T13:29:38.252Z,DESKTOP-C332RF6$,SYSTEM,DESKTOP-C332RF6,Negotiate,5,LogOn,Success
2026-04-26T13:30:19.380Z,DESKTOP-C332RF6$,SYSTEM,DESKTOP-C332RF6,Negotiate,5,LogOn,Success
2026-04-26T13:34:37.125Z,DESKTOP-C332RF6$,SYSTEM,DESKTOP-C332RF6,Negotiate,5,LogOn,Success
2026-04-26T13:34:37.127Z,DESKTOP-C332RF6$,SYSTEM,DESKTOP-C332RF6,Negotiate,5,LogOn,Success
2026-04-26T13:34:39.583Z,DESKTOP-C332RF6$,SYSTEM,DESKTOP-C332RF6,Negotiate,5,LogOn,Success
2026-04-26T13:43:45.990Z,DESKTOP-C332RF6$,SYSTEM,DESKTOP-C332RF6,Negotiate,5,LogOn,Success
2026-04-26T13:47:44.271Z,DESKTOP-C332RF6$,SYSTEM,DESKTOP-C332RF6,Negotiate,5,LogOn,Success
2026-04-26T13:47:45.431Z,DESKTOP-C332RF6$,SYSTEM,DESKTOP-C332RF6,Negotiate,5,LogOn,Success
2026-04-26T13:57:06.949Z,DESKTOP-C332RF6$,SYSTEM,DESKTOP-C332RF6,Negotiate,5,LogOn,Success
2026-04-26T14:05:02.598Z,DESKTOP-C332RF6$,SYSTEM,DESKTOP-C332RF6,Negotiate,5,LogOn,Success
2026-04-26T14:12:32.394Z,DESKTOP-C332RF6$,SYSTEM,DESKTOP-C332RF6,Negotiate,5,LogOn,Success
2026-04-26T14:12:42.997Z,DESKTOP-C332RF6$,SYSTEM,DESKTOP-C332RF6,Negotiate,5,LogOn,Success
2026-04-26T14:19:45.301Z,DESKTOP-C332RF6$,SYSTEM,DESKTOP-C332RF6,Negotiate,5,LogOn,Success
2026-04-26T14:19:45.893Z,DESKTOP-C332RF6$,SYSTEM,DESKTOP-C332RF6,Negotiate,5,LogOn,Success
2026-04-26T14:27:32.833Z,DESKTOP-C332RF6$,SYSTEM,DESKTOP-C332RF6,Negotiate,5,LogOn,Success
2026-04-26T14:29:52.840Z,DESKTOP-C332RF6$,SYSTEM,DESKTOP-C332RF6,Negotiate,5,LogOn,Success
2026-04-26T14:49:27.755Z,DESKTOP-C332RF6$,SYSTEM,DESKTOP-C332RF6,Negotiate,5,LogOn,Success
2026-04-26T14:49:40.694Z,DESKTOP-C332RF6$,SYSTEM,DESKTOP-C332RF6,Negotiate,5,LogOn,Success
2026-04-26T14:57:32.934Z,DESKTOP-C332RF6$,SYSTEM,DESKTOP-C332RF6,Negotiate,5,LogOn,Success
2026-04-26T15:01:17.360Z,DESKTOP-C332RF6$,SYSTEM,DESKTOP-C332RF6,Negotiate,5,LogOn,Success
2026-04-26T15:01:18.076Z,DESKTOP-C332RF6$,SYSTEM,DESKTOP-C332RF6,Negotiate,5,LogOn,Success
2026-04-26T15:08:14.354Z,DESKTOP-C332RF6$,SYSTEM,DESKTOP-C332RF6,Negotiate,5,LogOn,Success
2026-04-26T15:08:16.456Z,DESKTOP-C332RF6$,SYSTEM,DESKTOP-C332RF6,Negotiate,5,LogOn,Success
2026-04-26T15:17:02.439Z,DESKTOP-C332RF6$,SYSTEM,DESKTOP-C332RF6,Negotiate,5,LogOn,Success
2026-04-26T15:26:04.741Z,DESKTOP-C332RF6$,UMFD-10,DESKTOP-C332RF6,Negotiate,2,LogOn,Success
2026-04-26T15:26:04.808Z,DESKTOP-C332RF6$,DWM-10,DESKTOP-C332RF6,Negotiate,2,LogOn,Success
2026-04-26T15:26:04.808Z,DESKTOP-C332RF6$,DWM-10,DESKTOP-C332RF6,Negotiate,2,LogOn,Success
2026-04-26T15:26:04.908Z,DESKTOP-C332RF6$,SYSTEM,DESKTOP-C332RF6,Negotiate,5,LogOn,Success
2026-04-26T15:26:10.670Z,,UMFD-9,DESKTOP-C332RF6,,2,LogOff,LogOff
2026-04-26T15:26:11.349Z,DESKTOP-C332RF6$,SYSTEM,DESKTOP-C332RF6,Negotiate,5,LogOn,Success
2026-04-26T15:26:12.220Z,,DWM-9,DESKTOP-C332RF6,,2,LogOff,LogOff
2026-04-26T15:26:12.221Z,,DWM-9,DESKTOP-C332RF6,,2,LogOff,LogOff
2026-04-26T15:26:12.823Z,DESKTOP-C332RF6$,SYSTEM,DESKTOP-C332RF6,Negotiate,5,LogOn,Success
2026-04-27T07:44:39.796Z,DESKTOP-C332RF6$,PC,DESKTOP-C332RF6,Negotiate,2,LogOn,Success
2026-04-27T07:44:39.796Z,DESKTOP-C332RF6$,PC,DESKTOP-C332RF6,Negotiate,2,LogOn,Success
2026-04-27T07:44:43.654Z,DESKTOP-C332RF6$,SYSTEM,DESKTOP-C332RF6,Negotiate,5,LogOn,Success
2026-04-27T07:44:44.270Z,DESKTOP-C332RF6$,SYSTEM,DESKTOP-C332RF6,Negotiate,5,LogOn,Success
2026-04-27T07:44:51.010Z,DESKTOP-C332RF6$,SYSTEM,DESKTOP-C332RF6,Negotiate,5,LogOn,Success
2026-04-27T07:46:25.704Z,DESKTOP-C332RF6$,SYSTEM,DESKTOP-C332RF6,Negotiate,5,LogOn,Success
2026-04-27T07:50:33.298Z,DESKTOP-C332RF6$,SYSTEM,DESKTOP-C332RF6,Negotiate,5,LogOn,Success
2026-04-27T07:50:35.355Z,DESKTOP-C332RF6$,SYSTEM,DESKTOP-C332RF6,Negotiate,5,LogOn,Success
2026-04-27T07:50:35.417Z,DESKTOP-C332RF6$,SYSTEM,DESKTOP-C332RF6,Negotiate,5,LogOn,Success
2026-04-27T07:51:14.752Z,DESKTOP-C332RF6$,SYSTEM,DESKTOP-C332RF6,Negotiate,5,LogOn,Success
2026-04-27T07:51:19.166Z,DESKTOP-C332RF6$,SYSTEM,DESKTOP-C332RF6,Negotiate,5,LogOn,Success
2026-04-27T07:53:20.475Z,DESKTOP-C332RF6$,SYSTEM,DESKTOP-C332RF6,Negotiate,5,LogOn,Success
2026-04-27T07:53:20.936Z,DESKTOP-C332RF6$,SYSTEM,DESKTOP-C332RF6,Negotiate,5,LogOn,Success
2026-04-27T08:00:41.270Z,DESKTOP-C332RF6$,SYSTEM,DESKTOP-C332RF6,Negotiate,5,LogOn,Success
2026-04-27T08:00:48.106Z,DESKTOP-C332RF6$,SYSTEM,DESKTOP-C332RF6,Negotiate,5,LogOn,Success
2026-04-27T08:11:04.318Z,DESKTOP-C332RF6$,SYSTEM,DESKTOP-C332RF6,Negotiate,5,LogOn,Success
2026-04-27T08:11:08.663Z,DESKTOP-C332RF6$,SYSTEM,DESKTOP-C332RF6,Negotiate,5,LogOn,Success
2026-04-27T08:13:09.738Z,DESKTOP-C332RF6$,SYSTEM,DESKTOP-C332RF6,Negotiate,5,LogOn,Success
2026-04-27T08:13:10.175Z,DESKTOP-C332RF6$,SYSTEM,DESKTOP-C332RF6,Negotiate,5,LogOn,Success
2026-04-27T08:14:46.844Z,DESKTOP-C332RF6$,SYSTEM,DESKTOP-C332RF6,Negotiate,5,LogOn,Success
2026-04-27T08:22:27.705Z,DESKTOP-C332RF6$,SYSTEM,DESKTOP-C332RF6,Negotiate,5,LogOn,Success
2026-04-27T08:30:01.402Z,DESKTOP-C332RF6$,SYSTEM,DESKTOP-C332RF6,Negotiate,5,LogOn,Success
2026-04-27T08:31:04.308Z,DESKTOP-C332RF6$,SYSTEM,DESKTOP-C332RF6,Negotiate,5,LogOn,Success
2026-04-27T08:31:08.618Z,DESKTOP-C332RF6$,SYSTEM,DESKTOP-C332RF6,Negotiate,5,LogOn,Success
2026-04-27T08:33:09.662Z,DESKTOP-C332RF6$,SYSTEM,DESKTOP-C332RF6,Negotiate,5,LogOn,Success
2026-04-27T08:33:10.094Z,DESKTOP-C332RF6$,SYSTEM,DESKTOP-C332RF6,Negotiate,5,LogOn,Success
2026-04-27T08:44:46.929Z,DESKTOP-C332RF6$,SYSTEM,DESKTOP-C332RF6,Negotiate,5,LogOn,Success
2026-04-27T08:47:16.581Z,DESKTOP-C332RF6$,SYSTEM,DESKTOP-C332RF6,Negotiate,5,LogOn,Success
2026-04-27T08:47:18.494Z,DESKTOP-C332RF6$,SYSTEM,DESKTOP-C332RF6,Negotiate,5,LogOn,Success
2026-04-27T08:51:05.456Z,DESKTOP-C332RF6$,SYSTEM,DESKTOP-C332RF6,Negotiate,5,LogOn,Success
2026-04-27T08:51:09.774Z,DESKTOP-C332RF6$,SYSTEM,DESKTOP-C332RF6,Negotiate,5,LogOn,Success
2026-04-27T08:53:10.834Z,DESKTOP-C332RF6$,SYSTEM,DESKTOP-C332RF6,Negotiate,5,LogOn,Success
2026-04-27T08:53:11.209Z,DESKTOP-C332RF6$,SYSTEM,DESKTOP-C332RF6,Negotiate,5,LogOn,Success
2026-04-27T08:57:00.597Z,DESKTOP-C332RF6$,SYSTEM,DESKTOP-C332RF6,Negotiate,5,LogOn,Success
2026-04-27T09:06:12.819Z,DESKTOP-C332RF6$,SYSTEM,DESKTOP-C332RF6,Negotiate,5,LogOn,Success
2026-04-27T09:23:15.344Z,DESKTOP-C332RF6$,SYSTEM,DESKTOP-C332RF6,Negotiate,5,LogOn,Success
2026-04-27T09:23:24.039Z,DESKTOP-C332RF6$,PC,DESKTOP-C332RF6,Negotiate,2,LogOn,Success
2026-04-27T09:23:24.039Z,DESKTOP-C332RF6$,PC,DESKTOP-C332RF6,Negotiate,2,LogOn,Success
2026-04-27T09:23:24.040Z,,PC,DESKTOP-C332RF6,,2,LogOff,LogOff
2026-04-27T09:23:24.040Z,,PC,DESKTOP-C332RF6,,2,LogOff,LogOff
2026-04-27T09:23:30.558Z,DESKTOP-C332RF6$,SYSTEM,DESKTOP-C332RF6,Negotiate,5,LogOn,Success
2026-04-27T09:23:31.812Z,DESKTOP-C332RF6$,SYSTEM,DESKTOP-C332RF6,Negotiate,5,LogOn,Success
2026-04-27T09:25:31.573Z,DESKTOP-C332RF6$,SYSTEM,DESKTOP-C332RF6,Negotiate,5,LogOn,Success
2026-04-27T09:25:31.791Z,DESKTOP-C332RF6$,SYSTEM,DESKTOP-C332RF6,Negotiate,5,LogOn,Success
